change_id,commit,status,old_path,path,additions,deletions,training_eligibility
CWTV-GITCHG-000001,56c4ffd711615d94a50d213387a74ce5acd36d09,A,,.editorconfig,18,0,TRAINING_ELIGIBLE
CWTV-GITCHG-000002,56c4ffd711615d94a50d213387a74ce5acd36d09,A,,.env.example,19,0,TRAINING_ELIGIBLE
CWTV-GITCHG-000003,56c4ffd711615d94a50d213387a74ce5acd36d09,A,,.gitattributes,19,0,TRAINING_ELIGIBLE
CWTV-GITCHG-000004,56c4ffd711615d94a50d213387a74ce5acd36d09,A,,.gitignore,83,0,TRAINING_ELIGIBLE
CWTV-GITCHG-000005,56c4ffd711615d94a50d213387a74ce5acd36d09,A,,README.md,86,0,TRAINING_ELIGIBLE
CWTV-GITCHG-000006,56c4ffd711615d94a50d213387a74ce5acd36d09,A,,docs/blueprints/CineWatch_Tv_V1_Blueprint_001.md,1477,0,TRAINING_ELIGIBLE
CWTV-GITCHG-000007,56c4ffd711615d94a50d213387a74ce5acd36d09,A,,docs/blueprints/CineWatch_Tv_V1_Blueprint_001.pdf,,,REFERENCE_ONLY
CWTV-GITCHG-000008,56c4ffd711615d94a50d213387a74ce5acd36d09,A,,docs/governance/CineWatch_TV_V1_API_Content_Rights_Qualification_Register_001.md,452,0,TRAINING_REVIEW_REQUIRED
CWTV-GITCHG-000009,fd6e8855b4ddd80feba561bfb22c47380a618f85,A,,docs/architecture/CineWatch_TV_V1_Engineering_Architecture_Selection_001.md,377,0,TRAINING_ELIGIBLE
CWTV-GITCHG-000010,d050344387a963e0c3336a010fcef1ab7644eadd,M,,.editorconfig,1,1,TRAINING_ELIGIBLE
CWTV-GITCHG-000011,d050344387a963e0c3336a010fcef1ab7644eadd,A,,.npmrc,4,0,TRAINING_ELIGIBLE
CWTV-GITCHG-000012,d050344387a963e0c3336a010fcef1ab7644eadd,A,,.nvmrc,1,0,TRAINING_ELIGIBLE
CWTV-GITCHG-000013,d050344387a963e0c3336a010fcef1ab7644eadd,A,,.python-version,1,0,TRAINING_ELIGIBLE
CWTV-GITCHG-000014,d050344387a963e0c3336a010fcef1ab7644eadd,M,,README.md,36,19,TRAINING_ELIGIBLE
CWTV-GITCHG-000015,d050344387a963e0c3336a010fcef1ab7644eadd,A,,apps/web/README.md,7,0,TRAINING_ELIGIBLE
CWTV-GITCHG-000016,d050344387a963e0c3336a010fcef1ab7644eadd,A,,apps/web/package.json,12,0,TRAINING_ELIGIBLE
CWTV-GITCHG-000017,d050344387a963e0c3336a010fcef1ab7644eadd,A,,docs/architecture/CineWatch_TV_V1_Repository_Tree_and_Toolchain_Foundation_001.md,182,0,TRAINING_ELIGIBLE
CWTV-GITCHG-000018,d050344387a963e0c3336a010fcef1ab7644eadd,A,,docs/architecture/decisions/CWTV_ADR_0001_Repository_Service_Boundary_Naming.md,44,0,TRAINING_ELIGIBLE
CWTV-GITCHG-000019,d050344387a963e0c3336a010fcef1ab7644eadd,A,,package-lock.json,47,0,REFERENCE_ONLY
CWTV-GITCHG-000020,d050344387a963e0c3336a010fcef1ab7644eadd,A,,package.json,22,0,TRAINING_ELIGIBLE
CWTV-GITCHG-000021,d050344387a963e0c3336a010fcef1ab7644eadd,A,,packages/contracts/README.md,7,0,TRAINING_ELIGIBLE
CWTV-GITCHG-000022,d050344387a963e0c3336a010fcef1ab7644eadd,A,,packages/contracts/package.json,12,0,TRAINING_ELIGIBLE
CWTV-GITCHG-000023,d050344387a963e0c3336a010fcef1ab7644eadd,A,,scripts/README.md,5,0,TRAINING_ELIGIBLE
CWTV-GITCHG-000024,d050344387a963e0c3336a010fcef1ab7644eadd,A,,scripts/check_repository_tree.py,116,0,TRAINING_ELIGIBLE
CWTV-GITCHG-000025,d050344387a963e0c3336a010fcef1ab7644eadd,A,,scripts/check_runtime.sh,47,0,TRAINING_ELIGIBLE
CWTV-GITCHG-000026,d050344387a963e0c3336a010fcef1ab7644eadd,A,,services/api/README.md,7,0,TRAINING_ELIGIBLE
CWTV-GITCHG-000027,d050344387a963e0c3336a010fcef1ab7644eadd,A,,services/api/pyproject.toml,17,0,TRAINING_ELIGIBLE
CWTV-GITCHG-000028,d050344387a963e0c3336a010fcef1ab7644eadd,A,,tests/README.md,5,0,TRAINING_ELIGIBLE
CWTV-GITCHG-000029,d050344387a963e0c3336a010fcef1ab7644eadd,A,,tests/repository/test_repository_tree.py,22,0,TRAINING_ELIGIBLE
CWTV-GITCHG-000030,c0324fc80fedca08a7a0fa41cb9adef7e7575869,M,,.env.example,7,5,TRAINING_ELIGIBLE
CWTV-GITCHG-000031,c0324fc80fedca08a7a0fa41cb9adef7e7575869,A,,docs/architecture/CineWatch_TV_V1_Backend_Service_Skeleton_001.md,87,0,TRAINING_ELIGIBLE
CWTV-GITCHG-000032,c0324fc80fedca08a7a0fa41cb9adef7e7575869,A,,docs/architecture/decisions/CWTV_ADR_0002_Backend_System_Endpoints_and_Request_Identity.md,22,0,TRAINING_ELIGIBLE
CWTV-GITCHG-000033,c0324fc80fedca08a7a0fa41cb9adef7e7575869,M,,scripts/README.md,5,0,TRAINING_ELIGIBLE
CWTV-GITCHG-000034,c0324fc80fedca08a7a0fa41cb9adef7e7575869,A,,scripts/check_backend_runtime.sh,94,0,TRAINING_ELIGIBLE
CWTV-GITCHG-000035,c0324fc80fedca08a7a0fa41cb9adef7e7575869,A,,scripts/check_backend_skeleton.py,84,0,TRAINING_ELIGIBLE
CWTV-GITCHG-000036,c0324fc80fedca08a7a0fa41cb9adef7e7575869,M,,services/api/README.md,33,4,TRAINING_ELIGIBLE
CWTV-GITCHG-000037,c0324fc80fedca08a7a0fa41cb9adef7e7575869,A,,services/api/cinewatch_api/__init__.py,5,0,TRAINING_ELIGIBLE
CWTV-GITCHG-000038,c0324fc80fedca08a7a0fa41cb9adef7e7575869,A,,services/api/cinewatch_api/api/__init__.py,1,0,TRAINING_ELIGIBLE
CWTV-GITCHG-000039,c0324fc80fedca08a7a0fa41cb9adef7e7575869,A,,services/api/cinewatch_api/api/system.py,18,0,TRAINING_ELIGIBLE
CWTV-GITCHG-000040,c0324fc80fedca08a7a0fa41cb9adef7e7575869,A,,services/api/cinewatch_api/api/system_state.py,27,0,TRAINING_ELIGIBLE
CWTV-GITCHG-000041,c0324fc80fedca08a7a0fa41cb9adef7e7575869,A,,services/api/cinewatch_api/api/v1/__init__.py,1,0,TRAINING_ELIGIBLE
CWTV-GITCHG-000042,c0324fc80fedca08a7a0fa41cb9adef7e7575869,A,,services/api/cinewatch_api/api/v1/router.py,8,0,TRAINING_ELIGIBLE
CWTV-GITCHG-000043,c0324fc80fedca08a7a0fa41cb9adef7e7575869,A,,services/api/cinewatch_api/api/v1/system.py,13,0,TRAINING_ELIGIBLE
CWTV-GITCHG-000044,c0324fc80fedca08a7a0fa41cb9adef7e7575869,A,,services/api/cinewatch_api/application.py,65,0,TRAINING_ELIGIBLE
CWTV-GITCHG-000045,c0324fc80fedca08a7a0fa41cb9adef7e7575869,A,,services/api/cinewatch_api/constants.py,5,0,TRAINING_ELIGIBLE
CWTV-GITCHG-000046,c0324fc80fedca08a7a0fa41cb9adef7e7575869,A,,services/api/cinewatch_api/contracts/__init__.py,1,0,TRAINING_ELIGIBLE
CWTV-GITCHG-000047,c0324fc80fedca08a7a0fa41cb9adef7e7575869,A,,services/api/cinewatch_api/contracts/errors.py,17,0,TRAINING_ELIGIBLE
CWTV-GITCHG-000048,c0324fc80fedca08a7a0fa41cb9adef7e7575869,A,,services/api/cinewatch_api/contracts/system.py,24,0,TRAINING_ELIGIBLE
CWTV-GITCHG-000049,c0324fc80fedca08a7a0fa41cb9adef7e7575869,A,,services/api/cinewatch_api/errors.py,73,0,TRAINING_ELIGIBLE
CWTV-GITCHG-000050,c0324fc80fedca08a7a0fa41cb9adef7e7575869,A,,services/api/cinewatch_api/logging.py,51,0,TRAINING_ELIGIBLE
CWTV-GITCHG-000051,c0324fc80fedca08a7a0fa41cb9adef7e7575869,A,,services/api/cinewatch_api/main.py,5,0,TRAINING_ELIGIBLE
CWTV-GITCHG-000052,c0324fc80fedca08a7a0fa41cb9adef7e7575869,A,,services/api/cinewatch_api/middleware/__init__.py,1,0,TRAINING_ELIGIBLE
CWTV-GITCHG-000053,c0324fc80fedca08a7a0fa41cb9adef7e7575869,A,,services/api/cinewatch_api/middleware/request_id.py,43,0,TRAINING_ELIGIBLE
CWTV-GITCHG-000054,c0324fc80fedca08a7a0fa41cb9adef7e7575869,A,,services/api/cinewatch_api/settings.py,33,0,TRAINING_ELIGIBLE
CWTV-GITCHG-000055,c0324fc80fedca08a7a0fa41cb9adef7e7575869,M,,services/api/pyproject.toml,31,3,TRAINING_ELIGIBLE
CWTV-GITCHG-000056,c0324fc80fedca08a7a0fa41cb9adef7e7575869,A,,services/api/tests/__init__.py,1,0,TRAINING_ELIGIBLE
CWTV-GITCHG-000057,c0324fc80fedca08a7a0fa41cb9adef7e7575869,A,,services/api/tests/conftest.py,23,0,TRAINING_ELIGIBLE
CWTV-GITCHG-000058,c0324fc80fedca08a7a0fa41cb9adef7e7575869,A,,services/api/tests/test_errors.py,53,0,TRAINING_ELIGIBLE
CWTV-GITCHG-000059,c0324fc80fedca08a7a0fa41cb9adef7e7575869,A,,services/api/tests/test_openapi.py,11,0,TRAINING_ELIGIBLE
CWTV-GITCHG-000060,c0324fc80fedca08a7a0fa41cb9adef7e7575869,A,,services/api/tests/test_request_id.py,17,0,TRAINING_ELIGIBLE
CWTV-GITCHG-000061,c0324fc80fedca08a7a0fa41cb9adef7e7575869,A,,services/api/tests/test_settings.py,17,0,TRAINING_ELIGIBLE
CWTV-GITCHG-000062,c0324fc80fedca08a7a0fa41cb9adef7e7575869,A,,services/api/tests/test_system_endpoints.py,26,0,TRAINING_ELIGIBLE
CWTV-GITCHG-000063,c0324fc80fedca08a7a0fa41cb9adef7e7575869,A,,tests/repository/test_backend_skeleton.py,22,0,TRAINING_ELIGIBLE
CWTV-GITCHG-000064,7b6a8392d90fb08be9f522e9a182c723f2719cdd,M,,.env.example,4,0,TRAINING_ELIGIBLE
CWTV-GITCHG-000065,7b6a8392d90fb08be9f522e9a182c723f2719cdd,M,,README.md,2,2,TRAINING_ELIGIBLE
CWTV-GITCHG-000066,7b6a8392d90fb08be9f522e9a182c723f2719cdd,M,,apps/web/README.md,23,4,TRAINING_ELIGIBLE
CWTV-GITCHG-000067,7b6a8392d90fb08be9f522e9a182c723f2719cdd,A,,apps/web/eslint.config.mjs,16,0,TRAINING_ELIGIBLE
CWTV-GITCHG-000068,7b6a8392d90fb08be9f522e9a182c723f2719cdd,A,,apps/web/next-env.d.ts,7,0,REFERENCE_ONLY
CWTV-GITCHG-000069,7b6a8392d90fb08be9f522e9a182c723f2719cdd,A,,apps/web/next.config.ts,8,0,TRAINING_ELIGIBLE
CWTV-GITCHG-000070,7b6a8392d90fb08be9f522e9a182c723f2719cdd,M,,apps/web/package.json,21,1,TRAINING_ELIGIBLE
CWTV-GITCHG-000071,7b6a8392d90fb08be9f522e9a182c723f2719cdd,A,,apps/web/public/brand/.gitkeep,0,0,REFERENCE_ONLY
CWTV-GITCHG-000072,7b6a8392d90fb08be9f522e9a182c723f2719cdd,A,,apps/web/public/icons/.gitkeep,0,0,REFERENCE_ONLY
CWTV-GITCHG-000073,7b6a8392d90fb08be9f522e9a182c723f2719cdd,A,,apps/web/public/seo/.gitkeep,0,0,REFERENCE_ONLY
CWTV-GITCHG-000074,7b6a8392d90fb08be9f522e9a182c723f2719cdd,A,,apps/web/src/app/error.tsx,18,0,TRAINING_ELIGIBLE
CWTV-GITCHG-000075,7b6a8392d90fb08be9f522e9a182c723f2719cdd,A,,apps/web/src/app/global-error.tsx,21,0,TRAINING_ELIGIBLE
CWTV-GITCHG-000076,7b6a8392d90fb08be9f522e9a182c723f2719cdd,A,,apps/web/src/app/globals.css,31,0,TRAINING_ELIGIBLE
CWTV-GITCHG-000077,7b6a8392d90fb08be9f522e9a182c723f2719cdd,A,,apps/web/src/app/layout.tsx,28,0,TRAINING_ELIGIBLE
CWTV-GITCHG-000078,7b6a8392d90fb08be9f522e9a182c723f2719cdd,A,,apps/web/src/app/loading.tsx,7,0,TRAINING_ELIGIBLE
CWTV-GITCHG-000079,7b6a8392d90fb08be9f522e9a182c723f2719cdd,A,,apps/web/src/app/manifest.ts,11,0,TRAINING_ELIGIBLE
CWTV-GITCHG-000080,7b6a8392d90fb08be9f522e9a182c723f2719cdd,A,,apps/web/src/app/not-found.tsx,8,0,TRAINING_ELIGIBLE
CWTV-GITCHG-000081,7b6a8392d90fb08be9f522e9a182c723f2719cdd,A,,apps/web/src/app/page.tsx,12,0,TRAINING_ELIGIBLE
CWTV-GITCHG-000082,7b6a8392d90fb08be9f522e9a182c723f2719cdd,A,,apps/web/src/app/robots.ts,10,0,TRAINING_ELIGIBLE
CWTV-GITCHG-000083,7b6a8392d90fb08be9f522e9a182c723f2719cdd,A,,apps/web/src/lib/api/system-client.ts,45,0,TRAINING_ELIGIBLE
CWTV-GITCHG-000084,7b6a8392d90fb08be9f522e9a182c723f2719cdd,A,,apps/web/src/lib/config/public-env.ts,29,0,TRAINING_ELIGIBLE
CWTV-GITCHG-000085,7b6a8392d90fb08be9f522e9a182c723f2719cdd,A,,apps/web/tsconfig.json,35,0,TRAINING_ELIGIBLE
CWTV-GITCHG-000086,7b6a8392d90fb08be9f522e9a182c723f2719cdd,A,,docs/architecture/CineWatch_TV_V1_Frontend_Application_Skeleton_001.md,108,0,TRAINING_ELIGIBLE
CWTV-GITCHG-000087,7b6a8392d90fb08be9f522e9a182c723f2719cdd,A,,docs/architecture/decisions/CWTV_ADR_0003_Frontend_Runtime_and_Build_Portability.md,27,0,TRAINING_ELIGIBLE
CWTV-GITCHG-000088,7b6a8392d90fb08be9f522e9a182c723f2719cdd,M,,package-lock.json,6377,0,REFERENCE_ONLY
CWTV-GITCHG-000089,7b6a8392d90fb08be9f522e9a182c723f2719cdd,M,,package.json,6,1,TRAINING_ELIGIBLE
CWTV-GITCHG-000090,7b6a8392d90fb08be9f522e9a182c723f2719cdd,M,,scripts/README.md,5,0,TRAINING_ELIGIBLE
CWTV-GITCHG-000091,7b6a8392d90fb08be9f522e9a182c723f2719cdd,A,,scripts/check_frontend_runtime.sh,75,0,TRAINING_ELIGIBLE
CWTV-GITCHG-000092,7b6a8392d90fb08be9f522e9a182c723f2719cdd,A,,scripts/check_frontend_skeleton.py,144,0,TRAINING_ELIGIBLE
CWTV-GITCHG-000093,7b6a8392d90fb08be9f522e9a182c723f2719cdd,A,,tests/repository/test_frontend_skeleton.py,25,0,TRAINING_ELIGIBLE
CWTV-GITCHG-000094,678500c0160ac002f8e8585ab4f7560ea22e4d6e,M,,.env.example,5,1,TRAINING_ELIGIBLE
CWTV-GITCHG-000095,678500c0160ac002f8e8585ab4f7560ea22e4d6e,A,,docs/architecture/CineWatch_TV_V1_PostgreSQL_and_Migration_Foundation_001.md,102,0,TRAINING_ELIGIBLE
CWTV-GITCHG-000096,678500c0160ac002f8e8585ab4f7560ea22e4d6e,A,,docs/architecture/decisions/CWTV_ADR_0004_PostgreSQL_Authority_and_Migration_Boundary.md,28,0,TRAINING_ELIGIBLE
CWTV-GITCHG-000097,678500c0160ac002f8e8585ab4f7560ea22e4d6e,M,,scripts/README.md,7,2,TRAINING_ELIGIBLE
CWTV-GITCHG-000098,678500c0160ac002f8e8585ab4f7560ea22e4d6e,M,,scripts/check_backend_skeleton.py,4,7,TRAINING_ELIGIBLE
CWTV-GITCHG-000099,678500c0160ac002f8e8585ab4f7560ea22e4d6e,A,,scripts/check_database_foundation.py,105,0,TRAINING_ELIGIBLE
CWTV-GITCHG-000100,678500c0160ac002f8e8585ab4f7560ea22e4d6e,A,,scripts/check_database_migrations.sh,56,0,TRAINING_ELIGIBLE
CWTV-GITCHG-000101,678500c0160ac002f8e8585ab4f7560ea22e4d6e,M,,services/api/README.md,27,13,TRAINING_ELIGIBLE
CWTV-GITCHG-000102,678500c0160ac002f8e8585ab4f7560ea22e4d6e,A,,services/api/alembic.ini,40,0,TRAINING_ELIGIBLE
CWTV-GITCHG-000103,678500c0160ac002f8e8585ab4f7560ea22e4d6e,A,,services/api/cinewatch_api/database/__init__.py,19,0,TRAINING_ELIGIBLE
CWTV-GITCHG-000104,678500c0160ac002f8e8585ab4f7560ea22e4d6e,A,,services/api/cinewatch_api/database/base.py,18,0,TRAINING_ELIGIBLE
CWTV-GITCHG-000105,678500c0160ac002f8e8585ab4f7560ea22e4d6e,A,,services/api/cinewatch_api/database/engine.py,17,0,TRAINING_ELIGIBLE
CWTV-GITCHG-000106,678500c0160ac002f8e8585ab4f7560ea22e4d6e,A,,services/api/cinewatch_api/database/session.py,17,0,TRAINING_ELIGIBLE
CWTV-GITCHG-000107,678500c0160ac002f8e8585ab4f7560ea22e4d6e,A,,services/api/cinewatch_api/database/url.py,45,0,TRAINING_ELIGIBLE
CWTV-GITCHG-000108,678500c0160ac002f8e8585ab4f7560ea22e4d6e,M,,services/api/cinewatch_api/settings.py,2,1,TRAINING_ELIGIBLE
CWTV-GITCHG-000109,678500c0160ac002f8e8585ab4f7560ea22e4d6e,A,,services/api/migrations/env.py,64,0,TRAINING_ELIGIBLE
CWTV-GITCHG-000110,678500c0160ac002f8e8585ab4f7560ea22e4d6e,A,,services/api/migrations/script.py.mako,25,0,TRAINING_ELIGIBLE
CWTV-GITCHG-000111,678500c0160ac002f8e8585ab4f7560ea22e4d6e,A,,services/api/migrations/versions/0001_postgresql_migration_foundation.py,25,0,TRAINING_ELIGIBLE
CWTV-GITCHG-000112,678500c0160ac002f8e8585ab4f7560ea22e4d6e,M,,services/api/pyproject.toml,3,0,TRAINING_ELIGIBLE
CWTV-GITCHG-000113,678500c0160ac002f8e8585ab4f7560ea22e4d6e,A,,services/api/tests/test_database_foundation.py,57,0,TRAINING_ELIGIBLE
CWTV-GITCHG-000114,678500c0160ac002f8e8585ab4f7560ea22e4d6e,A,,services/api/tests/test_migration_foundation.py,30,0,TRAINING_ELIGIBLE
CWTV-GITCHG-000115,678500c0160ac002f8e8585ab4f7560ea22e4d6e,A,,tests/repository/test_database_foundation.py,28,0,TRAINING_ELIGIBLE
CWTV-GITCHG-000116,50f40cc4c24d829b57c61ccc2939423d0b269e50,A,,docs/progress/CineWatch_TV_Engineering_Chronicle.md,130,0,REFERENCE_ONLY
CWTV-GITCHG-000117,50f40cc4c24d829b57c61ccc2939423d0b269e50,A,,docs/progress/README.md,175,0,TRAINING_ELIGIBLE
CWTV-GITCHG-000118,50f40cc4c24d829b57c61ccc2939423d0b269e50,A,,docs/progress/activity/EVENT_SCHEMA.md,60,0,TRAINING_ELIGIBLE
CWTV-GITCHG-000119,50f40cc4c24d829b57c61ccc2939423d0b269e50,A,,docs/progress/activity/engineering-events.jsonl,56,0,TRAINING_ELIGIBLE
CWTV-GITCHG-000120,50f40cc4c24d829b57c61ccc2939423d0b269e50,A,,docs/progress/dashboard/dashboard.css,181,0,TRAINING_ELIGIBLE
CWTV-GITCHG-000121,50f40cc4c24d829b57c61ccc2939423d0b269e50,A,,docs/progress/dashboard/dashboard.js,199,0,TRAINING_ELIGIBLE
CWTV-GITCHG-000122,50f40cc4c24d829b57c61ccc2939423d0b269e50,A,,docs/progress/dashboard/index.html,120,0,TRAINING_ELIGIBLE
CWTV-GITCHG-000123,50f40cc4c24d829b57c61ccc2939423d0b269e50,A,,docs/progress/dashboard/progress-data.json,2031,0,REFERENCE_ONLY
CWTV-GITCHG-000124,50f40cc4c24d829b57c61ccc2939423d0b269e50,A,,scripts/bootstrap_engineering_chronicle.py,344,0,TRAINING_ELIGIBLE
CWTV-GITCHG-000125,50f40cc4c24d829b57c61ccc2939423d0b269e50,A,,scripts/build_progress_dashboard.py,345,0,TRAINING_ELIGIBLE
CWTV-GITCHG-000126,50f40cc4c24d829b57c61ccc2939423d0b269e50,A,,scripts/check_engineering_chronicle.py,175,0,TRAINING_ELIGIBLE
CWTV-GITCHG-000127,50f40cc4c24d829b57c61ccc2939423d0b269e50,A,,scripts/check_progress_dashboard_runtime.sh,94,0,TRAINING_ELIGIBLE
CWTV-GITCHG-000128,50f40cc4c24d829b57c61ccc2939423d0b269e50,A,,scripts/chronicle_core.py,256,0,TRAINING_ELIGIBLE
CWTV-GITCHG-000129,50f40cc4c24d829b57c61ccc2939423d0b269e50,A,,scripts/record_engineering_activity.py,95,0,TRAINING_ELIGIBLE
CWTV-GITCHG-000130,50f40cc4c24d829b57c61ccc2939423d0b269e50,A,,scripts/run_and_record.py,114,0,TRAINING_ELIGIBLE
CWTV-GITCHG-000131,50f40cc4c24d829b57c61ccc2939423d0b269e50,A,,tests/repository/test_engineering_chronicle.py,24,0,TRAINING_ELIGIBLE
CWTV-GITCHG-000132,74856ca2738afaa33d33ed7cb1983967fc0355bd,M,,docs/progress/CineWatch_TV_Engineering_Chronicle.md,19,6,REFERENCE_ONLY
CWTV-GITCHG-000133,74856ca2738afaa33d33ed7cb1983967fc0355bd,M,,docs/progress/README.md,17,0,TRAINING_ELIGIBLE
CWTV-GITCHG-000134,74856ca2738afaa33d33ed7cb1983967fc0355bd,M,,docs/progress/activity/engineering-events.jsonl,9,0,TRAINING_ELIGIBLE
CWTV-GITCHG-000135,74856ca2738afaa33d33ed7cb1983967fc0355bd,M,,docs/progress/dashboard/dashboard.css,682,104,TRAINING_ELIGIBLE
CWTV-GITCHG-000136,74856ca2738afaa33d33ed7cb1983967fc0355bd,M,,docs/progress/dashboard/dashboard.js,121,45,TRAINING_ELIGIBLE
CWTV-GITCHG-000137,74856ca2738afaa33d33ed7cb1983967fc0355bd,M,,docs/progress/dashboard/index.html,1,0,TRAINING_ELIGIBLE
CWTV-GITCHG-000138,74856ca2738afaa33d33ed7cb1983967fc0355bd,M,,docs/progress/dashboard/progress-data.json,330,20,REFERENCE_ONLY
CWTV-GITCHG-000139,74856ca2738afaa33d33ed7cb1983967fc0355bd,M,,scripts/check_engineering_chronicle.py,29,0,TRAINING_ELIGIBLE
CWTV-GITCHG-000140,e15752642ed22d30b99caadf546214eea15b730f,M,,apps/web/README.md,4,3,TRAINING_ELIGIBLE
CWTV-GITCHG-000141,e15752642ed22d30b99caadf546214eea15b730f,M,,apps/web/package.json,2,1,TRAINING_ELIGIBLE
CWTV-GITCHG-000142,e15752642ed22d30b99caadf546214eea15b730f,M,,apps/web/src/lib/api/system-client.ts,2,20,TRAINING_ELIGIBLE
CWTV-GITCHG-000143,e15752642ed22d30b99caadf546214eea15b730f,A,,docs/architecture/CineWatch_TV_V1_OpenAPI_and_Typed_Contract_Foundation_001.md,97,0,TRAINING_ELIGIBLE
CWTV-GITCHG-000144,e15752642ed22d30b99caadf546214eea15b730f,A,,docs/architecture/decisions/CWTV_ADR_0005_OpenAPI_Canonical_Contract_and_Type_Generation.md,24,0,TRAINING_ELIGIBLE
CWTV-GITCHG-000145,e15752642ed22d30b99caadf546214eea15b730f,M,,docs/progress/CineWatch_TV_Engineering_Chronicle.md,33,7,REFERENCE_ONLY
CWTV-GITCHG-000146,e15752642ed22d30b99caadf546214eea15b730f,M,,docs/progress/activity/engineering-events.jsonl,17,0,TRAINING_ELIGIBLE
CWTV-GITCHG-000147,e15752642ed22d30b99caadf546214eea15b730f,M,,docs/progress/dashboard/progress-data.json,624,12,REFERENCE_ONLY
CWTV-GITCHG-000148,e15752642ed22d30b99caadf546214eea15b730f,M,,package-lock.json,305,0,REFERENCE_ONLY
CWTV-GITCHG-000149,e15752642ed22d30b99caadf546214eea15b730f,M,,package.json,6,2,TRAINING_ELIGIBLE
CWTV-GITCHG-000150,e15752642ed22d30b99caadf546214eea15b730f,M,,packages/contracts/README.md,27,4,TRAINING_ELIGIBLE
CWTV-GITCHG-000151,e15752642ed22d30b99caadf546214eea15b730f,A,,packages/contracts/openapi/cinewatch-v1.openapi.json,140,0,REFERENCE_ONLY
CWTV-GITCHG-000152,e15752642ed22d30b99caadf546214eea15b730f,M,,packages/contracts/package.json,13,1,TRAINING_ELIGIBLE
CWTV-GITCHG-000153,e15752642ed22d30b99caadf546214eea15b730f,A,,packages/contracts/src/index.d.ts,6,0,TRAINING_ELIGIBLE
CWTV-GITCHG-000154,e15752642ed22d30b99caadf546214eea15b730f,M,,scripts/README.md,11,0,TRAINING_ELIGIBLE
CWTV-GITCHG-000155,e15752642ed22d30b99caadf546214eea15b730f,A,,scripts/check_contract_foundation.py,145,0,TRAINING_ELIGIBLE
CWTV-GITCHG-000156,e15752642ed22d30b99caadf546214eea15b730f,A,,scripts/check_contract_runtime.sh,74,0,TRAINING_ELIGIBLE
CWTV-GITCHG-000157,e15752642ed22d30b99caadf546214eea15b730f,M,,scripts/check_frontend_skeleton.py,1,0,TRAINING_ELIGIBLE
CWTV-GITCHG-000158,e15752642ed22d30b99caadf546214eea15b730f,A,,scripts/export_openapi_contract.py,57,0,TRAINING_ELIGIBLE
CWTV-GITCHG-000159,e15752642ed22d30b99caadf546214eea15b730f,A,,scripts/update_api_contracts.sh,13,0,TRAINING_ELIGIBLE
CWTV-GITCHG-000160,e15752642ed22d30b99caadf546214eea15b730f,M,,services/api/README.md,4,0,TRAINING_ELIGIBLE
CWTV-GITCHG-000161,e15752642ed22d30b99caadf546214eea15b730f,M,,services/api/cinewatch_api/api/system.py,12,2,TRAINING_ELIGIBLE
CWTV-GITCHG-000162,e15752642ed22d30b99caadf546214eea15b730f,M,,services/api/cinewatch_api/api/v1/system.py,6,1,TRAINING_ELIGIBLE
CWTV-GITCHG-000163,e15752642ed22d30b99caadf546214eea15b730f,M,,services/api/cinewatch_api/application.py,1,0,TRAINING_ELIGIBLE
CWTV-GITCHG-000164,e15752642ed22d30b99caadf546214eea15b730f,M,,services/api/pyproject.toml,3,2,TRAINING_ELIGIBLE
CWTV-GITCHG-000165,e15752642ed22d30b99caadf546214eea15b730f,A,,services/api/tests/test_contract_snapshot.py,16,0,TRAINING_ELIGIBLE
CWTV-GITCHG-000166,e15752642ed22d30b99caadf546214eea15b730f,M,,services/api/tests/test_openapi.py,17,2,TRAINING_ELIGIBLE
CWTV-GITCHG-000167,e15752642ed22d30b99caadf546214eea15b730f,A,,tests/repository/test_contract_foundation.py,28,0,TRAINING_ELIGIBLE
CWTV-GITCHG-000168,50a453e1efccba0d963d2990b7c6a528fc35ffcf,A,,docs/architecture/CineWatch_TV_V1_Termux_Linux_Engineering_Workflow_001.md,267,0,TRAINING_ELIGIBLE
CWTV-GITCHG-000169,50a453e1efccba0d963d2990b7c6a528fc35ffcf,A,,docs/architecture/decisions/CWTV_ADR_0006_Termux_Host_Linux_Runtime_and_Named_Sessions.md,61,0,TRAINING_ELIGIBLE
CWTV-GITCHG-000170,50a453e1efccba0d963d2990b7c6a528fc35ffcf,M,,docs/progress/CineWatch_TV_Engineering_Chronicle.md,32,7,REFERENCE_ONLY
CWTV-GITCHG-000171,50a453e1efccba0d963d2990b7c6a528fc35ffcf,M,,docs/progress/activity/engineering-events.jsonl,17,0,TRAINING_ELIGIBLE
CWTV-GITCHG-000172,50a453e1efccba0d963d2990b7c6a528fc35ffcf,M,,docs/progress/dashboard/progress-data.json,591,12,REFERENCE_ONLY
CWTV-GITCHG-000173,50a453e1efccba0d963d2990b7c6a528fc35ffcf,A,,scripts/check_termux_linux_runtime.sh,70,0,TRAINING_ELIGIBLE
CWTV-GITCHG-000174,50a453e1efccba0d963d2990b7c6a528fc35ffcf,A,,scripts/check_termux_linux_workflow.py,207,0,TRAINING_ELIGIBLE
CWTV-GITCHG-000175,50a453e1efccba0d963d2990b7c6a528fc35ffcf,A,,scripts/termux/config/aws.env.example,9,0,TRAINING_ELIGIBLE
CWTV-GITCHG-000176,50a453e1efccba0d963d2990b7c6a528fc35ffcf,A,,scripts/termux/config/postgres.env.example,12,0,TRAINING_ELIGIBLE
CWTV-GITCHG-000177,50a453e1efccba0d963d2990b7c6a528fc35ffcf,A,,scripts/termux/cwtv-enter-linux,33,0,TRAINING_ELIGIBLE
CWTV-GITCHG-000178,50a453e1efccba0d963d2990b7c6a528fc35ffcf,A,,scripts/termux/cwtv-linux-bootstrap,80,0,TRAINING_ELIGIBLE
CWTV-GITCHG-000179,50a453e1efccba0d963d2990b7c6a528fc35ffcf,A,,scripts/termux/cwtv-session,169,0,TRAINING_ELIGIBLE
CWTV-GITCHG-000180,50a453e1efccba0d963d2990b7c6a528fc35ffcf,A,,scripts/termux/cwtv-session-status,194,0,TRAINING_ELIGIBLE
CWTV-GITCHG-000181,50a453e1efccba0d963d2990b7c6a528fc35ffcf,A,,scripts/termux/cwtv-window-bootstrap,127,0,TRAINING_ELIGIBLE
CWTV-GITCHG-000182,50a453e1efccba0d963d2990b7c6a528fc35ffcf,A,,scripts/termux/install_cwtv_commands.sh,33,0,TRAINING_ELIGIBLE
CWTV-GITCHG-000183,50a453e1efccba0d963d2990b7c6a528fc35ffcf,A,,tests/repository/test_termux_linux_workflow.py,29,0,TRAINING_ELIGIBLE
CWTV-GITCHG-000184,6bd64ebbd5c3cb459871da05be2a97f4f6438246,A,,.github/dependabot.yml,20,0,TRAINING_ELIGIBLE
CWTV-GITCHG-000185,6bd64ebbd5c3cb459871da05be2a97f4f6438246,A,,.github/workflows/ci.yml,146,0,TRAINING_ELIGIBLE
CWTV-GITCHG-000186,6bd64ebbd5c3cb459871da05be2a97f4f6438246,A,,SECURITY.md,33,0,TRAINING_ELIGIBLE
CWTV-GITCHG-000187,6bd64ebbd5c3cb459871da05be2a97f4f6438246,A,,docs/architecture/CineWatch_TV_V1_CI_Security_Quality_Foundation_001.md,265,0,TRAINING_ELIGIBLE
CWTV-GITCHG-000188,6bd64ebbd5c3cb459871da05be2a97f4f6438246,A,,docs/architecture/decisions/CWTV_ADR_0007_Linux_CI_Least_Privilege_and_Supply_Chain_Gates.md,58,0,TRAINING_ELIGIBLE
CWTV-GITCHG-000189,6bd64ebbd5c3cb459871da05be2a97f4f6438246,M,,docs/progress/CineWatch_TV_Engineering_Chronicle.md,45,7,REFERENCE_ONLY
CWTV-GITCHG-000190,6bd64ebbd5c3cb459871da05be2a97f4f6438246,M,,docs/progress/activity/engineering-events.jsonl,24,0,TRAINING_ELIGIBLE
CWTV-GITCHG-000191,6bd64ebbd5c3cb459871da05be2a97f4f6438246,M,,docs/progress/dashboard/progress-data.json,976,83,REFERENCE_ONLY
CWTV-GITCHG-000192,6bd64ebbd5c3cb459871da05be2a97f4f6438246,A,,scripts/check_ci_security_quality.py,292,0,TRAINING_ELIGIBLE
CWTV-GITCHG-000193,6bd64ebbd5c3cb459871da05be2a97f4f6438246,A,,scripts/check_ci_security_quality_runtime.sh,53,0,TRAINING_ELIGIBLE
CWTV-GITCHG-000194,6bd64ebbd5c3cb459871da05be2a97f4f6438246,A,,tests/repository/test_ci_security_quality.py,29,0,TRAINING_ELIGIBLE
CWTV-GITCHG-000195,a7d907a63796212e763c7ff9e42ba17b73776567,M,,.github/workflows/ci.yml,6,0,TRAINING_ELIGIBLE
CWTV-GITCHG-000196,2b12d282bb43e4c36ff214883ebbe647585ef21d,M,,.gitignore,4,0,TRAINING_ELIGIBLE
CWTV-GITCHG-000197,2b12d282bb43e4c36ff214883ebbe647585ef21d,A,,packages/contracts/src/generated/openapi.d.ts,166,0,REFERENCE_ONLY
CWTV-GITCHG-000198,9e8a4a2c4b0d7014b3bcba8ef79324f88cb30483,M,,scripts/check_backend_runtime.sh,8,0,TRAINING_ELIGIBLE
CWTV-GITCHG-000199,cf47aa43dcfcdbc5be4159c5a52680e325573eab,M,,scripts/check_database_migrations.sh,7,0,TRAINING_ELIGIBLE
CWTV-GITCHG-000200,fdb8311f1b800837a25f1a52fa788cbcf35b53da,M,,docs/progress/CineWatch_TV_Engineering_Chronicle.md,5,4,REFERENCE_ONLY
CWTV-GITCHG-000201,fdb8311f1b800837a25f1a52fa788cbcf35b53da,M,,docs/progress/activity/engineering-events.jsonl,1,0,TRAINING_ELIGIBLE
CWTV-GITCHG-000202,fdb8311f1b800837a25f1a52fa788cbcf35b53da,M,,docs/progress/dashboard/progress-data.json,32,11,REFERENCE_ONLY
CWTV-GITCHG-000203,6b4dc6c318b15a314707776f1884559cc5be0422,A,,CINEWATCH_ENGINEERING_WORKFLOW.md,957,0,TRAINING_ELIGIBLE
CWTV-GITCHG-000204,75bc959d900cc760339668501b39b91678aafcb1,A,,docs/architecture/CineWatch_TV_V1_Competitive_Design_Intelligence_001.md,1003,0,TRAINING_REVIEW_REQUIRED
CWTV-GITCHG-000205,75bc959d900cc760339668501b39b91678aafcb1,A,,docs/architecture/CineWatch_TV_V1_Design_System_and_Asset_Foundation_001.md,978,0,TRAINING_ELIGIBLE
CWTV-GITCHG-000206,75bc959d900cc760339668501b39b91678aafcb1,M,,docs/progress/CineWatch_TV_Engineering_Chronicle.md,15,5,REFERENCE_ONLY
CWTV-GITCHG-000207,75bc959d900cc760339668501b39b91678aafcb1,M,,docs/progress/activity/engineering-events.jsonl,5,0,TRAINING_ELIGIBLE
CWTV-GITCHG-000208,75bc959d900cc760339668501b39b91678aafcb1,M,,docs/progress/dashboard/progress-data.json,246,10,REFERENCE_ONLY
CWTV-GITCHG-000209,b087de6409b86314fe7ad59468cb37548ddd64ea,M,,.github/workflows/ci.yml,1,0,TRAINING_ELIGIBLE
CWTV-GITCHG-000210,b087de6409b86314fe7ad59468cb37548ddd64ea,M,,CINEWATCH_ENGINEERING_WORKFLOW.md,90,8,TRAINING_ELIGIBLE
CWTV-GITCHG-000211,b087de6409b86314fe7ad59468cb37548ddd64ea,M,,README.md,3,2,TRAINING_ELIGIBLE
CWTV-GITCHG-000212,b087de6409b86314fe7ad59468cb37548ddd64ea,M,,docs/progress/CineWatch_TV_Engineering_Chronicle.md,6,3,REFERENCE_ONLY
CWTV-GITCHG-000213,b087de6409b86314fe7ad59468cb37548ddd64ea,M,,docs/progress/activity/engineering-events.jsonl,2,0,TRAINING_ELIGIBLE
CWTV-GITCHG-000214,b087de6409b86314fe7ad59468cb37548ddd64ea,M,,docs/progress/dashboard/progress-data.json,79,9,REFERENCE_ONLY
CWTV-GITCHG-000215,b087de6409b86314fe7ad59468cb37548ddd64ea,A,,nexvox/engineering/DATASET_CARD.md,37,0,REFERENCE_ONLY
CWTV-GITCHG-000216,b087de6409b86314fe7ad59468cb37548ddd64ea,A,,nexvox/engineering/README.md,47,0,TRAINING_ELIGIBLE
CWTV-GITCHG-000217,b087de6409b86314fe7ad59468cb37548ddd64ea,A,,nexvox/engineering/authority/CineWatch_NexVox_Engineering_Knowledge_Authority_001.md,129,0,TRAINING_ELIGIBLE
CWTV-GITCHG-000218,b087de6409b86314fe7ad59468cb37548ddd64ea,A,,nexvox/engineering/checksums.sha256,28,0,REFERENCE_ONLY
CWTV-GITCHG-000219,b087de6409b86314fe7ad59468cb37548ddd64ea,A,,nexvox/engineering/datasets/artifacts.csv,38,0,REFERENCE_ONLY
CWTV-GITCHG-000220,b087de6409b86314fe7ad59468cb37548ddd64ea,A,,nexvox/engineering/datasets/commit-changes.csv,209,0,REFERENCE_ONLY
CWTV-GITCHG-000221,b087de6409b86314fe7ad59468cb37548ddd64ea,A,,nexvox/engineering/datasets/commits.csv,19,0,REFERENCE_ONLY
CWTV-GITCHG-000222,b087de6409b86314fe7ad59468cb37548ddd64ea,A,,nexvox/engineering/datasets/conversation-sources.csv,13,0,REFERENCE_ONLY
CWTV-GITCHG-000223,b087de6409b86314fe7ad59468cb37548ddd64ea,A,,nexvox/engineering/datasets/decisions.csv,8,0,REFERENCE_ONLY
CWTV-GITCHG-000224,b087de6409b86314fe7ad59468cb37548ddd64ea,A,,nexvox/engineering/datasets/dependencies.csv,263,0,REFERENCE_ONLY
CWTV-GITCHG-000225,b087de6409b86314fe7ad59468cb37548ddd64ea,A,,nexvox/engineering/datasets/failure-correction-chains.csv,18,0,REFERENCE_ONLY
CWTV-GITCHG-000226,b087de6409b86314fe7ad59468cb37548ddd64ea,A,,nexvox/engineering/datasets/history-records.jsonl,184,0,REFERENCE_ONLY
CWTV-GITCHG-000227,b087de6409b86314fe7ad59468cb37548ddd64ea,A,,nexvox/engineering/datasets/knowledge-records.jsonl,278,0,REFERENCE_ONLY
CWTV-GITCHG-000228,b087de6409b86314fe7ad59468cb37548ddd64ea,A,,nexvox/engineering/datasets/milestones.csv,12,0,REFERENCE_ONLY
CWTV-GITCHG-000229,b087de6409b86314fe7ad59468cb37548ddd64ea,A,,nexvox/engineering/datasets/qualifications.csv,30,0,REFERENCE_ONLY
CWTV-GITCHG-000230,b087de6409b86314fe7ad59468cb37548ddd64ea,A,,nexvox/engineering/datasets/repository-file-versions.csv,209,0,REFERENCE_ONLY
CWTV-GITCHG-000231,b087de6409b86314fe7ad59468cb37548ddd64ea,A,,nexvox/engineering/datasets/repository-files.csv,148,0,REFERENCE_ONLY
CWTV-GITCHG-000232,b087de6409b86314fe7ad59468cb37548ddd64ea,A,,nexvox/engineering/datasets/source-reconciliations.csv,11,0,REFERENCE_ONLY
CWTV-GITCHG-000233,b087de6409b86314fe7ad59468cb37548ddd64ea,A,,nexvox/engineering/datasets/symbols.csv,175,0,REFERENCE_ONLY
CWTV-GITCHG-000234,b087de6409b86314fe7ad59468cb37548ddd64ea,A,,nexvox/engineering/evals/engineering-knowledge-evals.yaml,35,0,TRAINING_ELIGIBLE
CWTV-GITCHG-000235,b087de6409b86314fe7ad59468cb37548ddd64ea,A,,nexvox/engineering/manifests/corpus-manifest.yaml,18,0,REFERENCE_ONLY
CWTV-GITCHG-000236,b087de6409b86314fe7ad59468cb37548ddd64ea,A,,nexvox/engineering/manifests/sync-state.yaml,9,0,REFERENCE_ONLY
CWTV-GITCHG-000237,b087de6409b86314fe7ad59468cb37548ddd64ea,A,,nexvox/engineering/narratives/architecture-decisions.md,47,0,REFERENCE_ONLY
CWTV-GITCHG-000238,b087de6409b86314fe7ad59468cb37548ddd64ea,A,,nexvox/engineering/narratives/engineering-history.md,42,0,REFERENCE_ONLY
CWTV-GITCHG-000239,b087de6409b86314fe7ad59468cb37548ddd64ea,A,,nexvox/engineering/narratives/engineering-methods.md,15,0,REFERENCE_ONLY
CWTV-GITCHG-000240,b087de6409b86314fe7ad59468cb37548ddd64ea,A,,nexvox/engineering/narratives/failures-corrections-lessons.md,141,0,REFERENCE_ONLY
CWTV-GITCHG-000241,b087de6409b86314fe7ad59468cb37548ddd64ea,A,,nexvox/engineering/narratives/glossary.md,13,0,REFERENCE_ONLY
CWTV-GITCHG-000242,b087de6409b86314fe7ad59468cb37548ddd64ea,A,,nexvox/engineering/policy/corpus-policy.yaml,86,0,TRAINING_ELIGIBLE
CWTV-GITCHG-000243,b087de6409b86314fe7ad59468cb37548ddd64ea,A,,nexvox/engineering/schemas/records.schema.yaml,72,0,TRAINING_ELIGIBLE
CWTV-GITCHG-000244,b087de6409b86314fe7ad59468cb37548ddd64ea,M,,scripts/README.md,10,0,TRAINING_ELIGIBLE
CWTV-GITCHG-000245,b087de6409b86314fe7ad59468cb37548ddd64ea,A,,scripts/build_nexvox_engineering_corpus.py,896,0,TRAINING_ELIGIBLE
CWTV-GITCHG-000246,b087de6409b86314fe7ad59468cb37548ddd64ea,A,,scripts/build_nexvox_engineering_pdf.py,120,0,TRAINING_ELIGIBLE
CWTV-GITCHG-000247,b087de6409b86314fe7ad59468cb37548ddd64ea,M,,scripts/check_ci_security_quality.py,1,0,TRAINING_ELIGIBLE
CWTV-GITCHG-000248,b087de6409b86314fe7ad59468cb37548ddd64ea,A,,scripts/check_nexvox_engineering_corpus.py,218,0,TRAINING_ELIGIBLE
CWTV-GITCHG-000249,b087de6409b86314fe7ad59468cb37548ddd64ea,M,,scripts/check_repository_tree.py,11,0,TRAINING_ELIGIBLE
CWTV-GITCHG-000250,b087de6409b86314fe7ad59468cb37548ddd64ea,M,,tests/README.md,2,0,TRAINING_ELIGIBLE
CWTV-GITCHG-000251,b087de6409b86314fe7ad59468cb37548ddd64ea,A,,tests/repository/test_nexvox_engineering_corpus.py,22,0,TRAINING_ELIGIBLE
CWTV-GITCHG-000252,980bf50489ae0a7c0aa216e784145697ca4f1749,M,,nexvox/engineering/DATASET_CARD.md,13,13,REFERENCE_ONLY
CWTV-GITCHG-000253,980bf50489ae0a7c0aa216e784145697ca4f1749,M,,nexvox/engineering/checksums.sha256,20,20,REFERENCE_ONLY
CWTV-GITCHG-000254,980bf50489ae0a7c0aa216e784145697ca4f1749,M,,nexvox/engineering/datasets/artifacts.csv,1,0,REFERENCE_ONLY
CWTV-GITCHG-000255,980bf50489ae0a7c0aa216e784145697ca4f1749,M,,nexvox/engineering/datasets/commit-changes.csv,43,0,REFERENCE_ONLY
CWTV-GITCHG-000256,980bf50489ae0a7c0aa216e784145697ca4f1749,M,,nexvox/engineering/datasets/commits.csv,1,0,REFERENCE_ONLY
CWTV-GITCHG-000257,980bf50489ae0a7c0aa216e784145697ca4f1749,M,,nexvox/engineering/datasets/decisions.csv,7,7,REFERENCE_ONLY
CWTV-GITCHG-000258,980bf50489ae0a7c0aa216e784145697ca4f1749,M,,nexvox/engineering/datasets/dependencies.csv,269,228,REFERENCE_ONLY
CWTV-GITCHG-000259,980bf50489ae0a7c0aa216e784145697ca4f1749,M,,nexvox/engineering/datasets/failure-correction-chains.csv,1,0,REFERENCE_ONLY
CWTV-GITCHG-000260,980bf50489ae0a7c0aa216e784145697ca4f1749,M,,nexvox/engineering/datasets/history-records.jsonl,17,0,REFERENCE_ONLY
CWTV-GITCHG-000261,980bf50489ae0a7c0aa216e784145697ca4f1749,M,,nexvox/engineering/datasets/knowledge-records.jsonl,304,278,REFERENCE_ONLY
CWTV-GITCHG-000262,980bf50489ae0a7c0aa216e784145697ca4f1749,M,,nexvox/engineering/datasets/milestones.csv,1,1,REFERENCE_ONLY
CWTV-GITCHG-000263,980bf50489ae0a7c0aa216e784145697ca4f1749,M,,nexvox/engineering/datasets/repository-file-versions.csv,43,0,REFERENCE_ONLY
CWTV-GITCHG-000264,980bf50489ae0a7c0aa216e784145697ca4f1749,M,,nexvox/engineering/datasets/repository-files.csv,43,10,REFERENCE_ONLY
CWTV-GITCHG-000265,980bf50489ae0a7c0aa216e784145697ca4f1749,M,,nexvox/engineering/datasets/source-reconciliations.csv,1,1,REFERENCE_ONLY
CWTV-GITCHG-000266,980bf50489ae0a7c0aa216e784145697ca4f1749,M,,nexvox/engineering/datasets/symbols.csv,181,137,REFERENCE_ONLY
CWTV-GITCHG-000267,980bf50489ae0a7c0aa216e784145697ca4f1749,M,,nexvox/engineering/manifests/corpus-manifest.yaml,11,11,REFERENCE_ONLY
CWTV-GITCHG-000268,980bf50489ae0a7c0aa216e784145697ca4f1749,M,,nexvox/engineering/manifests/sync-state.yaml,2,2,REFERENCE_ONLY
CWTV-GITCHG-000269,980bf50489ae0a7c0aa216e784145697ca4f1749,M,,nexvox/engineering/narratives/architecture-decisions.md,1,1,REFERENCE_ONLY
CWTV-GITCHG-000270,980bf50489ae0a7c0aa216e784145697ca4f1749,M,,nexvox/engineering/narratives/engineering-history.md,4,3,REFERENCE_ONLY
CWTV-GITCHG-000271,980bf50489ae0a7c0aa216e784145697ca4f1749,M,,nexvox/engineering/narratives/engineering-methods.md,1,1,REFERENCE_ONLY
CWTV-GITCHG-000272,980bf50489ae0a7c0aa216e784145697ca4f1749,M,,nexvox/engineering/narratives/failures-corrections-lessons.md,9,1,REFERENCE_ONLY
CWTV-GITCHG-000273,3f9f175407d217e70aeb27420332fe44543e4ea8,A,,docs/architecture/CineWatch_TV_V1_Brand_and_Streaming_Signature_Authority_001.md,943,0,TRAINING_ELIGIBLE
CWTV-GITCHG-000274,3f9f175407d217e70aeb27420332fe44543e4ea8,M,,docs/progress/CineWatch_TV_Engineering_Chronicle.md,5,1,REFERENCE_ONLY
CWTV-GITCHG-000275,3f9f175407d217e70aeb27420332fe44543e4ea8,M,,docs/progress/activity/engineering-events.jsonl,3,0,TRAINING_ELIGIBLE
CWTV-GITCHG-000276,3f9f175407d217e70aeb27420332fe44543e4ea8,M,,docs/progress/dashboard/progress-data.json,101,11,REFERENCE_ONLY
CWTV-GITCHG-000277,a95c4a2d25c23382fd0196350f9dbe1723be839f,M,,docs/progress/CineWatch_TV_Engineering_Chronicle.md,7,4,REFERENCE_ONLY
CWTV-GITCHG-000278,a95c4a2d25c23382fd0196350f9dbe1723be839f,M,,docs/progress/activity/engineering-events.jsonl,2,0,TRAINING_ELIGIBLE
CWTV-GITCHG-000279,a95c4a2d25c23382fd0196350f9dbe1723be839f,M,,docs/progress/dashboard/progress-data.json,75,11,REFERENCE_ONLY
CWTV-GITCHG-000280,2b3c0b7a789a1480c999597c958defa9329feeb5,M,,nexvox/engineering/DATASET_CARD.md,12,12,REFERENCE_ONLY
CWTV-GITCHG-000281,2b3c0b7a789a1480c999597c958defa9329feeb5,M,,nexvox/engineering/checksums.sha256,18,18,REFERENCE_ONLY
CWTV-GITCHG-000282,2b3c0b7a789a1480c999597c958defa9329feeb5,M,,nexvox/engineering/datasets/artifacts.csv,1,0,REFERENCE_ONLY
CWTV-GITCHG-000283,2b3c0b7a789a1480c999597c958defa9329feeb5,M,,nexvox/engineering/datasets/commit-changes.csv,28,0,REFERENCE_ONLY
CWTV-GITCHG-000284,2b3c0b7a789a1480c999597c958defa9329feeb5,M,,nexvox/engineering/datasets/commits.csv,3,0,REFERENCE_ONLY
CWTV-GITCHG-000285,2b3c0b7a789a1480c999597c958defa9329feeb5,M,,nexvox/engineering/datasets/decisions.csv,7,7,REFERENCE_ONLY
CWTV-GITCHG-000286,2b3c0b7a789a1480c999597c958defa9329feeb5,M,,nexvox/engineering/datasets/failure-correction-chains.csv,6,5,REFERENCE_ONLY
CWTV-GITCHG-000287,2b3c0b7a789a1480c999597c958defa9329feeb5,M,,nexvox/engineering/datasets/history-records.jsonl,3,0,REFERENCE_ONLY
CWTV-GITCHG-000288,2b3c0b7a789a1480c999597c958defa9329feeb5,M,,nexvox/engineering/datasets/knowledge-records.jsonl,317,304,REFERENCE_ONLY
CWTV-GITCHG-000289,2b3c0b7a789a1480c999597c958defa9329feeb5,M,,nexvox/engineering/datasets/milestones.csv,1,1,REFERENCE_ONLY
CWTV-GITCHG-000290,2b3c0b7a789a1480c999597c958defa9329feeb5,M,,nexvox/engineering/datasets/repository-file-versions.csv,28,0,REFERENCE_ONLY
CWTV-GITCHG-000291,2b3c0b7a789a1480c999597c958defa9329feeb5,M,,nexvox/engineering/datasets/repository-files.csv,25,24,REFERENCE_ONLY
CWTV-GITCHG-000292,2b3c0b7a789a1480c999597c958defa9329feeb5,M,,nexvox/engineering/datasets/source-reconciliations.csv,1,1,REFERENCE_ONLY
CWTV-GITCHG-000293,2b3c0b7a789a1480c999597c958defa9329feeb5,M,,nexvox/engineering/manifests/corpus-manifest.yaml,10,10,REFERENCE_ONLY
CWTV-GITCHG-000294,2b3c0b7a789a1480c999597c958defa9329feeb5,M,,nexvox/engineering/manifests/sync-state.yaml,2,2,REFERENCE_ONLY
CWTV-GITCHG-000295,2b3c0b7a789a1480c999597c958defa9329feeb5,M,,nexvox/engineering/narratives/architecture-decisions.md,1,1,REFERENCE_ONLY
CWTV-GITCHG-000296,2b3c0b7a789a1480c999597c958defa9329feeb5,M,,nexvox/engineering/narratives/engineering-history.md,6,3,REFERENCE_ONLY
CWTV-GITCHG-000297,2b3c0b7a789a1480c999597c958defa9329feeb5,M,,nexvox/engineering/narratives/engineering-methods.md,1,1,REFERENCE_ONLY
CWTV-GITCHG-000298,2b3c0b7a789a1480c999597c958defa9329feeb5,M,,nexvox/engineering/narratives/failures-corrections-lessons.md,14,6,REFERENCE_ONLY
CWTV-GITCHG-000299,7ce6168a347949c4a4feca5c16baefe1fd9596ea,M,,CINEWATCH_ENGINEERING_WORKFLOW.md,4,2,TRAINING_ELIGIBLE
CWTV-GITCHG-000300,7ce6168a347949c4a4feca5c16baefe1fd9596ea,M,,docs/progress/CineWatch_TV_Engineering_Chronicle.md,6,3,REFERENCE_ONLY
CWTV-GITCHG-000301,7ce6168a347949c4a4feca5c16baefe1fd9596ea,M,,docs/progress/activity/engineering-events.jsonl,2,0,TRAINING_ELIGIBLE
CWTV-GITCHG-000302,7ce6168a347949c4a4feca5c16baefe1fd9596ea,M,,docs/progress/dashboard/progress-data.json,79,9,REFERENCE_ONLY
CWTV-GITCHG-000303,7ce6168a347949c4a4feca5c16baefe1fd9596ea,M,,scripts/check_nexvox_engineering_corpus.py,18,0,TRAINING_ELIGIBLE
CWTV-GITCHG-000304,7ce6168a347949c4a4feca5c16baefe1fd9596ea,M,,tests/repository/test_nexvox_engineering_corpus.py,28,0,TRAINING_ELIGIBLE
CWTV-GITCHG-000305,233301bf98da58e7c871a03158518b09e7369c90,M,,nexvox/engineering/DATASET_CARD.md,12,12,REFERENCE_ONLY
CWTV-GITCHG-000306,233301bf98da58e7c871a03158518b09e7369c90,M,,nexvox/engineering/checksums.sha256,20,20,REFERENCE_ONLY
CWTV-GITCHG-000307,233301bf98da58e7c871a03158518b09e7369c90,M,,nexvox/engineering/datasets/artifacts.csv,1,0,REFERENCE_ONLY
CWTV-GITCHG-000308,233301bf98da58e7c871a03158518b09e7369c90,M,,nexvox/engineering/datasets/commit-changes.csv,25,0,REFERENCE_ONLY
CWTV-GITCHG-000309,233301bf98da58e7c871a03158518b09e7369c90,M,,nexvox/engineering/datasets/commits.csv,2,0,REFERENCE_ONLY
CWTV-GITCHG-000310,233301bf98da58e7c871a03158518b09e7369c90,M,,nexvox/engineering/datasets/decisions.csv,7,7,REFERENCE_ONLY
CWTV-GITCHG-000311,233301bf98da58e7c871a03158518b09e7369c90,M,,nexvox/engineering/datasets/dependencies.csv,13,12,REFERENCE_ONLY
CWTV-GITCHG-000312,233301bf98da58e7c871a03158518b09e7369c90,M,,nexvox/engineering/datasets/failure-correction-chains.csv,1,0,REFERENCE_ONLY
CWTV-GITCHG-000313,233301bf98da58e7c871a03158518b09e7369c90,M,,nexvox/engineering/datasets/history-records.jsonl,4,0,REFERENCE_ONLY
CWTV-GITCHG-000314,233301bf98da58e7c871a03158518b09e7369c90,M,,nexvox/engineering/datasets/knowledge-records.jsonl,318,317,REFERENCE_ONLY
CWTV-GITCHG-000315,233301bf98da58e7c871a03158518b09e7369c90,M,,nexvox/engineering/datasets/milestones.csv,1,1,REFERENCE_ONLY
CWTV-GITCHG-000316,233301bf98da58e7c871a03158518b09e7369c90,M,,nexvox/engineering/datasets/repository-file-versions.csv,25,0,REFERENCE_ONLY
CWTV-GITCHG-000317,233301bf98da58e7c871a03158518b09e7369c90,M,,nexvox/engineering/datasets/repository-files.csv,25,25,REFERENCE_ONLY
CWTV-GITCHG-000318,233301bf98da58e7c871a03158518b09e7369c90,M,,nexvox/engineering/datasets/source-reconciliations.csv,1,1,REFERENCE_ONLY
CWTV-GITCHG-000319,233301bf98da58e7c871a03158518b09e7369c90,M,,nexvox/engineering/datasets/symbols.csv,116,114,REFERENCE_ONLY
CWTV-GITCHG-000320,233301bf98da58e7c871a03158518b09e7369c90,M,,nexvox/engineering/manifests/corpus-manifest.yaml,8,8,REFERENCE_ONLY
CWTV-GITCHG-000321,233301bf98da58e7c871a03158518b09e7369c90,M,,nexvox/engineering/manifests/sync-state.yaml,2,2,REFERENCE_ONLY
CWTV-GITCHG-000322,233301bf98da58e7c871a03158518b09e7369c90,M,,nexvox/engineering/narratives/architecture-decisions.md,1,1,REFERENCE_ONLY
CWTV-GITCHG-000323,233301bf98da58e7c871a03158518b09e7369c90,M,,nexvox/engineering/narratives/engineering-history.md,5,3,REFERENCE_ONLY
CWTV-GITCHG-000324,233301bf98da58e7c871a03158518b09e7369c90,M,,nexvox/engineering/narratives/engineering-methods.md,1,1,REFERENCE_ONLY
CWTV-GITCHG-000325,233301bf98da58e7c871a03158518b09e7369c90,M,,nexvox/engineering/narratives/failures-corrections-lessons.md,9,1,REFERENCE_ONLY
CWTV-GITCHG-000326,974d6b6dcdc15b0b027e265f25fb7686454a878b,A,,docs/architecture/CineWatch_TV_V1_A3_Signature_Cinematic_Selection_Lock_001.md,218,0,TRAINING_ELIGIBLE
CWTV-GITCHG-000327,974d6b6dcdc15b0b027e265f25fb7686454a878b,A,,docs/architecture/evidence/CineWatch_TV_V1_A3_Signature_Cinematic_Selected_Direction_001.json,55,0,TRAINING_ELIGIBLE
CWTV-GITCHG-000328,974d6b6dcdc15b0b027e265f25fb7686454a878b,A,,docs/architecture/evidence/CineWatch_TV_V1_A3_Signature_Cinematic_Selected_Direction_001.png,,,TRAINING_ELIGIBLE
CWTV-GITCHG-000329,974d6b6dcdc15b0b027e265f25fb7686454a878b,M,,docs/progress/CineWatch_TV_Engineering_Chronicle.md,3,1,REFERENCE_ONLY
CWTV-GITCHG-000330,974d6b6dcdc15b0b027e265f25fb7686454a878b,M,,docs/progress/activity/engineering-events.jsonl,1,0,TRAINING_ELIGIBLE
CWTV-GITCHG-000331,974d6b6dcdc15b0b027e265f25fb7686454a878b,M,,docs/progress/dashboard/progress-data.json,54,6,REFERENCE_ONLY
CWTV-GITCHG-000332,974d6b6dcdc15b0b027e265f25fb7686454a878b,A,,scripts/check_brand_streaming_signature_selection.py,147,0,TRAINING_ELIGIBLE
CWTV-GITCHG-000333,974d6b6dcdc15b0b027e265f25fb7686454a878b,A,,tests/repository/test_brand_streaming_signature_selection.py,29,0,TRAINING_ELIGIBLE
CWTV-GITCHG-000334,20e851e5eb0577831b0b05bc3cb6c92ee6319e43,M,,docs/progress/CineWatch_TV_Engineering_Chronicle.md,2,1,REFERENCE_ONLY
CWTV-GITCHG-000335,20e851e5eb0577831b0b05bc3cb6c92ee6319e43,M,,docs/progress/activity/engineering-events.jsonl,1,0,TRAINING_ELIGIBLE
CWTV-GITCHG-000336,20e851e5eb0577831b0b05bc3cb6c92ee6319e43,M,,docs/progress/dashboard/progress-data.json,34,5,REFERENCE_ONLY
CWTV-GITCHG-000337,eed31123509a5a7410f45d95a815164451055a47,M,,nexvox/engineering/DATASET_CARD.md,13,13,REFERENCE_ONLY
CWTV-GITCHG-000338,eed31123509a5a7410f45d95a815164451055a47,M,,nexvox/engineering/checksums.sha256,20,20,REFERENCE_ONLY
CWTV-GITCHG-000339,eed31123509a5a7410f45d95a815164451055a47,M,,nexvox/engineering/datasets/artifacts.csv,1,0,REFERENCE_ONLY
CWTV-GITCHG-000340,eed31123509a5a7410f45d95a815164451055a47,M,,nexvox/engineering/datasets/commit-changes.csv,32,0,REFERENCE_ONLY
CWTV-GITCHG-000341,eed31123509a5a7410f45d95a815164451055a47,M,,nexvox/engineering/datasets/commits.csv,3,0,REFERENCE_ONLY
CWTV-GITCHG-000342,eed31123509a5a7410f45d95a815164451055a47,M,,nexvox/engineering/datasets/decisions.csv,7,7,REFERENCE_ONLY
CWTV-GITCHG-000343,eed31123509a5a7410f45d95a815164451055a47,M,,nexvox/engineering/datasets/dependencies.csv,240,228,REFERENCE_ONLY
CWTV-GITCHG-000344,eed31123509a5a7410f45d95a815164451055a47,M,,nexvox/engineering/datasets/history-records.jsonl,7,0,REFERENCE_ONLY
CWTV-GITCHG-000345,eed31123509a5a7410f45d95a815164451055a47,M,,nexvox/engineering/datasets/knowledge-records.jsonl,326,318,REFERENCE_ONLY
CWTV-GITCHG-000346,eed31123509a5a7410f45d95a815164451055a47,M,,nexvox/engineering/datasets/milestones.csv,1,1,REFERENCE_ONLY
CWTV-GITCHG-000347,eed31123509a5a7410f45d95a815164451055a47,M,,nexvox/engineering/datasets/qualifications.csv,1,0,REFERENCE_ONLY
CWTV-GITCHG-000348,eed31123509a5a7410f45d95a815164451055a47,M,,nexvox/engineering/datasets/repository-file-versions.csv,32,0,REFERENCE_ONLY
CWTV-GITCHG-000349,eed31123509a5a7410f45d95a815164451055a47,M,,nexvox/engineering/datasets/repository-files.csv,29,24,REFERENCE_ONLY
CWTV-GITCHG-000350,eed31123509a5a7410f45d95a815164451055a47,M,,nexvox/engineering/datasets/source-reconciliations.csv,1,1,REFERENCE_ONLY
CWTV-GITCHG-000351,eed31123509a5a7410f45d95a815164451055a47,M,,nexvox/engineering/datasets/symbols.csv,142,134,REFERENCE_ONLY
CWTV-GITCHG-000352,eed31123509a5a7410f45d95a815164451055a47,M,,nexvox/engineering/manifests/corpus-manifest.yaml,10,10,REFERENCE_ONLY
CWTV-GITCHG-000353,eed31123509a5a7410f45d95a815164451055a47,M,,nexvox/engineering/manifests/sync-state.yaml,2,2,REFERENCE_ONLY
CWTV-GITCHG-000354,eed31123509a5a7410f45d95a815164451055a47,M,,nexvox/engineering/narratives/architecture-decisions.md,1,1,REFERENCE_ONLY
CWTV-GITCHG-000355,eed31123509a5a7410f45d95a815164451055a47,M,,nexvox/engineering/narratives/engineering-history.md,6,3,REFERENCE_ONLY
CWTV-GITCHG-000356,eed31123509a5a7410f45d95a815164451055a47,M,,nexvox/engineering/narratives/engineering-methods.md,1,1,REFERENCE_ONLY
CWTV-GITCHG-000357,eed31123509a5a7410f45d95a815164451055a47,M,,nexvox/engineering/narratives/failures-corrections-lessons.md,1,1,REFERENCE_ONLY
CWTV-GITCHG-000358,7f6dc58a51f202991c562255a472f40d00584c58,A,,docs/architecture/CineWatch_TV_V1_A3_Master_Geometry_Parameterization_001.md,375,0,TRAINING_ELIGIBLE
CWTV-GITCHG-000359,7f6dc58a51f202991c562255a472f40d00584c58,A,,docs/architecture/geometry/CineWatch_TV_V1_A3_Master_Geometry_Parameters_001.json,135,0,TRAINING_ELIGIBLE
CWTV-GITCHG-000360,7f6dc58a51f202991c562255a472f40d00584c58,M,,docs/progress/CineWatch_TV_Engineering_Chronicle.md,8,4,REFERENCE_ONLY
CWTV-GITCHG-000361,7f6dc58a51f202991c562255a472f40d00584c58,M,,docs/progress/activity/engineering-events.jsonl,2,0,TRAINING_ELIGIBLE
CWTV-GITCHG-000362,7f6dc58a51f202991c562255a472f40d00584c58,M,,docs/progress/dashboard/progress-data.json,107,9,REFERENCE_ONLY
CWTV-GITCHG-000363,7f6dc58a51f202991c562255a472f40d00584c58,A,,scripts/check_a3_master_geometry_parameterization.py,264,0,TRAINING_ELIGIBLE
CWTV-GITCHG-000364,7f6dc58a51f202991c562255a472f40d00584c58,A,,tests/repository/test_a3_master_geometry_parameterization.py,29,0,TRAINING_ELIGIBLE
CWTV-GITCHG-000365,6f140affbeacb646bfd90089b0e9b008e88be955,M,,nexvox/engineering/DATASET_CARD.md,13,13,REFERENCE_ONLY
CWTV-GITCHG-000366,6f140affbeacb646bfd90089b0e9b008e88be955,M,,nexvox/engineering/checksums.sha256,20,20,REFERENCE_ONLY
CWTV-GITCHG-000367,6f140affbeacb646bfd90089b0e9b008e88be955,M,,nexvox/engineering/datasets/artifacts.csv,1,0,REFERENCE_ONLY
CWTV-GITCHG-000368,6f140affbeacb646bfd90089b0e9b008e88be955,M,,nexvox/engineering/datasets/commit-changes.csv,28,0,REFERENCE_ONLY
CWTV-GITCHG-000369,6f140affbeacb646bfd90089b0e9b008e88be955,M,,nexvox/engineering/datasets/commits.csv,2,0,REFERENCE_ONLY
CWTV-GITCHG-000370,6f140affbeacb646bfd90089b0e9b008e88be955,M,,nexvox/engineering/datasets/decisions.csv,7,7,REFERENCE_ONLY
CWTV-GITCHG-000371,6f140affbeacb646bfd90089b0e9b008e88be955,M,,nexvox/engineering/datasets/dependencies.csv,256,244,REFERENCE_ONLY
CWTV-GITCHG-000372,6f140affbeacb646bfd90089b0e9b008e88be955,M,,nexvox/engineering/datasets/history-records.jsonl,5,0,REFERENCE_ONLY
CWTV-GITCHG-000373,6f140affbeacb646bfd90089b0e9b008e88be955,M,,nexvox/engineering/datasets/knowledge-records.jsonl,338,326,REFERENCE_ONLY
CWTV-GITCHG-000374,6f140affbeacb646bfd90089b0e9b008e88be955,M,,nexvox/engineering/datasets/milestones.csv,1,0,REFERENCE_ONLY
CWTV-GITCHG-000375,6f140affbeacb646bfd90089b0e9b008e88be955,M,,nexvox/engineering/datasets/qualifications.csv,1,0,REFERENCE_ONLY
CWTV-GITCHG-000376,6f140affbeacb646bfd90089b0e9b008e88be955,M,,nexvox/engineering/datasets/repository-file-versions.csv,28,0,REFERENCE_ONLY
CWTV-GITCHG-000377,6f140affbeacb646bfd90089b0e9b008e88be955,M,,nexvox/engineering/datasets/repository-files.csv,28,24,REFERENCE_ONLY
CWTV-GITCHG-000378,6f140affbeacb646bfd90089b0e9b008e88be955,M,,nexvox/engineering/datasets/source-reconciliations.csv,1,1,REFERENCE_ONLY
CWTV-GITCHG-000379,6f140affbeacb646bfd90089b0e9b008e88be955,M,,nexvox/engineering/datasets/symbols.csv,150,143,REFERENCE_ONLY
CWTV-GITCHG-000380,6f140affbeacb646bfd90089b0e9b008e88be955,M,,nexvox/engineering/manifests/corpus-manifest.yaml,10,10,REFERENCE_ONLY
CWTV-GITCHG-000381,6f140affbeacb646bfd90089b0e9b008e88be955,M,,nexvox/engineering/manifests/sync-state.yaml,2,2,REFERENCE_ONLY
CWTV-GITCHG-000382,6f140affbeacb646bfd90089b0e9b008e88be955,M,,nexvox/engineering/narratives/architecture-decisions.md,1,1,REFERENCE_ONLY
CWTV-GITCHG-000383,6f140affbeacb646bfd90089b0e9b008e88be955,M,,nexvox/engineering/narratives/engineering-history.md,5,2,REFERENCE_ONLY
CWTV-GITCHG-000384,6f140affbeacb646bfd90089b0e9b008e88be955,M,,nexvox/engineering/narratives/engineering-methods.md,1,1,REFERENCE_ONLY
CWTV-GITCHG-000385,6f140affbeacb646bfd90089b0e9b008e88be955,M,,nexvox/engineering/narratives/failures-corrections-lessons.md,1,1,REFERENCE_ONLY
CWTV-GITCHG-000386,17a07d1d8625eabb3ed728d55934cf61789c77b0,D,,apps/web/public/brand/.gitkeep,0,0,REFERENCE_ONLY
CWTV-GITCHG-000387,17a07d1d8625eabb3ed728d55934cf61789c77b0,A,,apps/web/public/brand/asset-manifest.json,187,0,TRAINING_ELIGIBLE
CWTV-GITCHG-000388,17a07d1d8625eabb3ed728d55934cf61789c77b0,A,,apps/web/public/brand/cinewatch-lockup-on-dark.svg,1,0,TRAINING_ELIGIBLE
CWTV-GITCHG-000389,17a07d1d8625eabb3ed728d55934cf61789c77b0,A,,apps/web/public/brand/cinewatch-lockup-on-light.svg,1,0,TRAINING_ELIGIBLE
CWTV-GITCHG-000390,17a07d1d8625eabb3ed728d55934cf61789c77b0,A,,apps/web/public/brand/cinewatch-mark-m1-full.svg,1,0,TRAINING_ELIGIBLE
CWTV-GITCHG-000391,17a07d1d8625eabb3ed728d55934cf61789c77b0,A,,apps/web/public/brand/cinewatch-mark-r1a-black.svg,1,0,TRAINING_ELIGIBLE
CWTV-GITCHG-000392,17a07d1d8625eabb3ed728d55934cf61789c77b0,A,,apps/web/public/brand/cinewatch-mark-r1a-full.svg,1,0,TRAINING_ELIGIBLE
CWTV-GITCHG-000393,17a07d1d8625eabb3ed728d55934cf61789c77b0,A,,apps/web/public/brand/cinewatch-mark-r1a-white.svg,1,0,TRAINING_ELIGIBLE
CWTV-GITCHG-000394,17a07d1d8625eabb3ed728d55934cf61789c77b0,A,,apps/web/public/brand/cinewatch-wordmark-on-dark.svg,1,0,TRAINING_ELIGIBLE
CWTV-GITCHG-000395,17a07d1d8625eabb3ed728d55934cf61789c77b0,A,,apps/web/public/brand/cinewatch-wordmark-on-light.svg,1,0,TRAINING_ELIGIBLE
CWTV-GITCHG-000396,17a07d1d8625eabb3ed728d55934cf61789c77b0,D,,apps/web/public/icons/.gitkeep,0,0,REFERENCE_ONLY
CWTV-GITCHG-000397,17a07d1d8625eabb3ed728d55934cf61789c77b0,A,,apps/web/public/icons/cinewatch-app-icon-180.png,,,TRAINING_ELIGIBLE
CWTV-GITCHG-000398,17a07d1d8625eabb3ed728d55934cf61789c77b0,A,,apps/web/public/icons/cinewatch-app-icon-192.png,,,TRAINING_ELIGIBLE
CWTV-GITCHG-000399,17a07d1d8625eabb3ed728d55934cf61789c77b0,A,,apps/web/public/icons/cinewatch-app-icon-512.png,,,TRAINING_ELIGIBLE
CWTV-GITCHG-000400,17a07d1d8625eabb3ed728d55934cf61789c77b0,A,,apps/web/public/icons/cinewatch-app-icon-light-512.png,,,TRAINING_ELIGIBLE
CWTV-GITCHG-000401,17a07d1d8625eabb3ed728d55934cf61789c77b0,A,,apps/web/public/icons/cinewatch-favicon-16.png,,,TRAINING_ELIGIBLE
CWTV-GITCHG-000402,17a07d1d8625eabb3ed728d55934cf61789c77b0,A,,apps/web/public/icons/cinewatch-favicon-32.png,,,TRAINING_ELIGIBLE
CWTV-GITCHG-000403,17a07d1d8625eabb3ed728d55934cf61789c77b0,A,,apps/web/public/icons/cinewatch-favicon-48.png,,,TRAINING_ELIGIBLE
CWTV-GITCHG-000404,17a07d1d8625eabb3ed728d55934cf61789c77b0,A,,apps/web/public/icons/cinewatch-maskable-icon-512.png,,,TRAINING_ELIGIBLE
CWTV-GITCHG-000405,17a07d1d8625eabb3ed728d55934cf61789c77b0,A,,apps/web/public/icons/cinewatch-micro-16.png,,,TRAINING_ELIGIBLE
CWTV-GITCHG-000406,17a07d1d8625eabb3ed728d55934cf61789c77b0,A,,apps/web/public/icons/cinewatch-micro-24.png,,,TRAINING_ELIGIBLE
CWTV-GITCHG-000407,17a07d1d8625eabb3ed728d55934cf61789c77b0,A,,apps/web/public/icons/cinewatch-micro-32.png,,,TRAINING_ELIGIBLE
CWTV-GITCHG-000408,17a07d1d8625eabb3ed728d55934cf61789c77b0,D,,apps/web/public/seo/.gitkeep,0,0,REFERENCE_ONLY
CWTV-GITCHG-000409,17a07d1d8625eabb3ed728d55934cf61789c77b0,A,,apps/web/public/seo/cinewatch-og-1200x630.png,,,TRAINING_ELIGIBLE
CWTV-GITCHG-000410,17a07d1d8625eabb3ed728d55934cf61789c77b0,A,,apps/web/public/seo/cinewatch-social-1080x1080.png,,,TRAINING_ELIGIBLE
CWTV-GITCHG-000411,17a07d1d8625eabb3ed728d55934cf61789c77b0,A,,apps/web/src/app/brand-qualification/brand-qualification.module.css,432,0,TRAINING_ELIGIBLE
CWTV-GITCHG-000412,17a07d1d8625eabb3ed728d55934cf61789c77b0,A,,apps/web/src/app/brand-qualification/page.tsx,205,0,TRAINING_ELIGIBLE
CWTV-GITCHG-000413,17a07d1d8625eabb3ed728d55934cf61789c77b0,M,,apps/web/src/app/layout.tsx,23,0,TRAINING_ELIGIBLE
CWTV-GITCHG-000414,17a07d1d8625eabb3ed728d55934cf61789c77b0,M,,apps/web/src/app/manifest.ts,22,0,TRAINING_ELIGIBLE
CWTV-GITCHG-000415,17a07d1d8625eabb3ed728d55934cf61789c77b0,A,,docs/architecture/CineWatch_TV_V1_Production_Brand_Asset_Browser_Qualification_001.md,110,0,TRAINING_ELIGIBLE
CWTV-GITCHG-000416,17a07d1d8625eabb3ed728d55934cf61789c77b0,A,,docs/architecture/evidence/CineWatch_TV_V1_Production_Brand_Browser_Approval_001.json,46,0,TRAINING_ELIGIBLE
CWTV-GITCHG-000417,17a07d1d8625eabb3ed728d55934cf61789c77b0,A,,docs/architecture/geometry/CineWatch_TV_V1_A3_Production_Geometry_System_001.json,128,0,TRAINING_ELIGIBLE
CWTV-GITCHG-000418,17a07d1d8625eabb3ed728d55934cf61789c77b0,M,,docs/progress/CineWatch_TV_Engineering_Chronicle.md,14,4,REFERENCE_ONLY
CWTV-GITCHG-000419,17a07d1d8625eabb3ed728d55934cf61789c77b0,M,,docs/progress/activity/engineering-events.jsonl,6,0,TRAINING_ELIGIBLE
CWTV-GITCHG-000420,17a07d1d8625eabb3ed728d55934cf61789c77b0,M,,docs/progress/dashboard/progress-data.json,274,9,REFERENCE_ONLY
CWTV-GITCHG-000421,17a07d1d8625eabb3ed728d55934cf61789c77b0,M,,scripts/check_frontend_skeleton.py,43,8,TRAINING_ELIGIBLE
CWTV-GITCHG-000422,17a07d1d8625eabb3ed728d55934cf61789c77b0,A,,scripts/check_production_brand_assets.py,213,0,TRAINING_ELIGIBLE
CWTV-GITCHG-000423,17a07d1d8625eabb3ed728d55934cf61789c77b0,A,,tests/repository/test_production_brand_assets.py,28,0,TRAINING_ELIGIBLE
CWTV-GITCHG-000424,67709f5400b692d400f1be8ac27f15cb2c0d659c,M,,nexvox/engineering/DATASET_CARD.md,12,12,REFERENCE_ONLY
CWTV-GITCHG-000425,67709f5400b692d400f1be8ac27f15cb2c0d659c,M,,nexvox/engineering/checksums.sha256,20,20,REFERENCE_ONLY
CWTV-GITCHG-000426,67709f5400b692d400f1be8ac27f15cb2c0d659c,M,,nexvox/engineering/datasets/artifacts.csv,3,0,REFERENCE_ONLY
CWTV-GITCHG-000427,67709f5400b692d400f1be8ac27f15cb2c0d659c,M,,nexvox/engineering/datasets/commit-changes.csv,59,0,REFERENCE_ONLY
CWTV-GITCHG-000428,67709f5400b692d400f1be8ac27f15cb2c0d659c,M,,nexvox/engineering/datasets/commits.csv,2,0,REFERENCE_ONLY
CWTV-GITCHG-000429,67709f5400b692d400f1be8ac27f15cb2c0d659c,M,,nexvox/engineering/datasets/decisions.csv,7,7,REFERENCE_ONLY
CWTV-GITCHG-000430,67709f5400b692d400f1be8ac27f15cb2c0d659c,M,,nexvox/engineering/datasets/dependencies.csv,324,309,REFERENCE_ONLY
CWTV-GITCHG-000431,67709f5400b692d400f1be8ac27f15cb2c0d659c,M,,nexvox/engineering/datasets/history-records.jsonl,33,0,REFERENCE_ONLY
CWTV-GITCHG-000432,67709f5400b692d400f1be8ac27f15cb2c0d659c,M,,nexvox/engineering/datasets/knowledge-records.jsonl,361,338,REFERENCE_ONLY
CWTV-GITCHG-000433,67709f5400b692d400f1be8ac27f15cb2c0d659c,M,,nexvox/engineering/datasets/milestones.csv,1,0,REFERENCE_ONLY
CWTV-GITCHG-000434,67709f5400b692d400f1be8ac27f15cb2c0d659c,M,,nexvox/engineering/datasets/qualifications.csv,1,0,REFERENCE_ONLY
CWTV-GITCHG-000435,67709f5400b692d400f1be8ac27f15cb2c0d659c,M,,nexvox/engineering/datasets/repository-file-versions.csv,59,0,REFERENCE_ONLY
CWTV-GITCHG-000436,67709f5400b692d400f1be8ac27f15cb2c0d659c,M,,nexvox/engineering/datasets/repository-files.csv,56,30,REFERENCE_ONLY
CWTV-GITCHG-000437,67709f5400b692d400f1be8ac27f15cb2c0d659c,M,,nexvox/engineering/datasets/source-reconciliations.csv,1,1,REFERENCE_ONLY
CWTV-GITCHG-000438,67709f5400b692d400f1be8ac27f15cb2c0d659c,M,,nexvox/engineering/datasets/symbols.csv,243,235,REFERENCE_ONLY
CWTV-GITCHG-000439,67709f5400b692d400f1be8ac27f15cb2c0d659c,M,,nexvox/engineering/manifests/corpus-manifest.yaml,11,11,REFERENCE_ONLY
CWTV-GITCHG-000440,67709f5400b692d400f1be8ac27f15cb2c0d659c,M,,nexvox/engineering/manifests/sync-state.yaml,2,2,REFERENCE_ONLY
CWTV-GITCHG-000441,67709f5400b692d400f1be8ac27f15cb2c0d659c,M,,nexvox/engineering/narratives/architecture-decisions.md,1,1,REFERENCE_ONLY
CWTV-GITCHG-000442,67709f5400b692d400f1be8ac27f15cb2c0d659c,M,,nexvox/engineering/narratives/engineering-history.md,5,2,REFERENCE_ONLY
CWTV-GITCHG-000443,67709f5400b692d400f1be8ac27f15cb2c0d659c,M,,nexvox/engineering/narratives/engineering-methods.md,1,1,REFERENCE_ONLY
CWTV-GITCHG-000444,67709f5400b692d400f1be8ac27f15cb2c0d659c,M,,nexvox/engineering/narratives/failures-corrections-lessons.md,1,1,REFERENCE_ONLY
CWTV-GITCHG-000445,66ab95a0580dbad3fb19e325c32fe20280ac3314,M,,docs/progress/CineWatch_TV_Engineering_Chronicle.md,12,9,REFERENCE_ONLY
CWTV-GITCHG-000446,66ab95a0580dbad3fb19e325c32fe20280ac3314,M,,docs/progress/activity/engineering-events.jsonl,3,0,TRAINING_ELIGIBLE
CWTV-GITCHG-000447,66ab95a0580dbad3fb19e325c32fe20280ac3314,M,,docs/progress/dashboard/progress-data.json,114,20,REFERENCE_ONLY
CWTV-GITCHG-000448,66ab95a0580dbad3fb19e325c32fe20280ac3314,M,,scripts/build_progress_dashboard.py,23,5,TRAINING_ELIGIBLE
CWTV-GITCHG-000449,66ab95a0580dbad3fb19e325c32fe20280ac3314,M,,scripts/check_engineering_chronicle.py,46,0,TRAINING_ELIGIBLE
CWTV-GITCHG-000450,6ecb5ad5d7dd1cd6e45534c6e92318e4ad9dd15d,M,,nexvox/engineering/DATASET_CARD.md,11,11,REFERENCE_ONLY
CWTV-GITCHG-000451,6ecb5ad5d7dd1cd6e45534c6e92318e4ad9dd15d,M,,nexvox/engineering/checksums.sha256,18,18,REFERENCE_ONLY
CWTV-GITCHG-000452,6ecb5ad5d7dd1cd6e45534c6e92318e4ad9dd15d,M,,nexvox/engineering/datasets/commit-changes.csv,26,0,REFERENCE_ONLY
CWTV-GITCHG-000453,6ecb5ad5d7dd1cd6e45534c6e92318e4ad9dd15d,M,,nexvox/engineering/datasets/commits.csv,2,0,REFERENCE_ONLY
CWTV-GITCHG-000454,6ecb5ad5d7dd1cd6e45534c6e92318e4ad9dd15d,M,,nexvox/engineering/datasets/decisions.csv,7,7,REFERENCE_ONLY
CWTV-GITCHG-000455,6ecb5ad5d7dd1cd6e45534c6e92318e4ad9dd15d,M,,nexvox/engineering/datasets/history-records.jsonl,3,0,REFERENCE_ONLY
CWTV-GITCHG-000456,6ecb5ad5d7dd1cd6e45534c6e92318e4ad9dd15d,M,,nexvox/engineering/datasets/knowledge-records.jsonl,363,361,REFERENCE_ONLY
CWTV-GITCHG-000457,6ecb5ad5d7dd1cd6e45534c6e92318e4ad9dd15d,M,,nexvox/engineering/datasets/milestones.csv,1,1,REFERENCE_ONLY
CWTV-GITCHG-000458,6ecb5ad5d7dd1cd6e45534c6e92318e4ad9dd15d,M,,nexvox/engineering/datasets/qualifications.csv,1,0,REFERENCE_ONLY
CWTV-GITCHG-000459,6ecb5ad5d7dd1cd6e45534c6e92318e4ad9dd15d,M,,nexvox/engineering/datasets/repository-file-versions.csv,26,0,REFERENCE_ONLY
CWTV-GITCHG-000460,6ecb5ad5d7dd1cd6e45534c6e92318e4ad9dd15d,M,,nexvox/engineering/datasets/repository-files.csv,26,26,REFERENCE_ONLY
CWTV-GITCHG-000461,6ecb5ad5d7dd1cd6e45534c6e92318e4ad9dd15d,M,,nexvox/engineering/datasets/source-reconciliations.csv,1,1,REFERENCE_ONLY
CWTV-GITCHG-000462,6ecb5ad5d7dd1cd6e45534c6e92318e4ad9dd15d,M,,nexvox/engineering/datasets/symbols.csv,169,167,REFERENCE_ONLY
CWTV-GITCHG-000463,6ecb5ad5d7dd1cd6e45534c6e92318e4ad9dd15d,M,,nexvox/engineering/manifests/corpus-manifest.yaml,8,8,REFERENCE_ONLY
CWTV-GITCHG-000464,6ecb5ad5d7dd1cd6e45534c6e92318e4ad9dd15d,M,,nexvox/engineering/manifests/sync-state.yaml,2,2,REFERENCE_ONLY
CWTV-GITCHG-000465,6ecb5ad5d7dd1cd6e45534c6e92318e4ad9dd15d,M,,nexvox/engineering/narratives/architecture-decisions.md,1,1,REFERENCE_ONLY
CWTV-GITCHG-000466,6ecb5ad5d7dd1cd6e45534c6e92318e4ad9dd15d,M,,nexvox/engineering/narratives/engineering-history.md,5,3,REFERENCE_ONLY
CWTV-GITCHG-000467,6ecb5ad5d7dd1cd6e45534c6e92318e4ad9dd15d,M,,nexvox/engineering/narratives/engineering-methods.md,1,1,REFERENCE_ONLY
CWTV-GITCHG-000468,6ecb5ad5d7dd1cd6e45534c6e92318e4ad9dd15d,M,,nexvox/engineering/narratives/failures-corrections-lessons.md,1,1,REFERENCE_ONLY
CWTV-GITCHG-000469,3b65789d8888a7765e2747dbd9cbd1730e4fd4c2,M,,.env.example,5,1,TRAINING_ELIGIBLE
CWTV-GITCHG-000470,3b65789d8888a7765e2747dbd9cbd1730e4fd4c2,M,,.github/workflows/ci.yml,1,0,TRAINING_ELIGIBLE
CWTV-GITCHG-000471,3b65789d8888a7765e2747dbd9cbd1730e4fd4c2,M,,SECURITY.md,4,0,TRAINING_ELIGIBLE
CWTV-GITCHG-000472,3b65789d8888a7765e2747dbd9cbd1730e4fd4c2,A,,apps/web/public/provider-fallbacks/backdrops/.gitkeep,0,0,REFERENCE_ONLY
CWTV-GITCHG-000473,3b65789d8888a7765e2747dbd9cbd1730e4fd4c2,A,,apps/web/public/provider-fallbacks/manifest.json,5,0,TRAINING_ELIGIBLE
CWTV-GITCHG-000474,3b65789d8888a7765e2747dbd9cbd1730e4fd4c2,A,,apps/web/public/provider-fallbacks/networks/.gitkeep,0,0,REFERENCE_ONLY
CWTV-GITCHG-000475,3b65789d8888a7765e2747dbd9cbd1730e4fd4c2,A,,apps/web/public/provider-fallbacks/people/.gitkeep,0,0,REFERENCE_ONLY
CWTV-GITCHG-000476,3b65789d8888a7765e2747dbd9cbd1730e4fd4c2,A,,apps/web/public/provider-fallbacks/posters/.gitkeep,0,0,REFERENCE_ONLY
CWTV-GITCHG-000477,3b65789d8888a7765e2747dbd9cbd1730e4fd4c2,A,,docs/architecture/CineWatch_TV_V1_Local_Provider_Runtime_Secret_Boundary_and_Media_Fallback_Authority_001.md,116,0,TRAINING_ELIGIBLE
CWTV-GITCHG-000478,3b65789d8888a7765e2747dbd9cbd1730e4fd4c2,A,,docs/architecture/decisions/CWTV_ADR_0008_Provider_Runtime_and_Media_Fallback_Authority.md,19,0,TRAINING_ELIGIBLE
CWTV-GITCHG-000479,3b65789d8888a7765e2747dbd9cbd1730e4fd4c2,M,,package.json,5,2,TRAINING_ELIGIBLE
CWTV-GITCHG-000480,3b65789d8888a7765e2747dbd9cbd1730e4fd4c2,M,,scripts/README.md,5,0,TRAINING_ELIGIBLE
CWTV-GITCHG-000481,3b65789d8888a7765e2747dbd9cbd1730e4fd4c2,M,,scripts/check_ci_security_quality.py,12,1,TRAINING_ELIGIBLE
CWTV-GITCHG-000482,3b65789d8888a7765e2747dbd9cbd1730e4fd4c2,A,,scripts/check_provider_runtime.py,132,0,TRAINING_ELIGIBLE
CWTV-GITCHG-000483,3b65789d8888a7765e2747dbd9cbd1730e4fd4c2,A,,scripts/probe_provider_runtime.py,57,0,TRAINING_ELIGIBLE
CWTV-GITCHG-000484,3b65789d8888a7765e2747dbd9cbd1730e4fd4c2,A,,scripts/reconcile_provider_fallbacks.py,112,0,TRAINING_ELIGIBLE
CWTV-GITCHG-000485,3b65789d8888a7765e2747dbd9cbd1730e4fd4c2,M,,services/api/README.md,22,1,TRAINING_ELIGIBLE
CWTV-GITCHG-000486,3b65789d8888a7765e2747dbd9cbd1730e4fd4c2,A,,services/api/cinewatch_api/media/__init__.py,1,0,TRAINING_ELIGIBLE
CWTV-GITCHG-000487,3b65789d8888a7765e2747dbd9cbd1730e4fd4c2,A,,services/api/cinewatch_api/media/fallbacks.py,90,0,TRAINING_ELIGIBLE
CWTV-GITCHG-000488,3b65789d8888a7765e2747dbd9cbd1730e4fd4c2,A,,services/api/cinewatch_api/providers/__init__.py,1,0,TRAINING_ELIGIBLE
CWTV-GITCHG-000489,3b65789d8888a7765e2747dbd9cbd1730e4fd4c2,A,,services/api/cinewatch_api/providers/errors.py,41,0,TRAINING_ELIGIBLE
CWTV-GITCHG-000490,3b65789d8888a7765e2747dbd9cbd1730e4fd4c2,A,,services/api/cinewatch_api/providers/omdb.py,113,0,TRAINING_ELIGIBLE
CWTV-GITCHG-000491,3b65789d8888a7765e2747dbd9cbd1730e4fd4c2,A,,services/api/cinewatch_api/providers/tmdb.py,120,0,TRAINING_ELIGIBLE
CWTV-GITCHG-000492,3b65789d8888a7765e2747dbd9cbd1730e4fd4c2,M,,services/api/cinewatch_api/settings.py,3,1,TRAINING_ELIGIBLE
CWTV-GITCHG-000493,3b65789d8888a7765e2747dbd9cbd1730e4fd4c2,M,,services/api/pyproject.toml,1,1,TRAINING_ELIGIBLE
CWTV-GITCHG-000494,3b65789d8888a7765e2747dbd9cbd1730e4fd4c2,A,,services/api/tests/test_media_fallbacks.py,25,0,TRAINING_ELIGIBLE
CWTV-GITCHG-000495,3b65789d8888a7765e2747dbd9cbd1730e4fd4c2,A,,services/api/tests/test_provider_clients.py,91,0,TRAINING_ELIGIBLE
CWTV-GITCHG-000496,3b65789d8888a7765e2747dbd9cbd1730e4fd4c2,A,,services/api/tests/test_provider_settings.py,18,0,TRAINING_ELIGIBLE
CWTV-GITCHG-000497,3b65789d8888a7765e2747dbd9cbd1730e4fd4c2,A,,tests/repository/test_provider_runtime.py,27,0,TRAINING_ELIGIBLE
CWTV-GITCHG-000498,c6d5c298de22d88b818c854240b29b1cee2cc4e1,M,,nexvox/engineering/DATASET_CARD.md,11,11,REFERENCE_ONLY
CWTV-GITCHG-000499,c6d5c298de22d88b818c854240b29b1cee2cc4e1,M,,nexvox/engineering/checksums.sha256,17,17,REFERENCE_ONLY
CWTV-GITCHG-000500,c6d5c298de22d88b818c854240b29b1cee2cc4e1,M,,nexvox/engineering/datasets/commit-changes.csv,48,0,REFERENCE_ONLY
CWTV-GITCHG-000501,c6d5c298de22d88b818c854240b29b1cee2cc4e1,M,,nexvox/engineering/datasets/commits.csv,2,0,REFERENCE_ONLY
CWTV-GITCHG-000502,c6d5c298de22d88b818c854240b29b1cee2cc4e1,M,,nexvox/engineering/datasets/decisions.csv,8,7,REFERENCE_ONLY
CWTV-GITCHG-000503,c6d5c298de22d88b818c854240b29b1cee2cc4e1,M,,nexvox/engineering/datasets/dependencies.csv,265,209,REFERENCE_ONLY
CWTV-GITCHG-000504,c6d5c298de22d88b818c854240b29b1cee2cc4e1,M,,nexvox/engineering/datasets/history-records.jsonl,25,0,REFERENCE_ONLY
CWTV-GITCHG-000505,c6d5c298de22d88b818c854240b29b1cee2cc4e1,M,,nexvox/engineering/datasets/knowledge-records.jsonl,386,363,REFERENCE_ONLY
CWTV-GITCHG-000506,c6d5c298de22d88b818c854240b29b1cee2cc4e1,M,,nexvox/engineering/datasets/repository-file-versions.csv,48,0,REFERENCE_ONLY
CWTV-GITCHG-000507,c6d5c298de22d88b818c854240b29b1cee2cc4e1,M,,nexvox/engineering/datasets/repository-files.csv,48,28,REFERENCE_ONLY
CWTV-GITCHG-000508,c6d5c298de22d88b818c854240b29b1cee2cc4e1,M,,nexvox/engineering/datasets/source-reconciliations.csv,1,1,REFERENCE_ONLY
CWTV-GITCHG-000509,c6d5c298de22d88b818c854240b29b1cee2cc4e1,M,,nexvox/engineering/datasets/symbols.csv,169,116,REFERENCE_ONLY
CWTV-GITCHG-000510,c6d5c298de22d88b818c854240b29b1cee2cc4e1,M,,nexvox/engineering/manifests/corpus-manifest.yaml,10,10,REFERENCE_ONLY
CWTV-GITCHG-000511,c6d5c298de22d88b818c854240b29b1cee2cc4e1,M,,nexvox/engineering/manifests/sync-state.yaml,2,2,REFERENCE_ONLY
CWTV-GITCHG-000512,c6d5c298de22d88b818c854240b29b1cee2cc4e1,M,,nexvox/engineering/narratives/architecture-decisions.md,7,1,REFERENCE_ONLY
CWTV-GITCHG-000513,c6d5c298de22d88b818c854240b29b1cee2cc4e1,M,,nexvox/engineering/narratives/engineering-history.md,4,2,REFERENCE_ONLY
CWTV-GITCHG-000514,c6d5c298de22d88b818c854240b29b1cee2cc4e1,M,,nexvox/engineering/narratives/engineering-methods.md,1,1,REFERENCE_ONLY
CWTV-GITCHG-000515,c6d5c298de22d88b818c854240b29b1cee2cc4e1,M,,nexvox/engineering/narratives/failures-corrections-lessons.md,1,1,REFERENCE_ONLY
CWTV-GITCHG-000516,e40a70abc4e36dd38eb9309238b4fbf390205141,M,,.github/workflows/ci.yml,1,0,TRAINING_ELIGIBLE
CWTV-GITCHG-000517,e40a70abc4e36dd38eb9309238b4fbf390205141,A,,docs/architecture/evidence/CineWatch_TV_V1_3_3_1_R1_NexVox_CI_Projection_History_Checkout_Correction_001.md,50,0,TRAINING_ELIGIBLE
CWTV-GITCHG-000518,e40a70abc4e36dd38eb9309238b4fbf390205141,M,,docs/progress/CineWatch_TV_Engineering_Chronicle.md,7,5,REFERENCE_ONLY
CWTV-GITCHG-000519,e40a70abc4e36dd38eb9309238b4fbf390205141,M,,docs/progress/activity/engineering-events.jsonl,1,0,TRAINING_ELIGIBLE
CWTV-GITCHG-000520,e40a70abc4e36dd38eb9309238b4fbf390205141,M,,docs/progress/dashboard/progress-data.json,59,9,REFERENCE_ONLY
CWTV-GITCHG-000521,e40a70abc4e36dd38eb9309238b4fbf390205141,A,,tests/repository/test_nexvox_ci_checkout_history.py,37,0,TRAINING_ELIGIBLE
CWTV-GITCHG-000522,a2cfb4efe2c9743d6b2fa44b51b1abe42f268c81,M,,nexvox/engineering/DATASET_CARD.md,12,12,REFERENCE_ONLY
CWTV-GITCHG-000523,a2cfb4efe2c9743d6b2fa44b51b1abe42f268c81,M,,nexvox/engineering/checksums.sha256,18,18,REFERENCE_ONLY
CWTV-GITCHG-000524,a2cfb4efe2c9743d6b2fa44b51b1abe42f268c81,M,,nexvox/engineering/datasets/commit-changes.csv,24,0,REFERENCE_ONLY
CWTV-GITCHG-000525,a2cfb4efe2c9743d6b2fa44b51b1abe42f268c81,M,,nexvox/engineering/datasets/commits.csv,2,0,REFERENCE_ONLY
CWTV-GITCHG-000526,a2cfb4efe2c9743d6b2fa44b51b1abe42f268c81,M,,nexvox/engineering/datasets/decisions.csv,8,8,REFERENCE_ONLY
CWTV-GITCHG-000527,a2cfb4efe2c9743d6b2fa44b51b1abe42f268c81,M,,nexvox/engineering/datasets/dependencies.csv,33,29,REFERENCE_ONLY
CWTV-GITCHG-000528,a2cfb4efe2c9743d6b2fa44b51b1abe42f268c81,M,,nexvox/engineering/datasets/history-records.jsonl,4,0,REFERENCE_ONLY
CWTV-GITCHG-000529,a2cfb4efe2c9743d6b2fa44b51b1abe42f268c81,M,,nexvox/engineering/datasets/knowledge-records.jsonl,388,386,REFERENCE_ONLY
CWTV-GITCHG-000530,a2cfb4efe2c9743d6b2fa44b51b1abe42f268c81,M,,nexvox/engineering/datasets/milestones.csv,1,0,REFERENCE_ONLY
CWTV-GITCHG-000531,a2cfb4efe2c9743d6b2fa44b51b1abe42f268c81,M,,nexvox/engineering/datasets/repository-file-versions.csv,24,0,REFERENCE_ONLY
CWTV-GITCHG-000532,a2cfb4efe2c9743d6b2fa44b51b1abe42f268c81,M,,nexvox/engineering/datasets/repository-files.csv,24,22,REFERENCE_ONLY
CWTV-GITCHG-000533,a2cfb4efe2c9743d6b2fa44b51b1abe42f268c81,M,,nexvox/engineering/datasets/source-reconciliations.csv,1,1,REFERENCE_ONLY
CWTV-GITCHG-000534,a2cfb4efe2c9743d6b2fa44b51b1abe42f268c81,M,,nexvox/engineering/datasets/symbols.csv,14,11,REFERENCE_ONLY
CWTV-GITCHG-000535,a2cfb4efe2c9743d6b2fa44b51b1abe42f268c81,M,,nexvox/engineering/manifests/corpus-manifest.yaml,10,10,REFERENCE_ONLY
CWTV-GITCHG-000536,a2cfb4efe2c9743d6b2fa44b51b1abe42f268c81,M,,nexvox/engineering/manifests/sync-state.yaml,2,2,REFERENCE_ONLY
CWTV-GITCHG-000537,a2cfb4efe2c9743d6b2fa44b51b1abe42f268c81,M,,nexvox/engineering/narratives/architecture-decisions.md,1,1,REFERENCE_ONLY
CWTV-GITCHG-000538,a2cfb4efe2c9743d6b2fa44b51b1abe42f268c81,M,,nexvox/engineering/narratives/engineering-history.md,5,2,REFERENCE_ONLY
CWTV-GITCHG-000539,a2cfb4efe2c9743d6b2fa44b51b1abe42f268c81,M,,nexvox/engineering/narratives/engineering-methods.md,1,1,REFERENCE_ONLY
CWTV-GITCHG-000540,a2cfb4efe2c9743d6b2fa44b51b1abe42f268c81,M,,nexvox/engineering/narratives/failures-corrections-lessons.md,1,1,REFERENCE_ONLY
CWTV-GITCHG-000541,8482db2168531bcc290a6f051743605d9aab4d11,M,,docs/progress/CineWatch_TV_Engineering_Chronicle.md,6,5,REFERENCE_ONLY
CWTV-GITCHG-000542,8482db2168531bcc290a6f051743605d9aab4d11,M,,docs/progress/activity/engineering-events.jsonl,1,0,TRAINING_ELIGIBLE
CWTV-GITCHG-000543,8482db2168531bcc290a6f051743605d9aab4d11,M,,docs/progress/dashboard/progress-data.json,40,10,REFERENCE_ONLY
CWTV-GITCHG-000544,c44735c40484c9ce3b878d6fd8f2087eb221d9bd,M,,nexvox/engineering/DATASET_CARD.md,9,9,REFERENCE_ONLY
CWTV-GITCHG-000545,c44735c40484c9ce3b878d6fd8f2087eb221d9bd,M,,nexvox/engineering/checksums.sha256,17,17,REFERENCE_ONLY
CWTV-GITCHG-000546,c44735c40484c9ce3b878d6fd8f2087eb221d9bd,M,,nexvox/engineering/datasets/commit-changes.csv,22,0,REFERENCE_ONLY
CWTV-GITCHG-000547,c44735c40484c9ce3b878d6fd8f2087eb221d9bd,M,,nexvox/engineering/datasets/commits.csv,2,0,REFERENCE_ONLY
CWTV-GITCHG-000548,c44735c40484c9ce3b878d6fd8f2087eb221d9bd,M,,nexvox/engineering/datasets/decisions.csv,8,8,REFERENCE_ONLY
CWTV-GITCHG-000549,c44735c40484c9ce3b878d6fd8f2087eb221d9bd,M,,nexvox/engineering/datasets/history-records.jsonl,1,0,REFERENCE_ONLY
CWTV-GITCHG-000550,c44735c40484c9ce3b878d6fd8f2087eb221d9bd,M,,nexvox/engineering/datasets/knowledge-records.jsonl,388,388,REFERENCE_ONLY
CWTV-GITCHG-000551,c44735c40484c9ce3b878d6fd8f2087eb221d9bd,M,,nexvox/engineering/datasets/milestones.csv,1,1,REFERENCE_ONLY
CWTV-GITCHG-000552,c44735c40484c9ce3b878d6fd8f2087eb221d9bd,M,,nexvox/engineering/datasets/qualifications.csv,1,0,REFERENCE_ONLY
CWTV-GITCHG-000553,c44735c40484c9ce3b878d6fd8f2087eb221d9bd,M,,nexvox/engineering/datasets/repository-file-versions.csv,22,0,REFERENCE_ONLY
CWTV-GITCHG-000554,c44735c40484c9ce3b878d6fd8f2087eb221d9bd,M,,nexvox/engineering/datasets/repository-files.csv,22,22,REFERENCE_ONLY
CWTV-GITCHG-000555,c44735c40484c9ce3b878d6fd8f2087eb221d9bd,M,,nexvox/engineering/datasets/source-reconciliations.csv,2,2,REFERENCE_ONLY
CWTV-GITCHG-000556,c44735c40484c9ce3b878d6fd8f2087eb221d9bd,M,,nexvox/engineering/manifests/corpus-manifest.yaml,7,7,REFERENCE_ONLY
CWTV-GITCHG-000557,c44735c40484c9ce3b878d6fd8f2087eb221d9bd,M,,nexvox/engineering/manifests/sync-state.yaml,2,2,REFERENCE_ONLY
CWTV-GITCHG-000558,c44735c40484c9ce3b878d6fd8f2087eb221d9bd,M,,nexvox/engineering/narratives/architecture-decisions.md,1,1,REFERENCE_ONLY
CWTV-GITCHG-000559,c44735c40484c9ce3b878d6fd8f2087eb221d9bd,M,,nexvox/engineering/narratives/engineering-history.md,5,3,REFERENCE_ONLY
CWTV-GITCHG-000560,c44735c40484c9ce3b878d6fd8f2087eb221d9bd,M,,nexvox/engineering/narratives/engineering-methods.md,1,1,REFERENCE_ONLY
CWTV-GITCHG-000561,c44735c40484c9ce3b878d6fd8f2087eb221d9bd,M,,nexvox/engineering/narratives/failures-corrections-lessons.md,1,1,REFERENCE_ONLY
CWTV-GITCHG-000562,06d6e0ad6753eb676104fc5c1de900d261209f52,A,,docs/architecture/CineWatch_TV_V1_TMDb_Real_Data_Homepage_Foundation_001.md,93,0,TRAINING_ELIGIBLE
CWTV-GITCHG-000563,06d6e0ad6753eb676104fc5c1de900d261209f52,A,,docs/architecture/decisions/CWTV_ADR_0009_Homepage_Data_Contract_and_TMDb_Aggregation_Authority.md,63,0,TRAINING_ELIGIBLE
CWTV-GITCHG-000564,06d6e0ad6753eb676104fc5c1de900d261209f52,A,,docs/architecture/evidence/CineWatch_TV_V1_3_3_2_1_R1_OpenAPI_Foundation_Test_Neutralization_Correction_001.md,82,0,TRAINING_ELIGIBLE
CWTV-GITCHG-000565,06d6e0ad6753eb676104fc5c1de900d261209f52,M,,docs/progress/CineWatch_TV_Engineering_Chronicle.md,11,6,REFERENCE_ONLY
CWTV-GITCHG-000566,06d6e0ad6753eb676104fc5c1de900d261209f52,M,,docs/progress/activity/engineering-events.jsonl,3,0,TRAINING_ELIGIBLE
CWTV-GITCHG-000567,06d6e0ad6753eb676104fc5c1de900d261209f52,M,,docs/progress/dashboard/progress-data.json,138,10,REFERENCE_ONLY
CWTV-GITCHG-000568,06d6e0ad6753eb676104fc5c1de900d261209f52,M,,packages/contracts/openapi/cinewatch-v1.openapi.json,332,0,REFERENCE_ONLY
CWTV-GITCHG-000569,06d6e0ad6753eb676104fc5c1de900d261209f52,M,,packages/contracts/src/generated/openapi.d.ts,169,0,REFERENCE_ONLY
CWTV-GITCHG-000570,06d6e0ad6753eb676104fc5c1de900d261209f52,M,,packages/contracts/src/index.d.ts,6,0,TRAINING_ELIGIBLE
CWTV-GITCHG-000571,06d6e0ad6753eb676104fc5c1de900d261209f52,M,,scripts/check_contract_foundation.py,52,15,TRAINING_ELIGIBLE
CWTV-GITCHG-000572,06d6e0ad6753eb676104fc5c1de900d261209f52,A,,scripts/check_homepage_data_foundation.py,137,0,TRAINING_ELIGIBLE
CWTV-GITCHG-000573,06d6e0ad6753eb676104fc5c1de900d261209f52,A,,services/api/cinewatch_api/api/v1/home.py,39,0,TRAINING_ELIGIBLE
CWTV-GITCHG-000574,06d6e0ad6753eb676104fc5c1de900d261209f52,M,,services/api/cinewatch_api/api/v1/router.py,2,0,TRAINING_ELIGIBLE
CWTV-GITCHG-000575,06d6e0ad6753eb676104fc5c1de900d261209f52,A,,services/api/cinewatch_api/contracts/home.py,78,0,TRAINING_ELIGIBLE
CWTV-GITCHG-000576,06d6e0ad6753eb676104fc5c1de900d261209f52,A,,services/api/cinewatch_api/home/__init__.py,5,0,TRAINING_ELIGIBLE
CWTV-GITCHG-000577,06d6e0ad6753eb676104fc5c1de900d261209f52,A,,services/api/cinewatch_api/home/aggregation.py,339,0,TRAINING_ELIGIBLE
CWTV-GITCHG-000578,06d6e0ad6753eb676104fc5c1de900d261209f52,A,,services/api/tests/test_home_aggregation.py,175,0,TRAINING_ELIGIBLE
CWTV-GITCHG-000579,06d6e0ad6753eb676104fc5c1de900d261209f52,A,,services/api/tests/test_home_endpoint.py,70,0,TRAINING_ELIGIBLE
CWTV-GITCHG-000580,06d6e0ad6753eb676104fc5c1de900d261209f52,M,,services/api/tests/test_openapi.py,7,8,TRAINING_ELIGIBLE
CWTV-GITCHG-000581,06d6e0ad6753eb676104fc5c1de900d261209f52,A,,tests/repository/test_homepage_data_foundation.py,27,0,TRAINING_ELIGIBLE
CWTV-GITCHG-000582,68a32afa2606ec9536f2259f7ef327f9a42a48ff,M,,nexvox/engineering/DATASET_CARD.md,14,14,REFERENCE_ONLY
CWTV-GITCHG-000583,68a32afa2606ec9536f2259f7ef327f9a42a48ff,M,,nexvox/engineering/checksums.sha256,20,20,REFERENCE_ONLY
CWTV-GITCHG-000584,68a32afa2606ec9536f2259f7ef327f9a42a48ff,M,,nexvox/engineering/datasets/commit-changes.csv,38,0,REFERENCE_ONLY
CWTV-GITCHG-000585,68a32afa2606ec9536f2259f7ef327f9a42a48ff,M,,nexvox/engineering/datasets/commits.csv,2,0,REFERENCE_ONLY
CWTV-GITCHG-000586,68a32afa2606ec9536f2259f7ef327f9a42a48ff,M,,nexvox/engineering/datasets/decisions.csv,9,8,REFERENCE_ONLY
CWTV-GITCHG-000587,68a32afa2606ec9536f2259f7ef327f9a42a48ff,M,,nexvox/engineering/datasets/dependencies.csv,325,284,REFERENCE_ONLY
CWTV-GITCHG-000588,68a32afa2606ec9536f2259f7ef327f9a42a48ff,M,,nexvox/engineering/datasets/failure-correction-chains.csv,1,0,REFERENCE_ONLY
CWTV-GITCHG-000589,68a32afa2606ec9536f2259f7ef327f9a42a48ff,M,,nexvox/engineering/datasets/history-records.jsonl,16,0,REFERENCE_ONLY
CWTV-GITCHG-000590,68a32afa2606ec9536f2259f7ef327f9a42a48ff,M,,nexvox/engineering/datasets/knowledge-records.jsonl,410,388,REFERENCE_ONLY
CWTV-GITCHG-000591,68a32afa2606ec9536f2259f7ef327f9a42a48ff,M,,nexvox/engineering/datasets/milestones.csv,2,0,REFERENCE_ONLY
CWTV-GITCHG-000592,68a32afa2606ec9536f2259f7ef327f9a42a48ff,M,,nexvox/engineering/datasets/qualifications.csv,1,0,REFERENCE_ONLY
CWTV-GITCHG-000593,68a32afa2606ec9536f2259f7ef327f9a42a48ff,M,,nexvox/engineering/datasets/repository-file-versions.csv,38,0,REFERENCE_ONLY
CWTV-GITCHG-000594,68a32afa2606ec9536f2259f7ef327f9a42a48ff,M,,nexvox/engineering/datasets/repository-files.csv,38,27,REFERENCE_ONLY
CWTV-GITCHG-000595,68a32afa2606ec9536f2259f7ef327f9a42a48ff,M,,nexvox/engineering/datasets/source-reconciliations.csv,2,2,REFERENCE_ONLY
CWTV-GITCHG-000596,68a32afa2606ec9536f2259f7ef327f9a42a48ff,M,,nexvox/engineering/datasets/symbols.csv,315,273,REFERENCE_ONLY
CWTV-GITCHG-000597,68a32afa2606ec9536f2259f7ef327f9a42a48ff,M,,nexvox/engineering/manifests/corpus-manifest.yaml,10,10,REFERENCE_ONLY
CWTV-GITCHG-000598,68a32afa2606ec9536f2259f7ef327f9a42a48ff,M,,nexvox/engineering/manifests/sync-state.yaml,2,2,REFERENCE_ONLY
CWTV-GITCHG-000599,68a32afa2606ec9536f2259f7ef327f9a42a48ff,M,,nexvox/engineering/narratives/architecture-decisions.md,7,1,REFERENCE_ONLY
CWTV-GITCHG-000600,68a32afa2606ec9536f2259f7ef327f9a42a48ff,M,,nexvox/engineering/narratives/engineering-history.md,6,2,REFERENCE_ONLY
CWTV-GITCHG-000601,68a32afa2606ec9536f2259f7ef327f9a42a48ff,M,,nexvox/engineering/narratives/engineering-methods.md,1,1,REFERENCE_ONLY
CWTV-GITCHG-000602,68a32afa2606ec9536f2259f7ef327f9a42a48ff,M,,nexvox/engineering/narratives/failures-corrections-lessons.md,9,1,REFERENCE_ONLY
CWTV-GITCHG-000603,2549f45bdd89436061bbeb77ae523ba24622a755,M,,.env.example,11,0,TRAINING_ELIGIBLE
CWTV-GITCHG-000604,2549f45bdd89436061bbeb77ae523ba24622a755,M,,apps/web/next-env.d.ts,2,2,REFERENCE_ONLY
CWTV-GITCHG-000605,2549f45bdd89436061bbeb77ae523ba24622a755,M,,apps/web/next.config.ts,13,0,TRAINING_ELIGIBLE
CWTV-GITCHG-000606,2549f45bdd89436061bbeb77ae523ba24622a755,A,,apps/web/public/brand/ratings/imdb.jpg,,,TRAINING_ELIGIBLE
CWTV-GITCHG-000607,2549f45bdd89436061bbeb77ae523ba24622a755,A,,apps/web/public/brand/ratings/metacritic.jpg,,,TRAINING_ELIGIBLE
CWTV-GITCHG-000608,2549f45bdd89436061bbeb77ae523ba24622a755,A,,apps/web/public/brand/ratings/rotten-tomatoes.jpg,,,TRAINING_ELIGIBLE
CWTV-GITCHG-000609,2549f45bdd89436061bbeb77ae523ba24622a755,A,,apps/web/public/brand/ratings/tmdb.jpg,,,TRAINING_ELIGIBLE
CWTV-GITCHG-000610,2549f45bdd89436061bbeb77ae523ba24622a755,A,,apps/web/src/app/cinema-guide/page.tsx,5,0,TRAINING_ELIGIBLE
CWTV-GITCHG-000611,2549f45bdd89436061bbeb77ae523ba24622a755,A,,apps/web/src/app/contact/page.tsx,25,0,TRAINING_ELIGIBLE
CWTV-GITCHG-000612,2549f45bdd89436061bbeb77ae523ba24622a755,A,,apps/web/src/app/country/[code]/page.tsx,13,0,TRAINING_ELIGIBLE
CWTV-GITCHG-000613,2549f45bdd89436061bbeb77ae523ba24622a755,A,,apps/web/src/app/discover/[slug]/page.tsx,13,0,TRAINING_ELIGIBLE
CWTV-GITCHG-000614,2549f45bdd89436061bbeb77ae523ba24622a755,A,,apps/web/src/app/genre/[slug]/page.tsx,13,0,TRAINING_ELIGIBLE
CWTV-GITCHG-000615,2549f45bdd89436061bbeb77ae523ba24622a755,A,,apps/web/src/app/genres/page.tsx,17,0,TRAINING_ELIGIBLE
CWTV-GITCHG-000616,2549f45bdd89436061bbeb77ae523ba24622a755,M,,apps/web/src/app/globals.css,31,21,TRAINING_ELIGIBLE
CWTV-GITCHG-000617,2549f45bdd89436061bbeb77ae523ba24622a755,M,,apps/web/src/app/layout.tsx,4,3,TRAINING_ELIGIBLE
CWTV-GITCHG-000618,2549f45bdd89436061bbeb77ae523ba24622a755,A,,apps/web/src/app/loading.module.css,1,0,TRAINING_ELIGIBLE
CWTV-GITCHG-000619,2549f45bdd89436061bbeb77ae523ba24622a755,M,,apps/web/src/app/loading.tsx,3,5,TRAINING_ELIGIBLE
CWTV-GITCHG-000620,2549f45bdd89436061bbeb77ae523ba24622a755,A,,apps/web/src/app/lyrics/page.tsx,35,0,TRAINING_ELIGIBLE
CWTV-GITCHG-000621,2549f45bdd89436061bbeb77ae523ba24622a755,A,,apps/web/src/app/news/page.tsx,62,0,TRAINING_ELIGIBLE
CWTV-GITCHG-000622,2549f45bdd89436061bbeb77ae523ba24622a755,M,,apps/web/src/app/page.tsx,21,11,TRAINING_ELIGIBLE
CWTV-GITCHG-000623,2549f45bdd89436061bbeb77ae523ba24622a755,A,,apps/web/src/app/person/[providerId]/page.tsx,13,0,TRAINING_ELIGIBLE
CWTV-GITCHG-000624,2549f45bdd89436061bbeb77ae523ba24622a755,A,,apps/web/src/app/provider/[providerId]/page.tsx,41,0,TRAINING_ELIGIBLE
CWTV-GITCHG-000625,2549f45bdd89436061bbeb77ae523ba24622a755,A,,apps/web/src/app/r3-page.module.css,4,0,TRAINING_ELIGIBLE
CWTV-GITCHG-000626,2549f45bdd89436061bbeb77ae523ba24622a755,A,,apps/web/src/app/scripts/page.tsx,26,0,TRAINING_ELIGIBLE
CWTV-GITCHG-000627,2549f45bdd89436061bbeb77ae523ba24622a755,A,,apps/web/src/app/title/[mediaType]/[providerId]/details/page.tsx,13,0,TRAINING_ELIGIBLE
CWTV-GITCHG-000628,2549f45bdd89436061bbeb77ae523ba24622a755,A,,apps/web/src/app/title/[mediaType]/[providerId]/page.tsx,13,0,TRAINING_ELIGIBLE
CWTV-GITCHG-000629,2549f45bdd89436061bbeb77ae523ba24622a755,A,,apps/web/src/app/title/[mediaType]/[providerId]/reviews/page.tsx,15,0,TRAINING_ELIGIBLE
CWTV-GITCHG-000630,2549f45bdd89436061bbeb77ae523ba24622a755,A,,apps/web/src/app/title/[mediaType]/[providerId]/trailers/page.tsx,13,0,TRAINING_ELIGIBLE
CWTV-GITCHG-000631,2549f45bdd89436061bbeb77ae523ba24622a755,A,,apps/web/src/app/trailers/page.tsx,60,0,TRAINING_ELIGIBLE
CWTV-GITCHG-000632,2549f45bdd89436061bbeb77ae523ba24622a755,A,,apps/web/src/app/under-development/[feature]/page.tsx,6,0,TRAINING_ELIGIBLE
CWTV-GITCHG-000633,2549f45bdd89436061bbeb77ae523ba24622a755,A,,apps/web/src/app/voice-lab/page.tsx,5,0,TRAINING_ELIGIBLE
CWTV-GITCHG-000634,2549f45bdd89436061bbeb77ae523ba24622a755,A,,apps/web/src/app/where-to-watch/page.tsx,64,0,TRAINING_ELIGIBLE
CWTV-GITCHG-000635,2549f45bdd89436061bbeb77ae523ba24622a755,A,,apps/web/src/components/catalog/CatalogBrowse.module.css,5,0,TRAINING_ELIGIBLE
CWTV-GITCHG-000636,2549f45bdd89436061bbeb77ae523ba24622a755,A,,apps/web/src/components/catalog/CatalogBrowse.tsx,78,0,TRAINING_ELIGIBLE
CWTV-GITCHG-000637,2549f45bdd89436061bbeb77ae523ba24622a755,A,,apps/web/src/components/catalog/CatalogCard.tsx,20,0,TRAINING_ELIGIBLE
CWTV-GITCHG-000638,2549f45bdd89436061bbeb77ae523ba24622a755,A,,apps/web/src/components/catalog/CatalogShared.module.css,20,0,TRAINING_ELIGIBLE
CWTV-GITCHG-000639,2549f45bdd89436061bbeb77ae523ba24622a755,A,,apps/web/src/components/catalog/MediaIdentity.module.css,2,0,TRAINING_ELIGIBLE
CWTV-GITCHG-000640,2549f45bdd89436061bbeb77ae523ba24622a755,A,,apps/web/src/components/catalog/MediaIdentity.tsx,26,0,TRAINING_ELIGIBLE
CWTV-GITCHG-000641,2549f45bdd89436061bbeb77ae523ba24622a755,A,,apps/web/src/components/catalog/PersonDetails.module.css,1,0,TRAINING_ELIGIBLE
CWTV-GITCHG-000642,2549f45bdd89436061bbeb77ae523ba24622a755,A,,apps/web/src/components/catalog/PersonDetails.tsx,37,0,TRAINING_ELIGIBLE
CWTV-GITCHG-000643,2549f45bdd89436061bbeb77ae523ba24622a755,A,,apps/web/src/components/catalog/ReviewsPage.module.css,2,0,TRAINING_ELIGIBLE
CWTV-GITCHG-000644,2549f45bdd89436061bbeb77ae523ba24622a755,A,,apps/web/src/components/catalog/ReviewsPage.tsx,18,0,TRAINING_ELIGIBLE
CWTV-GITCHG-000645,2549f45bdd89436061bbeb77ae523ba24622a755,A,,apps/web/src/components/catalog/TitleDetails.module.css,55,0,TRAINING_ELIGIBLE
CWTV-GITCHG-000646,2549f45bdd89436061bbeb77ae523ba24622a755,A,,apps/web/src/components/catalog/TitleDetails.tsx,187,0,TRAINING_ELIGIBLE
CWTV-GITCHG-000647,2549f45bdd89436061bbeb77ae523ba24622a755,A,,apps/web/src/components/catalog/TitleVideos.module.css,1,0,TRAINING_ELIGIBLE
CWTV-GITCHG-000648,2549f45bdd89436061bbeb77ae523ba24622a755,A,,apps/web/src/components/catalog/TitleVideos.tsx,37,0,TRAINING_ELIGIBLE
CWTV-GITCHG-000649,2549f45bdd89436061bbeb77ae523ba24622a755,A,,apps/web/src/components/home/HomepageExperience.module.css,246,0,TRAINING_ELIGIBLE
CWTV-GITCHG-000650,2549f45bdd89436061bbeb77ae523ba24622a755,A,,apps/web/src/components/home/HomepageExperience.tsx,276,0,TRAINING_ELIGIBLE
CWTV-GITCHG-000651,2549f45bdd89436061bbeb77ae523ba24622a755,A,,apps/web/src/components/news/RelatedNews.module.css,1,0,TRAINING_ELIGIBLE
CWTV-GITCHG-000652,2549f45bdd89436061bbeb77ae523ba24622a755,A,,apps/web/src/components/news/RelatedNews.tsx,62,0,TRAINING_ELIGIBLE
CWTV-GITCHG-000653,2549f45bdd89436061bbeb77ae523ba24622a755,A,,apps/web/src/components/site/LiveDataFailure.tsx,17,0,TRAINING_ELIGIBLE
CWTV-GITCHG-000654,2549f45bdd89436061bbeb77ae523ba24622a755,A,,apps/web/src/components/site/SiteFrame.module.css,13,0,TRAINING_ELIGIBLE
CWTV-GITCHG-000655,2549f45bdd89436061bbeb77ae523ba24622a755,A,,apps/web/src/components/site/SiteFrame.tsx,332,0,TRAINING_ELIGIBLE
CWTV-GITCHG-000656,2549f45bdd89436061bbeb77ae523ba24622a755,A,,apps/web/src/components/site/UnderDevelopmentPanel.tsx,39,0,TRAINING_ELIGIBLE
CWTV-GITCHG-000657,2549f45bdd89436061bbeb77ae523ba24622a755,A,,apps/web/src/components/voice/VoiceLab.module.css,1,0,TRAINING_ELIGIBLE
CWTV-GITCHG-000658,2549f45bdd89436061bbeb77ae523ba24622a755,A,,apps/web/src/components/voice/VoiceLab.tsx,248,0,TRAINING_ELIGIBLE
CWTV-GITCHG-000659,2549f45bdd89436061bbeb77ae523ba24622a755,A,,apps/web/src/lib/api/catalog-client.ts,71,0,TRAINING_ELIGIBLE
CWTV-GITCHG-000660,2549f45bdd89436061bbeb77ae523ba24622a755,A,,docs/architecture/CineWatch_TV_V1_Homepage_Discovery_Trailer_Search_Browser_Runtime_Foundation_001.md,186,0,TRAINING_ELIGIBLE
CWTV-GITCHG-000661,2549f45bdd89436061bbeb77ae523ba24622a755,A,,docs/architecture/decisions/CWTV_ADR_0010_Homepage_Interaction_and_Lazy_Discovery_Authority.md,79,0,TRAINING_ELIGIBLE
CWTV-GITCHG-000662,2549f45bdd89436061bbeb77ae523ba24622a755,A,,docs/architecture/evidence/CineWatch_TV_V1_3_3_2_2_Homepage_Board_Reference_and_Runtime_Qualification_001.md,56,0,TRAINING_ELIGIBLE
CWTV-GITCHG-000663,2549f45bdd89436061bbeb77ae523ba24622a755,A,,docs/architecture/evidence/CineWatch_TV_V1_3_3_2_2_R1_Frontend_Lint_and_ARIA_Neutralization_Correction_001.md,41,0,TRAINING_ELIGIBLE
CWTV-GITCHG-000664,2549f45bdd89436061bbeb77ae523ba24622a755,A,,docs/architecture/evidence/CineWatch_TV_V1_3_3_2_2_R2_Navigation_Catalog_and_Loading_Hardening_Correction_001.md,73,0,TRAINING_ELIGIBLE
CWTV-GITCHG-000665,2549f45bdd89436061bbeb77ae523ba24622a755,M,,docs/progress/CineWatch_TV_Engineering_Chronicle.md,14,2,REFERENCE_ONLY
CWTV-GITCHG-000666,2549f45bdd89436061bbeb77ae523ba24622a755,M,,docs/progress/activity/engineering-events.jsonl,11,0,TRAINING_ELIGIBLE
CWTV-GITCHG-000667,2549f45bdd89436061bbeb77ae523ba24622a755,M,,docs/progress/dashboard/progress-data.json,355,11,REFERENCE_ONLY
CWTV-GITCHG-000668,2549f45bdd89436061bbeb77ae523ba24622a755,M,,packages/contracts/openapi/cinewatch-v1.openapi.json,4164,232,REFERENCE_ONLY
CWTV-GITCHG-000669,2549f45bdd89436061bbeb77ae523ba24622a755,M,,packages/contracts/src/generated/openapi.d.ts,1948,211,REFERENCE_ONLY
CWTV-GITCHG-000670,2549f45bdd89436061bbeb77ae523ba24622a755,M,,packages/contracts/src/index.d.ts,18,0,TRAINING_ELIGIBLE
CWTV-GITCHG-000671,2549f45bdd89436061bbeb77ae523ba24622a755,A,,scripts/check_catalog_experience.py,109,0,TRAINING_ELIGIBLE
CWTV-GITCHG-000672,2549f45bdd89436061bbeb77ae523ba24622a755,A,,scripts/check_homepage_experience.py,113,0,TRAINING_ELIGIBLE
CWTV-GITCHG-000673,2549f45bdd89436061bbeb77ae523ba24622a755,M,,scripts/check_production_brand_assets.py,7,4,TRAINING_ELIGIBLE
CWTV-GITCHG-000674,2549f45bdd89436061bbeb77ae523ba24622a755,M,,scripts/check_provider_runtime.py,1,1,TRAINING_ELIGIBLE
CWTV-GITCHG-000675,2549f45bdd89436061bbeb77ae523ba24622a755,A,,scripts/check_refinement_regression.py,198,0,TRAINING_ELIGIBLE
CWTV-GITCHG-000676,2549f45bdd89436061bbeb77ae523ba24622a755,A,,scripts/diagnose_provider_identity.py,83,0,TRAINING_ELIGIBLE
CWTV-GITCHG-000677,2549f45bdd89436061bbeb77ae523ba24622a755,A,,scripts/diagnose_stands4_final_candidates.py,152,0,TRAINING_ELIGIBLE
CWTV-GITCHG-000678,2549f45bdd89436061bbeb77ae523ba24622a755,A,,scripts/probe_live_providers.py,243,0,TRAINING_ELIGIBLE
CWTV-GITCHG-000679,2549f45bdd89436061bbeb77ae523ba24622a755,A,,services/api/cinewatch_api/api/v1/catalog.py,188,0,TRAINING_ELIGIBLE
CWTV-GITCHG-000680,2549f45bdd89436061bbeb77ae523ba24622a755,A,,services/api/cinewatch_api/api/v1/external.py,118,0,TRAINING_ELIGIBLE
CWTV-GITCHG-000681,2549f45bdd89436061bbeb77ae523ba24622a755,M,,services/api/cinewatch_api/api/v1/home.py,3,1,TRAINING_ELIGIBLE
CWTV-GITCHG-000682,2549f45bdd89436061bbeb77ae523ba24622a755,A,,services/api/cinewatch_api/api/v1/home_experience.py,122,0,TRAINING_ELIGIBLE
CWTV-GITCHG-000683,2549f45bdd89436061bbeb77ae523ba24622a755,A,,services/api/cinewatch_api/api/v1/media_authority.py,39,0,TRAINING_ELIGIBLE
CWTV-GITCHG-000684,2549f45bdd89436061bbeb77ae523ba24622a755,A,,services/api/cinewatch_api/api/v1/news.py,43,0,TRAINING_ELIGIBLE
CWTV-GITCHG-000685,2549f45bdd89436061bbeb77ae523ba24622a755,M,,services/api/cinewatch_api/api/v1/router.py,12,0,TRAINING_ELIGIBLE
CWTV-GITCHG-000686,2549f45bdd89436061bbeb77ae523ba24622a755,A,,services/api/cinewatch_api/api/v1/search.py,43,0,TRAINING_ELIGIBLE
CWTV-GITCHG-000687,2549f45bdd89436061bbeb77ae523ba24622a755,A,,services/api/cinewatch_api/api/v1/voice.py,35,0,TRAINING_ELIGIBLE
CWTV-GITCHG-000688,2549f45bdd89436061bbeb77ae523ba24622a755,A,,services/api/cinewatch_api/catalog/__init__.py,5,0,TRAINING_ELIGIBLE
CWTV-GITCHG-000689,2549f45bdd89436061bbeb77ae523ba24622a755,A,,services/api/cinewatch_api/catalog/service.py,1200,0,TRAINING_ELIGIBLE
CWTV-GITCHG-000690,2549f45bdd89436061bbeb77ae523ba24622a755,A,,services/api/cinewatch_api/contracts/catalog.py,240,0,TRAINING_ELIGIBLE
CWTV-GITCHG-000691,2549f45bdd89436061bbeb77ae523ba24622a755,A,,services/api/cinewatch_api/contracts/external.py,117,0,TRAINING_ELIGIBLE
CWTV-GITCHG-000692,2549f45bdd89436061bbeb77ae523ba24622a755,M,,services/api/cinewatch_api/contracts/home.py,2,0,TRAINING_ELIGIBLE
CWTV-GITCHG-000693,2549f45bdd89436061bbeb77ae523ba24622a755,A,,services/api/cinewatch_api/contracts/home_experience.py,117,0,TRAINING_ELIGIBLE
CWTV-GITCHG-000694,2549f45bdd89436061bbeb77ae523ba24622a755,A,,services/api/cinewatch_api/contracts/news.py,33,0,TRAINING_ELIGIBLE
CWTV-GITCHG-000695,2549f45bdd89436061bbeb77ae523ba24622a755,A,,services/api/cinewatch_api/contracts/search.py,29,0,TRAINING_ELIGIBLE
CWTV-GITCHG-000696,2549f45bdd89436061bbeb77ae523ba24622a755,A,,services/api/cinewatch_api/contracts/voice.py,35,0,TRAINING_ELIGIBLE
CWTV-GITCHG-000697,2549f45bdd89436061bbeb77ae523ba24622a755,A,,services/api/cinewatch_api/external/__init__.py,1,0,TRAINING_ELIGIBLE
CWTV-GITCHG-000698,2549f45bdd89436061bbeb77ae523ba24622a755,A,,services/api/cinewatch_api/external/service.py,362,0,TRAINING_ELIGIBLE
CWTV-GITCHG-000699,2549f45bdd89436061bbeb77ae523ba24622a755,M,,services/api/cinewatch_api/home/aggregation.py,19,0,TRAINING_ELIGIBLE
CWTV-GITCHG-000700,2549f45bdd89436061bbeb77ae523ba24622a755,A,,services/api/cinewatch_api/home/experience.py,625,0,TRAINING_ELIGIBLE
CWTV-GITCHG-000701,2549f45bdd89436061bbeb77ae523ba24622a755,A,,services/api/cinewatch_api/media/authority.py,131,0,TRAINING_ELIGIBLE
CWTV-GITCHG-000702,2549f45bdd89436061bbeb77ae523ba24622a755,M,,services/api/cinewatch_api/media/fallbacks.py,9,6,TRAINING_ELIGIBLE
CWTV-GITCHG-000703,2549f45bdd89436061bbeb77ae523ba24622a755,A,,services/api/cinewatch_api/media/models.py,59,0,TRAINING_ELIGIBLE
CWTV-GITCHG-000704,2549f45bdd89436061bbeb77ae523ba24622a755,A,,services/api/cinewatch_api/media/repository.py,62,0,TRAINING_ELIGIBLE
CWTV-GITCHG-000705,2549f45bdd89436061bbeb77ae523ba24622a755,A,,services/api/cinewatch_api/news/__init__.py,5,0,TRAINING_ELIGIBLE
CWTV-GITCHG-000706,2549f45bdd89436061bbeb77ae523ba24622a755,A,,services/api/cinewatch_api/news/service.py,94,0,TRAINING_ELIGIBLE
CWTV-GITCHG-000707,2549f45bdd89436061bbeb77ae523ba24622a755,A,,services/api/cinewatch_api/providers/apify.py,112,0,TRAINING_ELIGIBLE
CWTV-GITCHG-000708,2549f45bdd89436061bbeb77ae523ba24622a755,A,,services/api/cinewatch_api/providers/kinocheck.py,107,0,TRAINING_ELIGIBLE
CWTV-GITCHG-000709,2549f45bdd89436061bbeb77ae523ba24622a755,A,,services/api/cinewatch_api/providers/newsapi.py,128,0,TRAINING_ELIGIBLE
CWTV-GITCHG-000710,2549f45bdd89436061bbeb77ae523ba24622a755,A,,services/api/cinewatch_api/providers/stands4.py,117,0,TRAINING_ELIGIBLE
CWTV-GITCHG-000711,2549f45bdd89436061bbeb77ae523ba24622a755,A,,services/api/cinewatch_api/providers/watchmode.py,118,0,TRAINING_ELIGIBLE
CWTV-GITCHG-000712,2549f45bdd89436061bbeb77ae523ba24622a755,A,,services/api/cinewatch_api/search/__init__.py,5,0,TRAINING_ELIGIBLE
CWTV-GITCHG-000713,2549f45bdd89436061bbeb77ae523ba24622a755,A,,services/api/cinewatch_api/search/service.py,220,0,TRAINING_ELIGIBLE
CWTV-GITCHG-000714,2549f45bdd89436061bbeb77ae523ba24622a755,M,,services/api/cinewatch_api/settings.py,11,0,TRAINING_ELIGIBLE
CWTV-GITCHG-000715,2549f45bdd89436061bbeb77ae523ba24622a755,A,,services/api/cinewatch_api/voice/__init__.py,5,0,TRAINING_ELIGIBLE
CWTV-GITCHG-000716,2549f45bdd89436061bbeb77ae523ba24622a755,A,,services/api/cinewatch_api/voice/service.py,83,0,TRAINING_ELIGIBLE
CWTV-GITCHG-000717,2549f45bdd89436061bbeb77ae523ba24622a755,A,,services/api/migrations/versions/0002_missing_media_authority.py,60,0,TRAINING_ELIGIBLE
CWTV-GITCHG-000718,2549f45bdd89436061bbeb77ae523ba24622a755,A,,services/api/tests/test_catalog_endpoint.py,37,0,TRAINING_ELIGIBLE
CWTV-GITCHG-000719,2549f45bdd89436061bbeb77ae523ba24622a755,A,,services/api/tests/test_catalog_service.py,314,0,TRAINING_ELIGIBLE
CWTV-GITCHG-000720,2549f45bdd89436061bbeb77ae523ba24622a755,A,,services/api/tests/test_external_provider_clients.py,90,0,TRAINING_ELIGIBLE
CWTV-GITCHG-000721,2549f45bdd89436061bbeb77ae523ba24622a755,A,,services/api/tests/test_external_service.py,243,0,TRAINING_ELIGIBLE
CWTV-GITCHG-000722,2549f45bdd89436061bbeb77ae523ba24622a755,M,,services/api/tests/test_home_aggregation.py,1,1,TRAINING_ELIGIBLE
CWTV-GITCHG-000723,2549f45bdd89436061bbeb77ae523ba24622a755,A,,services/api/tests/test_home_experience.py,218,0,TRAINING_ELIGIBLE
CWTV-GITCHG-000724,2549f45bdd89436061bbeb77ae523ba24622a755,A,,services/api/tests/test_home_experience_endpoint.py,92,0,TRAINING_ELIGIBLE
CWTV-GITCHG-000725,2549f45bdd89436061bbeb77ae523ba24622a755,A,,services/api/tests/test_media_authority.py,78,0,TRAINING_ELIGIBLE
CWTV-GITCHG-000726,2549f45bdd89436061bbeb77ae523ba24622a755,M,,services/api/tests/test_media_fallbacks.py,2,2,TRAINING_ELIGIBLE
CWTV-GITCHG-000727,2549f45bdd89436061bbeb77ae523ba24622a755,M,,services/api/tests/test_migration_foundation.py,9,5,TRAINING_ELIGIBLE
CWTV-GITCHG-000728,2549f45bdd89436061bbeb77ae523ba24622a755,A,,services/api/tests/test_news_provider.py,25,0,TRAINING_ELIGIBLE
CWTV-GITCHG-000729,2549f45bdd89436061bbeb77ae523ba24622a755,A,,services/api/tests/test_news_service.py,38,0,TRAINING_ELIGIBLE
CWTV-GITCHG-000730,2549f45bdd89436061bbeb77ae523ba24622a755,A,,services/api/tests/test_search_service.py,55,0,TRAINING_ELIGIBLE
CWTV-GITCHG-000731,2549f45bdd89436061bbeb77ae523ba24622a755,A,,services/api/tests/test_voice_staging.py,57,0,TRAINING_ELIGIBLE
CWTV-GITCHG-000732,2549f45bdd89436061bbeb77ae523ba24622a755,A,,tests/repository/test_catalog_experience.py,26,0,TRAINING_ELIGIBLE
CWTV-GITCHG-000733,2549f45bdd89436061bbeb77ae523ba24622a755,A,,tests/repository/test_homepage_experience.py,26,0,TRAINING_ELIGIBLE
CWTV-GITCHG-000734,2549f45bdd89436061bbeb77ae523ba24622a755,A,,tests/repository/test_refinement_regression.py,25,0,TRAINING_ELIGIBLE
CWTV-GITCHG-000735,5204b6d9cd267f831f2836fe23016d05f9deb124,M,,nexvox/engineering/DATASET_CARD.md,12,12,REFERENCE_ONLY
CWTV-GITCHG-000736,5204b6d9cd267f831f2836fe23016d05f9deb124,M,,nexvox/engineering/checksums.sha256,20,20,REFERENCE_ONLY
CWTV-GITCHG-000737,5204b6d9cd267f831f2836fe23016d05f9deb124,M,,nexvox/engineering/datasets/artifacts.csv,1,0,REFERENCE_ONLY
CWTV-GITCHG-000738,5204b6d9cd267f831f2836fe23016d05f9deb124,M,,nexvox/engineering/datasets/commit-changes.csv,153,0,REFERENCE_ONLY
CWTV-GITCHG-000739,5204b6d9cd267f831f2836fe23016d05f9deb124,M,,nexvox/engineering/datasets/commits.csv,2,0,REFERENCE_ONLY
CWTV-GITCHG-000740,5204b6d9cd267f831f2836fe23016d05f9deb124,M,,nexvox/engineering/datasets/decisions.csv,10,9,REFERENCE_ONLY
CWTV-GITCHG-000741,5204b6d9cd267f831f2836fe23016d05f9deb124,M,,nexvox/engineering/datasets/dependencies.csv,833,424,REFERENCE_ONLY
CWTV-GITCHG-000742,5204b6d9cd267f831f2836fe23016d05f9deb124,M,,nexvox/engineering/datasets/history-records.jsonl,127,0,REFERENCE_ONLY
CWTV-GITCHG-000743,5204b6d9cd267f831f2836fe23016d05f9deb124,M,,nexvox/engineering/datasets/knowledge-records.jsonl,597,410,REFERENCE_ONLY
CWTV-GITCHG-000744,5204b6d9cd267f831f2836fe23016d05f9deb124,M,,nexvox/engineering/datasets/milestones.csv,1,1,REFERENCE_ONLY
CWTV-GITCHG-000745,5204b6d9cd267f831f2836fe23016d05f9deb124,M,,nexvox/engineering/datasets/qualifications.csv,2,0,REFERENCE_ONLY
CWTV-GITCHG-000746,5204b6d9cd267f831f2836fe23016d05f9deb124,M,,nexvox/engineering/datasets/repository-file-versions.csv,153,0,REFERENCE_ONLY
CWTV-GITCHG-000747,5204b6d9cd267f831f2836fe23016d05f9deb124,M,,nexvox/engineering/datasets/repository-files.csv,153,45,REFERENCE_ONLY
CWTV-GITCHG-000748,5204b6d9cd267f831f2836fe23016d05f9deb124,M,,nexvox/engineering/datasets/source-reconciliations.csv,1,1,REFERENCE_ONLY
CWTV-GITCHG-000749,5204b6d9cd267f831f2836fe23016d05f9deb124,M,,nexvox/engineering/datasets/symbols.csv,850,342,REFERENCE_ONLY
CWTV-GITCHG-000750,5204b6d9cd267f831f2836fe23016d05f9deb124,M,,nexvox/engineering/manifests/corpus-manifest.yaml,10,10,REFERENCE_ONLY
CWTV-GITCHG-000751,5204b6d9cd267f831f2836fe23016d05f9deb124,M,,nexvox/engineering/manifests/sync-state.yaml,2,2,REFERENCE_ONLY
CWTV-GITCHG-000752,5204b6d9cd267f831f2836fe23016d05f9deb124,M,,nexvox/engineering/narratives/architecture-decisions.md,7,1,REFERENCE_ONLY
CWTV-GITCHG-000753,5204b6d9cd267f831f2836fe23016d05f9deb124,M,,nexvox/engineering/narratives/engineering-history.md,5,3,REFERENCE_ONLY
CWTV-GITCHG-000754,5204b6d9cd267f831f2836fe23016d05f9deb124,M,,nexvox/engineering/narratives/engineering-methods.md,1,1,REFERENCE_ONLY
CWTV-GITCHG-000755,5204b6d9cd267f831f2836fe23016d05f9deb124,M,,nexvox/engineering/narratives/failures-corrections-lessons.md,1,1,REFERENCE_ONLY
CWTV-GITCHG-000756,02ccccf5abe3d6723e6845b73f64ba973dd85c62,M,,docs/progress/CineWatch_TV_Engineering_Chronicle.md,4,3,REFERENCE_ONLY
CWTV-GITCHG-000757,02ccccf5abe3d6723e6845b73f64ba973dd85c62,M,,docs/progress/activity/engineering-events.jsonl,1,0,TRAINING_ELIGIBLE
CWTV-GITCHG-000758,02ccccf5abe3d6723e6845b73f64ba973dd85c62,M,,docs/progress/dashboard/progress-data.json,42,9,REFERENCE_ONLY
CWTV-GITCHG-000759,02ccccf5abe3d6723e6845b73f64ba973dd85c62,M,,scripts/check_database_migrations.sh,2,1,TRAINING_ELIGIBLE
CWTV-GITCHG-000760,8a1f30265a69c2166b1898cd0d2a141491d132c9,M,,nexvox/engineering/DATASET_CARD.md,9,9,REFERENCE_ONLY
CWTV-GITCHG-000761,8a1f30265a69c2166b1898cd0d2a141491d132c9,M,,nexvox/engineering/checksums.sha256,17,17,REFERENCE_ONLY
CWTV-GITCHG-000762,8a1f30265a69c2166b1898cd0d2a141491d132c9,M,,nexvox/engineering/datasets/commit-changes.csv,25,0,REFERENCE_ONLY
CWTV-GITCHG-000763,8a1f30265a69c2166b1898cd0d2a141491d132c9,M,,nexvox/engineering/datasets/commits.csv,2,0,REFERENCE_ONLY
CWTV-GITCHG-000764,8a1f30265a69c2166b1898cd0d2a141491d132c9,M,,nexvox/engineering/datasets/decisions.csv,10,10,REFERENCE_ONLY
CWTV-GITCHG-000765,8a1f30265a69c2166b1898cd0d2a141491d132c9,M,,nexvox/engineering/datasets/failure-correction-chains.csv,1,0,REFERENCE_ONLY
CWTV-GITCHG-000766,8a1f30265a69c2166b1898cd0d2a141491d132c9,M,,nexvox/engineering/datasets/history-records.jsonl,2,0,REFERENCE_ONLY
CWTV-GITCHG-000767,8a1f30265a69c2166b1898cd0d2a141491d132c9,M,,nexvox/engineering/datasets/knowledge-records.jsonl,597,597,REFERENCE_ONLY
CWTV-GITCHG-000768,8a1f30265a69c2166b1898cd0d2a141491d132c9,M,,nexvox/engineering/datasets/milestones.csv,1,1,REFERENCE_ONLY
CWTV-GITCHG-000769,8a1f30265a69c2166b1898cd0d2a141491d132c9,M,,nexvox/engineering/datasets/repository-file-versions.csv,25,0,REFERENCE_ONLY
CWTV-GITCHG-000770,8a1f30265a69c2166b1898cd0d2a141491d132c9,M,,nexvox/engineering/datasets/repository-files.csv,25,25,REFERENCE_ONLY
CWTV-GITCHG-000771,8a1f30265a69c2166b1898cd0d2a141491d132c9,M,,nexvox/engineering/datasets/source-reconciliations.csv,1,1,REFERENCE_ONLY
CWTV-GITCHG-000772,8a1f30265a69c2166b1898cd0d2a141491d132c9,M,,nexvox/engineering/manifests/corpus-manifest.yaml,7,7,REFERENCE_ONLY
CWTV-GITCHG-000773,8a1f30265a69c2166b1898cd0d2a141491d132c9,M,,nexvox/engineering/manifests/sync-state.yaml,2,2,REFERENCE_ONLY
CWTV-GITCHG-000774,8a1f30265a69c2166b1898cd0d2a141491d132c9,M,,nexvox/engineering/narratives/architecture-decisions.md,1,1,REFERENCE_ONLY
CWTV-GITCHG-000775,8a1f30265a69c2166b1898cd0d2a141491d132c9,M,,nexvox/engineering/narratives/engineering-history.md,5,3,REFERENCE_ONLY
CWTV-GITCHG-000776,8a1f30265a69c2166b1898cd0d2a141491d132c9,M,,nexvox/engineering/narratives/engineering-methods.md,1,1,REFERENCE_ONLY
CWTV-GITCHG-000777,8a1f30265a69c2166b1898cd0d2a141491d132c9,M,,nexvox/engineering/narratives/failures-corrections-lessons.md,9,1,REFERENCE_ONLY
CWTV-GITCHG-000778,5fd099e130a5bd8b430d96aace0132f7879f218d,M,,apps/web/next-env.d.ts,2,2,REFERENCE_ONLY
CWTV-GITCHG-000779,5fd099e130a5bd8b430d96aace0132f7879f218d,M,,docs/progress/CineWatch_TV_Engineering_Chronicle.md,7,4,REFERENCE_ONLY
CWTV-GITCHG-000780,5fd099e130a5bd8b430d96aace0132f7879f218d,M,,docs/progress/activity/engineering-events.jsonl,2,0,TRAINING_ELIGIBLE
CWTV-GITCHG-000781,5fd099e130a5bd8b430d96aace0132f7879f218d,M,,docs/progress/dashboard/progress-data.json,101,11,REFERENCE_ONLY
CWTV-GITCHG-000782,3511c1080fe59925846c70ae54a3c2a3100472a7,M,,nexvox/engineering/DATASET_CARD.md,9,9,REFERENCE_ONLY
CWTV-GITCHG-000783,3511c1080fe59925846c70ae54a3c2a3100472a7,M,,nexvox/engineering/checksums.sha256,19,19,REFERENCE_ONLY
CWTV-GITCHG-000784,3511c1080fe59925846c70ae54a3c2a3100472a7,M,,nexvox/engineering/datasets/commit-changes.csv,22,0,REFERENCE_ONLY
CWTV-GITCHG-000785,3511c1080fe59925846c70ae54a3c2a3100472a7,M,,nexvox/engineering/datasets/commits.csv,2,0,REFERENCE_ONLY
CWTV-GITCHG-000786,3511c1080fe59925846c70ae54a3c2a3100472a7,M,,nexvox/engineering/datasets/decisions.csv,10,10,REFERENCE_ONLY
CWTV-GITCHG-000787,3511c1080fe59925846c70ae54a3c2a3100472a7,M,,nexvox/engineering/datasets/dependencies.csv,2,2,REFERENCE_ONLY
CWTV-GITCHG-000788,3511c1080fe59925846c70ae54a3c2a3100472a7,M,,nexvox/engineering/datasets/failure-correction-chains.csv,9,8,REFERENCE_ONLY
CWTV-GITCHG-000789,3511c1080fe59925846c70ae54a3c2a3100472a7,M,,nexvox/engineering/datasets/history-records.jsonl,1,0,REFERENCE_ONLY
CWTV-GITCHG-000790,3511c1080fe59925846c70ae54a3c2a3100472a7,M,,nexvox/engineering/datasets/knowledge-records.jsonl,597,597,REFERENCE_ONLY
CWTV-GITCHG-000791,3511c1080fe59925846c70ae54a3c2a3100472a7,M,,nexvox/engineering/datasets/milestones.csv,1,1,REFERENCE_ONLY
CWTV-GITCHG-000792,3511c1080fe59925846c70ae54a3c2a3100472a7,M,,nexvox/engineering/datasets/qualifications.csv,1,0,REFERENCE_ONLY
CWTV-GITCHG-000793,3511c1080fe59925846c70ae54a3c2a3100472a7,M,,nexvox/engineering/datasets/repository-file-versions.csv,22,0,REFERENCE_ONLY
CWTV-GITCHG-000794,3511c1080fe59925846c70ae54a3c2a3100472a7,M,,nexvox/engineering/datasets/repository-files.csv,22,22,REFERENCE_ONLY
CWTV-GITCHG-000795,3511c1080fe59925846c70ae54a3c2a3100472a7,M,,nexvox/engineering/datasets/source-reconciliations.csv,1,1,REFERENCE_ONLY
CWTV-GITCHG-000796,3511c1080fe59925846c70ae54a3c2a3100472a7,M,,nexvox/engineering/manifests/corpus-manifest.yaml,7,7,REFERENCE_ONLY
CWTV-GITCHG-000797,3511c1080fe59925846c70ae54a3c2a3100472a7,M,,nexvox/engineering/manifests/sync-state.yaml,2,2,REFERENCE_ONLY
CWTV-GITCHG-000798,3511c1080fe59925846c70ae54a3c2a3100472a7,M,,nexvox/engineering/narratives/architecture-decisions.md,1,1,REFERENCE_ONLY
CWTV-GITCHG-000799,3511c1080fe59925846c70ae54a3c2a3100472a7,M,,nexvox/engineering/narratives/engineering-history.md,5,3,REFERENCE_ONLY
CWTV-GITCHG-000800,3511c1080fe59925846c70ae54a3c2a3100472a7,M,,nexvox/engineering/narratives/engineering-methods.md,1,1,REFERENCE_ONLY
CWTV-GITCHG-000801,3511c1080fe59925846c70ae54a3c2a3100472a7,M,,nexvox/engineering/narratives/failures-corrections-lessons.md,17,9,REFERENCE_ONLY
CWTV-GITCHG-000802,d96d787bac1a81ffe2fc7737aba4b94e10eb9b5e,M,,docs/progress/CineWatch_TV_Engineering_Chronicle.md,7,5,REFERENCE_ONLY
CWTV-GITCHG-000803,d96d787bac1a81ffe2fc7737aba4b94e10eb9b5e,M,,docs/progress/activity/engineering-events.jsonl,2,0,TRAINING_ELIGIBLE
CWTV-GITCHG-000804,d96d787bac1a81ffe2fc7737aba4b94e10eb9b5e,M,,docs/progress/dashboard/progress-data.json,76,12,REFERENCE_ONLY
CWTV-GITCHG-000805,304bc33e30130229f4be401528ddfda744815b57,M,,nexvox/engineering/DATASET_CARD.md,10,10,REFERENCE_ONLY
CWTV-GITCHG-000806,304bc33e30130229f4be401528ddfda744815b57,M,,nexvox/engineering/checksums.sha256,18,18,REFERENCE_ONLY
CWTV-GITCHG-000807,304bc33e30130229f4be401528ddfda744815b57,M,,nexvox/engineering/datasets/commit-changes.csv,23,0,REFERENCE_ONLY
CWTV-GITCHG-000808,304bc33e30130229f4be401528ddfda744815b57,M,,nexvox/engineering/datasets/commits.csv,2,0,REFERENCE_ONLY
CWTV-GITCHG-000809,304bc33e30130229f4be401528ddfda744815b57,M,,nexvox/engineering/datasets/decisions.csv,10,10,REFERENCE_ONLY
CWTV-GITCHG-000810,304bc33e30130229f4be401528ddfda744815b57,M,,nexvox/engineering/datasets/failure-correction-chains.csv,1,1,REFERENCE_ONLY
CWTV-GITCHG-000811,304bc33e30130229f4be401528ddfda744815b57,M,,nexvox/engineering/datasets/history-records.jsonl,1,0,REFERENCE_ONLY
CWTV-GITCHG-000812,304bc33e30130229f4be401528ddfda744815b57,M,,nexvox/engineering/datasets/knowledge-records.jsonl,598,597,REFERENCE_ONLY
CWTV-GITCHG-000813,304bc33e30130229f4be401528ddfda744815b57,M,,nexvox/engineering/datasets/milestones.csv,1,1,REFERENCE_ONLY
CWTV-GITCHG-000814,304bc33e30130229f4be401528ddfda744815b57,M,,nexvox/engineering/datasets/qualifications.csv,2,0,REFERENCE_ONLY
CWTV-GITCHG-000815,304bc33e30130229f4be401528ddfda744815b57,M,,nexvox/engineering/datasets/repository-file-versions.csv,23,0,REFERENCE_ONLY
CWTV-GITCHG-000816,304bc33e30130229f4be401528ddfda744815b57,M,,nexvox/engineering/datasets/repository-files.csv,23,23,REFERENCE_ONLY
CWTV-GITCHG-000817,304bc33e30130229f4be401528ddfda744815b57,M,,nexvox/engineering/datasets/source-reconciliations.csv,1,1,REFERENCE_ONLY
CWTV-GITCHG-000818,304bc33e30130229f4be401528ddfda744815b57,M,,nexvox/engineering/manifests/corpus-manifest.yaml,8,8,REFERENCE_ONLY
CWTV-GITCHG-000819,304bc33e30130229f4be401528ddfda744815b57,M,,nexvox/engineering/manifests/sync-state.yaml,2,2,REFERENCE_ONLY
CWTV-GITCHG-000820,304bc33e30130229f4be401528ddfda744815b57,M,,nexvox/engineering/narratives/architecture-decisions.md,1,1,REFERENCE_ONLY
CWTV-GITCHG-000821,304bc33e30130229f4be401528ddfda744815b57,M,,nexvox/engineering/narratives/engineering-history.md,5,3,REFERENCE_ONLY
CWTV-GITCHG-000822,304bc33e30130229f4be401528ddfda744815b57,M,,nexvox/engineering/narratives/engineering-methods.md,1,1,REFERENCE_ONLY
CWTV-GITCHG-000823,304bc33e30130229f4be401528ddfda744815b57,M,,nexvox/engineering/narratives/failures-corrections-lessons.md,2,2,REFERENCE_ONLY
CWTV-GITCHG-000824,85b0a3926ce562b3a2c1f20f8fb9e46333755120,A,,docs/engineering/ssm-autonomy/2026-10-05/codex-ssm-proof.json,132,0,TRAINING_REVIEW_REQUIRED
CWTV-GITCHG-000825,85b0a3926ce562b3a2c1f20f8fb9e46333755120,A,,docs/engineering/ssm-autonomy/2026-10-05/codex-understanding.md,47,0,TRAINING_REVIEW_REQUIRED
CWTV-GITCHG-000826,85b0a3926ce562b3a2c1f20f8fb9e46333755120,A,,docs/engineering/ssm-autonomy/2026-10-05/evidence.json,101,0,TRAINING_REVIEW_REQUIRED
CWTV-GITCHG-000827,85b0a3926ce562b3a2c1f20f8fb9e46333755120,A,,docs/engineering/ssm-autonomy/2026-10-05/qualification-report.md,82,0,TRAINING_REVIEW_REQUIRED
CWTV-GITCHG-000828,85b0a3926ce562b3a2c1f20f8fb9e46333755120,A,,docs/engineering/ssm-autonomy/2026-10-05/reading-inventory.json,412,0,TRAINING_REVIEW_REQUIRED
CWTV-GITCHG-000829,85b0a3926ce562b3a2c1f20f8fb9e46333755120,M,,docs/progress/CineWatch_TV_Engineering_Chronicle.md,7,4,REFERENCE_ONLY
CWTV-GITCHG-000830,85b0a3926ce562b3a2c1f20f8fb9e46333755120,M,,docs/progress/activity/engineering-events.jsonl,2,0,TRAINING_ELIGIBLE
CWTV-GITCHG-000831,85b0a3926ce562b3a2c1f20f8fb9e46333755120,M,,docs/progress/dashboard/progress-data.json,79,8,REFERENCE_ONLY
CWTV-GITCHG-000832,85b0a3926ce562b3a2c1f20f8fb9e46333755120,M,,scripts/build_nexvox_engineering_corpus.py,2,0,TRAINING_ELIGIBLE
CWTV-GITCHG-000833,85b0a3926ce562b3a2c1f20f8fb9e46333755120,A,,tests/repository/test_ssm_evidence_eligibility.py,20,0,TRAINING_ELIGIBLE
CWTV-GITCHG-000834,854ba0772232a1b8096426697334d5fe80f8fcce,M,,nexvox/engineering/DATASET_CARD.md,13,13,REFERENCE_ONLY
CWTV-GITCHG-000835,854ba0772232a1b8096426697334d5fe80f8fcce,M,,nexvox/engineering/checksums.sha256,19,19,REFERENCE_ONLY
CWTV-GITCHG-000836,854ba0772232a1b8096426697334d5fe80f8fcce,M,,nexvox/engineering/datasets/commit-changes.csv,29,0,REFERENCE_ONLY
CWTV-GITCHG-000837,854ba0772232a1b8096426697334d5fe80f8fcce,M,,nexvox/engineering/datasets/commits.csv,2,0,REFERENCE_ONLY
CWTV-GITCHG-000838,854ba0772232a1b8096426697334d5fe80f8fcce,M,,nexvox/engineering/datasets/decisions.csv,10,10,REFERENCE_ONLY
CWTV-GITCHG-000839,854ba0772232a1b8096426697334d5fe80f8fcce,M,,nexvox/engineering/datasets/dependencies.csv,10,5,REFERENCE_ONLY
CWTV-GITCHG-000840,854ba0772232a1b8096426697334d5fe80f8fcce,M,,nexvox/engineering/datasets/history-records.jsonl,8,0,REFERENCE_ONLY
CWTV-GITCHG-000841,854ba0772232a1b8096426697334d5fe80f8fcce,M,,nexvox/engineering/datasets/knowledge-records.jsonl,613,598,REFERENCE_ONLY
CWTV-GITCHG-000842,854ba0772232a1b8096426697334d5fe80f8fcce,M,,nexvox/engineering/datasets/milestones.csv,1,0,REFERENCE_ONLY
CWTV-GITCHG-000843,854ba0772232a1b8096426697334d5fe80f8fcce,M,,nexvox/engineering/datasets/qualifications.csv,1,0,REFERENCE_ONLY
CWTV-GITCHG-000844,854ba0772232a1b8096426697334d5fe80f8fcce,M,,nexvox/engineering/datasets/repository-file-versions.csv,29,0,REFERENCE_ONLY
CWTV-GITCHG-000845,854ba0772232a1b8096426697334d5fe80f8fcce,M,,nexvox/engineering/datasets/repository-files.csv,29,23,REFERENCE_ONLY
CWTV-GITCHG-000846,854ba0772232a1b8096426697334d5fe80f8fcce,M,,nexvox/engineering/datasets/source-reconciliations.csv,1,1,REFERENCE_ONLY
CWTV-GITCHG-000847,854ba0772232a1b8096426697334d5fe80f8fcce,M,,nexvox/engineering/datasets/symbols.csv,31,29,REFERENCE_ONLY
CWTV-GITCHG-000848,854ba0772232a1b8096426697334d5fe80f8fcce,M,,nexvox/engineering/manifests/corpus-manifest.yaml,11,11,REFERENCE_ONLY
CWTV-GITCHG-000849,854ba0772232a1b8096426697334d5fe80f8fcce,M,,nexvox/engineering/manifests/sync-state.yaml,2,2,REFERENCE_ONLY
CWTV-GITCHG-000850,854ba0772232a1b8096426697334d5fe80f8fcce,M,,nexvox/engineering/narratives/architecture-decisions.md,1,1,REFERENCE_ONLY
CWTV-GITCHG-000851,854ba0772232a1b8096426697334d5fe80f8fcce,M,,nexvox/engineering/narratives/engineering-history.md,5,2,REFERENCE_ONLY
CWTV-GITCHG-000852,854ba0772232a1b8096426697334d5fe80f8fcce,M,,nexvox/engineering/narratives/engineering-methods.md,1,1,REFERENCE_ONLY
CWTV-GITCHG-000853,854ba0772232a1b8096426697334d5fe80f8fcce,M,,nexvox/engineering/narratives/failures-corrections-lessons.md,1,1,REFERENCE_ONLY
CWTV-GITCHG-000854,195005ee12c14be6401280319853aa2fa2ba33ff,M,,apps/web/package.json,1,1,TRAINING_ELIGIBLE
CWTV-GITCHG-000855,195005ee12c14be6401280319853aa2fa2ba33ff,M,,package-lock.json,40,40,REFERENCE_ONLY
CWTV-GITCHG-000856,195005ee12c14be6401280319853aa2fa2ba33ff,M,,scripts/check_frontend_skeleton.py,1,1,TRAINING_ELIGIBLE
CWTV-GITCHG-000857,31e2b4da9e8d8a40cf50f52d5347b30d723ea35e,M,,nexvox/engineering/DATASET_CARD.md,6,6,REFERENCE_ONLY
CWTV-GITCHG-000858,31e2b4da9e8d8a40cf50f52d5347b30d723ea35e,M,,nexvox/engineering/checksums.sha256,16,16,REFERENCE_ONLY
CWTV-GITCHG-000859,31e2b4da9e8d8a40cf50f52d5347b30d723ea35e,M,,nexvox/engineering/datasets/commit-changes.csv,23,0,REFERENCE_ONLY
CWTV-GITCHG-000860,31e2b4da9e8d8a40cf50f52d5347b30d723ea35e,M,,nexvox/engineering/datasets/commits.csv,2,0,REFERENCE_ONLY
CWTV-GITCHG-000861,31e2b4da9e8d8a40cf50f52d5347b30d723ea35e,M,,nexvox/engineering/datasets/decisions.csv,10,10,REFERENCE_ONLY
CWTV-GITCHG-000862,31e2b4da9e8d8a40cf50f52d5347b30d723ea35e,M,,nexvox/engineering/datasets/dependencies.csv,1,1,REFERENCE_ONLY
CWTV-GITCHG-000863,31e2b4da9e8d8a40cf50f52d5347b30d723ea35e,M,,nexvox/engineering/datasets/history-records.jsonl,2,0,REFERENCE_ONLY
CWTV-GITCHG-000864,31e2b4da9e8d8a40cf50f52d5347b30d723ea35e,M,,nexvox/engineering/datasets/knowledge-records.jsonl,613,613,REFERENCE_ONLY
CWTV-GITCHG-000865,31e2b4da9e8d8a40cf50f52d5347b30d723ea35e,M,,nexvox/engineering/datasets/repository-file-versions.csv,23,0,REFERENCE_ONLY
CWTV-GITCHG-000866,31e2b4da9e8d8a40cf50f52d5347b30d723ea35e,M,,nexvox/engineering/datasets/repository-files.csv,23,23,REFERENCE_ONLY
CWTV-GITCHG-000867,31e2b4da9e8d8a40cf50f52d5347b30d723ea35e,M,,nexvox/engineering/datasets/source-reconciliations.csv,1,1,REFERENCE_ONLY
CWTV-GITCHG-000868,31e2b4da9e8d8a40cf50f52d5347b30d723ea35e,M,,nexvox/engineering/manifests/corpus-manifest.yaml,6,6,REFERENCE_ONLY
CWTV-GITCHG-000869,31e2b4da9e8d8a40cf50f52d5347b30d723ea35e,M,,nexvox/engineering/manifests/sync-state.yaml,2,2,REFERENCE_ONLY
CWTV-GITCHG-000870,31e2b4da9e8d8a40cf50f52d5347b30d723ea35e,M,,nexvox/engineering/narratives/architecture-decisions.md,1,1,REFERENCE_ONLY
CWTV-GITCHG-000871,31e2b4da9e8d8a40cf50f52d5347b30d723ea35e,M,,nexvox/engineering/narratives/engineering-history.md,4,2,REFERENCE_ONLY
CWTV-GITCHG-000872,31e2b4da9e8d8a40cf50f52d5347b30d723ea35e,M,,nexvox/engineering/narratives/engineering-methods.md,1,1,REFERENCE_ONLY
CWTV-GITCHG-000873,31e2b4da9e8d8a40cf50f52d5347b30d723ea35e,M,,nexvox/engineering/narratives/failures-corrections-lessons.md,1,1,REFERENCE_ONLY
CWTV-GITCHG-000874,576acace6b2ce5d3275552f577ed00ed87ed3d55,A,,docs/engineering/dependency-security/2026-10-05/002-path-collision-analysis.json,45,0,TRAINING_REVIEW_REQUIRED
CWTV-GITCHG-000875,576acace6b2ce5d3275552f577ed00ed87ed3d55,A,,docs/engineering/dependency-security/2026-10-05/002-reconciliation-plan.md,21,0,TRAINING_REVIEW_REQUIRED
CWTV-GITCHG-000876,576acace6b2ce5d3275552f577ed00ed87ed3d55,A,,docs/engineering/dependency-security/2026-10-05/advisory-github.json,1,0,TRAINING_REVIEW_REQUIRED
CWTV-GITCHG-000877,576acace6b2ce5d3275552f577ed00ed87ed3d55,A,,docs/engineering/dependency-security/2026-10-05/advisory-nextjs.json,1,0,TRAINING_REVIEW_REQUIRED
CWTV-GITCHG-000878,576acace6b2ce5d3275552f577ed00ed87ed3d55,A,,docs/engineering/dependency-security/2026-10-05/candidate-ci-result.json,1,0,TRAINING_REVIEW_REQUIRED
CWTV-GITCHG-000879,576acace6b2ce5d3275552f577ed00ed87ed3d55,A,,docs/engineering/dependency-security/2026-10-05/lock-entry-diff.json,479,0,TRAINING_REVIEW_REQUIRED
CWTV-GITCHG-000880,576acace6b2ce5d3275552f577ed00ed87ed3d55,A,,docs/engineering/dependency-security/2026-10-05/main-security-ci-result.json,1,0,TRAINING_REVIEW_REQUIRED
CWTV-GITCHG-000881,576acace6b2ce5d3275552f577ed00ed87ed3d55,A,,docs/engineering/dependency-security/2026-10-05/npm-audit-full-after.json,354,0,TRAINING_REVIEW_REQUIRED
CWTV-GITCHG-000882,576acace6b2ce5d3275552f577ed00ed87ed3d55,A,,docs/engineering/dependency-security/2026-10-05/npm-audit-production-after.json,22,0,TRAINING_REVIEW_REQUIRED
CWTV-GITCHG-000883,576acace6b2ce5d3275552f577ed00ed87ed3d55,A,,docs/engineering/dependency-security/2026-10-05/npm-audit-production-before.json,56,0,TRAINING_REVIEW_REQUIRED
CWTV-GITCHG-000884,576acace6b2ce5d3275552f577ed00ed87ed3d55,A,,docs/engineering/dependency-security/2026-10-05/npm-ls-after.json,18,0,TRAINING_REVIEW_REQUIRED
CWTV-GITCHG-000885,576acace6b2ce5d3275552f577ed00ed87ed3d55,A,,docs/engineering/dependency-security/2026-10-05/npm-ls-before.json,18,0,TRAINING_REVIEW_REQUIRED
CWTV-GITCHG-000886,576acace6b2ce5d3275552f577ed00ed87ed3d55,A,,docs/engineering/dependency-security/2026-10-05/pr-synthetic-ci-result.json,1,0,TRAINING_REVIEW_REQUIRED
CWTV-GITCHG-000887,576acace6b2ce5d3275552f577ed00ed87ed3d55,A,,docs/engineering/dependency-security/2026-10-05/python-vulnerability-audit-retry.log,1,0,TRAINING_REVIEW_REQUIRED
CWTV-GITCHG-000888,576acace6b2ce5d3275552f577ed00ed87ed3d55,A,,docs/engineering/dependency-security/2026-10-05/python-vulnerability-audit.log,44,0,TRAINING_REVIEW_REQUIRED
CWTV-GITCHG-000889,576acace6b2ce5d3275552f577ed00ed87ed3d55,A,,docs/engineering/dependency-security/2026-10-05/qualification-report.md,25,0,TRAINING_REVIEW_REQUIRED
CWTV-GITCHG-000890,576acace6b2ce5d3275552f577ed00ed87ed3d55,A,,docs/engineering/dependency-security/2026-10-05/qualification-results.json,190,0,TRAINING_REVIEW_REQUIRED
CWTV-GITCHG-000891,576acace6b2ce5d3275552f577ed00ed87ed3d55,A,,docs/engineering/dependency-security/2026-10-05/security-correction-evidence.json,73,0,TRAINING_REVIEW_REQUIRED
CWTV-GITCHG-000892,576acace6b2ce5d3275552f577ed00ed87ed3d55,M,,docs/progress/CineWatch_TV_Engineering_Chronicle.md,21,7,REFERENCE_ONLY
CWTV-GITCHG-000893,576acace6b2ce5d3275552f577ed00ed87ed3d55,M,,docs/progress/activity/engineering-events.jsonl,9,0,TRAINING_ELIGIBLE
CWTV-GITCHG-000894,576acace6b2ce5d3275552f577ed00ed87ed3d55,M,,docs/progress/dashboard/progress-data.json,378,11,REFERENCE_ONLY
CWTV-GITCHG-000895,576acace6b2ce5d3275552f577ed00ed87ed3d55,M,,scripts/build_nexvox_engineering_corpus.py,1,1,TRAINING_ELIGIBLE
CWTV-GITCHG-000896,576acace6b2ce5d3275552f577ed00ed87ed3d55,A,,tests/repository/test_dependency_security_evidence_eligibility.py,20,0,TRAINING_ELIGIBLE
CWTV-GITCHG-000897,56e5b77e4a9010c911bbacbd93d782ae9fee0588,M,,nexvox/engineering/DATASET_CARD.md,16,16,REFERENCE_ONLY
CWTV-GITCHG-000898,56e5b77e4a9010c911bbacbd93d782ae9fee0588,M,,nexvox/engineering/checksums.sha256,20,20,REFERENCE_ONLY
CWTV-GITCHG-000899,56e5b77e4a9010c911bbacbd93d782ae9fee0588,M,,nexvox/engineering/datasets/commit-changes.csv,40,0,REFERENCE_ONLY
CWTV-GITCHG-000900,56e5b77e4a9010c911bbacbd93d782ae9fee0588,M,,nexvox/engineering/datasets/commits.csv,2,0,REFERENCE_ONLY
CWTV-GITCHG-000901,56e5b77e4a9010c911bbacbd93d782ae9fee0588,M,,nexvox/engineering/datasets/decisions.csv,10,10,REFERENCE_ONLY
CWTV-GITCHG-000902,56e5b77e4a9010c911bbacbd93d782ae9fee0588,M,,nexvox/engineering/datasets/dependencies.csv,63,58,REFERENCE_ONLY
CWTV-GITCHG-000903,56e5b77e4a9010c911bbacbd93d782ae9fee0588,M,,nexvox/engineering/datasets/failure-correction-chains.csv,11,8,REFERENCE_ONLY
CWTV-GITCHG-000904,56e5b77e4a9010c911bbacbd93d782ae9fee0588,M,,nexvox/engineering/datasets/history-records.jsonl,21,0,REFERENCE_ONLY
CWTV-GITCHG-000905,56e5b77e4a9010c911bbacbd93d782ae9fee0588,M,,nexvox/engineering/datasets/knowledge-records.jsonl,643,613,REFERENCE_ONLY
CWTV-GITCHG-000906,56e5b77e4a9010c911bbacbd93d782ae9fee0588,M,,nexvox/engineering/datasets/milestones.csv,1,0,REFERENCE_ONLY
CWTV-GITCHG-000907,56e5b77e4a9010c911bbacbd93d782ae9fee0588,M,,nexvox/engineering/datasets/qualifications.csv,1,0,REFERENCE_ONLY
CWTV-GITCHG-000908,56e5b77e4a9010c911bbacbd93d782ae9fee0588,M,,nexvox/engineering/datasets/repository-file-versions.csv,40,0,REFERENCE_ONLY
CWTV-GITCHG-000909,56e5b77e4a9010c911bbacbd93d782ae9fee0588,M,,nexvox/engineering/datasets/repository-files.csv,40,21,REFERENCE_ONLY
CWTV-GITCHG-000910,56e5b77e4a9010c911bbacbd93d782ae9fee0588,M,,nexvox/engineering/datasets/source-reconciliations.csv,1,1,REFERENCE_ONLY
CWTV-GITCHG-000911,56e5b77e4a9010c911bbacbd93d782ae9fee0588,M,,nexvox/engineering/datasets/symbols.csv,28,26,REFERENCE_ONLY
CWTV-GITCHG-000912,56e5b77e4a9010c911bbacbd93d782ae9fee0588,M,,nexvox/engineering/manifests/corpus-manifest.yaml,11,11,REFERENCE_ONLY
CWTV-GITCHG-000913,56e5b77e4a9010c911bbacbd93d782ae9fee0588,M,,nexvox/engineering/manifests/sync-state.yaml,2,2,REFERENCE_ONLY
CWTV-GITCHG-000914,56e5b77e4a9010c911bbacbd93d782ae9fee0588,M,,nexvox/engineering/narratives/architecture-decisions.md,1,1,REFERENCE_ONLY
CWTV-GITCHG-000915,56e5b77e4a9010c911bbacbd93d782ae9fee0588,M,,nexvox/engineering/narratives/engineering-history.md,5,2,REFERENCE_ONLY
CWTV-GITCHG-000916,56e5b77e4a9010c911bbacbd93d782ae9fee0588,M,,nexvox/engineering/narratives/engineering-methods.md,1,1,REFERENCE_ONLY
CWTV-GITCHG-000917,56e5b77e4a9010c911bbacbd93d782ae9fee0588,M,,nexvox/engineering/narratives/failures-corrections-lessons.md,33,9,REFERENCE_ONLY
CWTV-GITCHG-000918,6a4c4280b2c190590990e5d58372bc9624f87887,A,,apps/web/src/app/company/[providerId]/page.tsx,4,0,TRAINING_ELIGIBLE
CWTV-GITCHG-000919,6a4c4280b2c190590990e5d58372bc9624f87887,A,,apps/web/src/app/countries-cultures/page.module.css,1,0,TRAINING_ELIGIBLE
CWTV-GITCHG-000920,6a4c4280b2c190590990e5d58372bc9624f87887,A,,apps/web/src/app/countries-cultures/page.tsx,35,0,TRAINING_ELIGIBLE
CWTV-GITCHG-000921,6a4c4280b2c190590990e5d58372bc9624f87887,M,,apps/web/src/app/country/[code]/page.tsx,13,2,TRAINING_ELIGIBLE
CWTV-GITCHG-000922,6a4c4280b2c190590990e5d58372bc9624f87887,M,,apps/web/src/app/genres/page.tsx,2,2,TRAINING_ELIGIBLE
CWTV-GITCHG-000923,6a4c4280b2c190590990e5d58372bc9624f87887,A,,apps/web/src/app/network/[providerId]/page.tsx,4,0,TRAINING_ELIGIBLE
CWTV-GITCHG-000924,6a4c4280b2c190590990e5d58372bc9624f87887,A,,apps/web/src/app/networks/page.tsx,11,0,TRAINING_ELIGIBLE
CWTV-GITCHG-000925,6a4c4280b2c190590990e5d58372bc9624f87887,M,,apps/web/src/app/news/page.tsx,4,5,TRAINING_ELIGIBLE
CWTV-GITCHG-000926,6a4c4280b2c190590990e5d58372bc9624f87887,A,,apps/web/src/app/people/page.tsx,14,0,TRAINING_ELIGIBLE
CWTV-GITCHG-000927,6a4c4280b2c190590990e5d58372bc9624f87887,M,,apps/web/src/app/title/[mediaType]/[providerId]/trailers/page.tsx,3,2,TRAINING_ELIGIBLE
CWTV-GITCHG-000928,6a4c4280b2c190590990e5d58372bc9624f87887,M,,apps/web/src/app/trailers/page.tsx,40,44,TRAINING_ELIGIBLE
CWTV-GITCHG-000929,6a4c4280b2c190590990e5d58372bc9624f87887,M,,apps/web/src/components/catalog/CatalogBrowse.tsx,7,3,TRAINING_ELIGIBLE
CWTV-GITCHG-000930,6a4c4280b2c190590990e5d58372bc9624f87887,A,,apps/web/src/components/catalog/GenreCard.module.css,1,0,TRAINING_ELIGIBLE
CWTV-GITCHG-000931,6a4c4280b2c190590990e5d58372bc9624f87887,A,,apps/web/src/components/catalog/GenreCard.tsx,11,0,TRAINING_ELIGIBLE
CWTV-GITCHG-000932,6a4c4280b2c190590990e5d58372bc9624f87887,A,,apps/web/src/components/catalog/GenreGallery.module.css,1,0,TRAINING_ELIGIBLE
CWTV-GITCHG-000933,6a4c4280b2c190590990e5d58372bc9624f87887,A,,apps/web/src/components/catalog/GenreGallery.tsx,13,0,TRAINING_ELIGIBLE
CWTV-GITCHG-000934,6a4c4280b2c190590990e5d58372bc9624f87887,M,,apps/web/src/components/catalog/MediaIdentity.module.css,1,1,TRAINING_ELIGIBLE
CWTV-GITCHG-000935,6a4c4280b2c190590990e5d58372bc9624f87887,M,,apps/web/src/components/catalog/MediaIdentity.tsx,1,1,TRAINING_ELIGIBLE
CWTV-GITCHG-000936,6a4c4280b2c190590990e5d58372bc9624f87887,A,,apps/web/src/components/catalog/OrganizationDirectory.module.css,2,0,TRAINING_ELIGIBLE
CWTV-GITCHG-000937,6a4c4280b2c190590990e5d58372bc9624f87887,A,,apps/web/src/components/catalog/OrganizationDirectory.tsx,58,0,TRAINING_ELIGIBLE
CWTV-GITCHG-000938,6a4c4280b2c190590990e5d58372bc9624f87887,A,,apps/web/src/components/catalog/OrganizationRoute.tsx,16,0,TRAINING_ELIGIBLE
CWTV-GITCHG-000939,6a4c4280b2c190590990e5d58372bc9624f87887,A,,apps/web/src/components/catalog/PeopleDirectory.module.css,1,0,TRAINING_ELIGIBLE
CWTV-GITCHG-000940,6a4c4280b2c190590990e5d58372bc9624f87887,A,,apps/web/src/components/catalog/PeopleDirectory.tsx,43,0,TRAINING_ELIGIBLE
CWTV-GITCHG-000941,6a4c4280b2c190590990e5d58372bc9624f87887,M,,apps/web/src/components/catalog/TitleDetails.module.css,2,1,TRAINING_ELIGIBLE
CWTV-GITCHG-000942,6a4c4280b2c190590990e5d58372bc9624f87887,M,,apps/web/src/components/catalog/TitleDetails.tsx,3,3,TRAINING_ELIGIBLE
CWTV-GITCHG-000943,6a4c4280b2c190590990e5d58372bc9624f87887,M,,apps/web/src/components/catalog/TitleVideos.tsx,1,1,TRAINING_ELIGIBLE
CWTV-GITCHG-000944,6a4c4280b2c190590990e5d58372bc9624f87887,M,,apps/web/src/components/home/HomepageExperience.module.css,11,14,TRAINING_ELIGIBLE
CWTV-GITCHG-000945,6a4c4280b2c190590990e5d58372bc9624f87887,M,,apps/web/src/components/home/HomepageExperience.tsx,3,2,TRAINING_ELIGIBLE
CWTV-GITCHG-000946,6a4c4280b2c190590990e5d58372bc9624f87887,M,,apps/web/src/components/site/SiteFrame.tsx,4,4,TRAINING_ELIGIBLE
CWTV-GITCHG-000947,6a4c4280b2c190590990e5d58372bc9624f87887,M,,apps/web/src/lib/api/catalog-client.ts,9,3,TRAINING_ELIGIBLE
CWTV-GITCHG-000948,6a4c4280b2c190590990e5d58372bc9624f87887,M,,packages/contracts/openapi/cinewatch-v1.openapi.json,1078,250,REFERENCE_ONLY
CWTV-GITCHG-000949,6a4c4280b2c190590990e5d58372bc9624f87887,M,,packages/contracts/src/generated/openapi.d.ts,339,1,REFERENCE_ONLY
CWTV-GITCHG-000950,6a4c4280b2c190590990e5d58372bc9624f87887,M,,scripts/check_catalog_experience.py,1,1,TRAINING_ELIGIBLE
CWTV-GITCHG-000951,6a4c4280b2c190590990e5d58372bc9624f87887,M,,scripts/check_refinement_regression.py,1,1,TRAINING_ELIGIBLE
CWTV-GITCHG-000952,6a4c4280b2c190590990e5d58372bc9624f87887,A,,scripts/check_trailer_navigation_runtime.py,159,0,TRAINING_ELIGIBLE
CWTV-GITCHG-000953,6a4c4280b2c190590990e5d58372bc9624f87887,M,,services/api/cinewatch_api/api/v1/catalog.py,11,1,TRAINING_ELIGIBLE
CWTV-GITCHG-000954,6a4c4280b2c190590990e5d58372bc9624f87887,A,,services/api/cinewatch_api/api/v1/directories.py,49,0,TRAINING_ELIGIBLE
CWTV-GITCHG-000955,6a4c4280b2c190590990e5d58372bc9624f87887,M,,services/api/cinewatch_api/api/v1/router.py,4,0,TRAINING_ELIGIBLE
CWTV-GITCHG-000956,6a4c4280b2c190590990e5d58372bc9624f87887,A,,services/api/cinewatch_api/api/v1/trailer_library.py,20,0,TRAINING_ELIGIBLE
CWTV-GITCHG-000957,6a4c4280b2c190590990e5d58372bc9624f87887,A,,services/api/cinewatch_api/catalog/directories.py,160,0,TRAINING_ELIGIBLE
CWTV-GITCHG-000958,6a4c4280b2c190590990e5d58372bc9624f87887,M,,services/api/cinewatch_api/catalog/service.py,45,8,TRAINING_ELIGIBLE
CWTV-GITCHG-000959,6a4c4280b2c190590990e5d58372bc9624f87887,A,,services/api/cinewatch_api/catalog/trailer_library.py,77,0,TRAINING_ELIGIBLE
CWTV-GITCHG-000960,6a4c4280b2c190590990e5d58372bc9624f87887,M,,services/api/cinewatch_api/contracts/catalog.py,2,0,TRAINING_ELIGIBLE
CWTV-GITCHG-000961,6a4c4280b2c190590990e5d58372bc9624f87887,A,,services/api/cinewatch_api/contracts/directories.py,53,0,TRAINING_ELIGIBLE
CWTV-GITCHG-000962,6a4c4280b2c190590990e5d58372bc9624f87887,M,,services/api/cinewatch_api/contracts/home_experience.py,1,0,TRAINING_ELIGIBLE
CWTV-GITCHG-000963,6a4c4280b2c190590990e5d58372bc9624f87887,A,,services/api/cinewatch_api/contracts/trailer_library.py,25,0,TRAINING_ELIGIBLE
CWTV-GITCHG-000964,6a4c4280b2c190590990e5d58372bc9624f87887,M,,services/api/cinewatch_api/home/experience.py,61,1,TRAINING_ELIGIBLE
CWTV-GITCHG-000965,6a4c4280b2c190590990e5d58372bc9624f87887,M,,services/api/cinewatch_api/media/authority.py,25,4,TRAINING_ELIGIBLE
CWTV-GITCHG-000966,6a4c4280b2c190590990e5d58372bc9624f87887,M,,services/api/cinewatch_api/media/fallbacks.py,3,1,TRAINING_ELIGIBLE
CWTV-GITCHG-000967,6a4c4280b2c190590990e5d58372bc9624f87887,M,,services/api/tests/test_catalog_service.py,16,0,TRAINING_ELIGIBLE
CWTV-GITCHG-000968,6a4c4280b2c190590990e5d58372bc9624f87887,A,,services/api/tests/test_discovery_directories.py,48,0,TRAINING_ELIGIBLE
CWTV-GITCHG-000969,6a4c4280b2c190590990e5d58372bc9624f87887,M,,services/api/tests/test_home_experience.py,12,0,TRAINING_ELIGIBLE
CWTV-GITCHG-000970,6a4c4280b2c190590990e5d58372bc9624f87887,A,,services/api/tests/test_trailer_navigation.py,136,0,TRAINING_ELIGIBLE
CWTV-GITCHG-000971,22c19675d32e93f1d1d37b161a044e88f8310a2c,M,,nexvox/engineering/DATASET_CARD.md,11,11,REFERENCE_ONLY
CWTV-GITCHG-000972,22c19675d32e93f1d1d37b161a044e88f8310a2c,M,,nexvox/engineering/checksums.sha256,17,17,REFERENCE_ONLY
CWTV-GITCHG-000973,22c19675d32e93f1d1d37b161a044e88f8310a2c,M,,nexvox/engineering/datasets/commit-changes.csv,74,0,REFERENCE_ONLY
CWTV-GITCHG-000974,22c19675d32e93f1d1d37b161a044e88f8310a2c,M,,nexvox/engineering/datasets/commits.csv,2,0,REFERENCE_ONLY
CWTV-GITCHG-000975,22c19675d32e93f1d1d37b161a044e88f8310a2c,M,,nexvox/engineering/datasets/decisions.csv,10,10,REFERENCE_ONLY
CWTV-GITCHG-000976,22c19675d32e93f1d1d37b161a044e88f8310a2c,M,,nexvox/engineering/datasets/dependencies.csv,946,840,REFERENCE_ONLY
CWTV-GITCHG-000977,22c19675d32e93f1d1d37b161a044e88f8310a2c,M,,nexvox/engineering/datasets/history-records.jsonl,51,0,REFERENCE_ONLY
CWTV-GITCHG-000978,22c19675d32e93f1d1d37b161a044e88f8310a2c,M,,nexvox/engineering/datasets/knowledge-records.jsonl,675,643,REFERENCE_ONLY
CWTV-GITCHG-000979,22c19675d32e93f1d1d37b161a044e88f8310a2c,M,,nexvox/engineering/datasets/repository-file-versions.csv,74,0,REFERENCE_ONLY
CWTV-GITCHG-000980,22c19675d32e93f1d1d37b161a044e88f8310a2c,M,,nexvox/engineering/datasets/repository-files.csv,74,50,REFERENCE_ONLY
CWTV-GITCHG-000981,22c19675d32e93f1d1d37b161a044e88f8310a2c,M,,nexvox/engineering/datasets/source-reconciliations.csv,1,1,REFERENCE_ONLY
CWTV-GITCHG-000982,22c19675d32e93f1d1d37b161a044e88f8310a2c,M,,nexvox/engineering/datasets/symbols.csv,934,852,REFERENCE_ONLY
CWTV-GITCHG-000983,22c19675d32e93f1d1d37b161a044e88f8310a2c,M,,nexvox/engineering/manifests/corpus-manifest.yaml,9,9,REFERENCE_ONLY
CWTV-GITCHG-000984,22c19675d32e93f1d1d37b161a044e88f8310a2c,M,,nexvox/engineering/manifests/sync-state.yaml,2,2,REFERENCE_ONLY
CWTV-GITCHG-000985,22c19675d32e93f1d1d37b161a044e88f8310a2c,M,,nexvox/engineering/narratives/architecture-decisions.md,1,1,REFERENCE_ONLY
CWTV-GITCHG-000986,22c19675d32e93f1d1d37b161a044e88f8310a2c,M,,nexvox/engineering/narratives/engineering-history.md,4,2,REFERENCE_ONLY
CWTV-GITCHG-000987,22c19675d32e93f1d1d37b161a044e88f8310a2c,M,,nexvox/engineering/narratives/engineering-methods.md,1,1,REFERENCE_ONLY
CWTV-GITCHG-000988,22c19675d32e93f1d1d37b161a044e88f8310a2c,M,,nexvox/engineering/narratives/failures-corrections-lessons.md,1,1,REFERENCE_ONLY
CWTV-GITCHG-000989,682635524c4615e3b900212d649c83a11ec7f337,A,,docs/engineering/discovery-delivery/2026-10-05/chronicle-event-receipt.json,31,0,TRAINING_REVIEW_REQUIRED
CWTV-GITCHG-000990,682635524c4615e3b900212d649c83a11ec7f337,A,,docs/engineering/discovery-delivery/2026-10-05/classification-green.log,5,0,TRAINING_REVIEW_REQUIRED
CWTV-GITCHG-000991,682635524c4615e3b900212d649c83a11ec7f337,A,,docs/engineering/discovery-delivery/2026-10-05/classification-red.log,27,0,TRAINING_REVIEW_REQUIRED
CWTV-GITCHG-000992,682635524c4615e3b900212d649c83a11ec7f337,A,,docs/engineering/discovery-delivery/2026-10-05/d003-application-stop.json,45,0,TRAINING_REVIEW_REQUIRED
CWTV-GITCHG-000993,682635524c4615e3b900212d649c83a11ec7f337,A,,docs/engineering/discovery-delivery/2026-10-05/d004-drive-verification.json,18,0,TRAINING_REVIEW_REQUIRED
CWTV-GITCHG-000994,682635524c4615e3b900212d649c83a11ec7f337,A,,docs/engineering/discovery-delivery/2026-10-05/d004-per-path-modes.json,538,0,TRAINING_REVIEW_REQUIRED
CWTV-GITCHG-000995,682635524c4615e3b900212d649c83a11ec7f337,A,,docs/engineering/discovery-delivery/2026-10-05/d004-qualification-receipt.json,321,0,TRAINING_REVIEW_REQUIRED
CWTV-GITCHG-000996,682635524c4615e3b900212d649c83a11ec7f337,A,,docs/engineering/discovery-delivery/2026-10-05/delivery-closure-evidence.json,63,0,TRAINING_REVIEW_REQUIRED
CWTV-GITCHG-000997,682635524c4615e3b900212d649c83a11ec7f337,A,,docs/engineering/discovery-delivery/2026-10-05/engineering-provenance.json,57,0,TRAINING_REVIEW_REQUIRED
CWTV-GITCHG-000998,682635524c4615e3b900212d649c83a11ec7f337,A,,docs/engineering/discovery-delivery/2026-10-05/engineering-provenance.md,17,0,TRAINING_REVIEW_REQUIRED
CWTV-GITCHG-000999,682635524c4615e3b900212d649c83a11ec7f337,A,,docs/engineering/discovery-delivery/2026-10-05/first-main-ci.json,247,0,TRAINING_REVIEW_REQUIRED
CWTV-GITCHG-001000,682635524c4615e3b900212d649c83a11ec7f337,A,,docs/engineering/discovery-delivery/2026-10-05/first-main-promotion.json,21,0,TRAINING_REVIEW_REQUIRED
CWTV-GITCHG-001001,682635524c4615e3b900212d649c83a11ec7f337,A,,docs/engineering/discovery-delivery/2026-10-05/fresh-authority-lock.json,9,0,TRAINING_REVIEW_REQUIRED
CWTV-GITCHG-001002,682635524c4615e3b900212d649c83a11ec7f337,A,,docs/engineering/discovery-delivery/2026-10-05/fresh-d004-complete-tree.log,382,0,TRAINING_REVIEW_REQUIRED
CWTV-GITCHG-001003,682635524c4615e3b900212d649c83a11ec7f337,A,,docs/engineering/discovery-delivery/2026-10-05/qualified-candidate-ci.json,247,0,TRAINING_REVIEW_REQUIRED
CWTV-GITCHG-001004,682635524c4615e3b900212d649c83a11ec7f337,M,,docs/progress/CineWatch_TV_Engineering_Chronicle.md,41,8,REFERENCE_ONLY
CWTV-GITCHG-001005,682635524c4615e3b900212d649c83a11ec7f337,M,,docs/progress/activity/engineering-events.jsonl,20,0,TRAINING_ELIGIBLE
CWTV-GITCHG-001006,682635524c4615e3b900212d649c83a11ec7f337,M,,docs/progress/dashboard/progress-data.json,968,18,REFERENCE_ONLY
CWTV-GITCHG-001007,682635524c4615e3b900212d649c83a11ec7f337,M,,scripts/build_nexvox_engineering_corpus.py,1,1,TRAINING_ELIGIBLE
CWTV-GITCHG-001008,682635524c4615e3b900212d649c83a11ec7f337,M,,tests/repository/test_nexvox_engineering_corpus.py,13,0,TRAINING_ELIGIBLE
CWTV-GITCHG-001009,f8e9c935602a62e6215baaf568ba4e08834168c9,M,,nexvox/engineering/DATASET_CARD.md,16,16,REFERENCE_ONLY
CWTV-GITCHG-001010,f8e9c935602a62e6215baaf568ba4e08834168c9,M,,nexvox/engineering/checksums.sha256,21,21,REFERENCE_ONLY
CWTV-GITCHG-001011,f8e9c935602a62e6215baaf568ba4e08834168c9,M,,nexvox/engineering/datasets/artifacts.csv,5,0,REFERENCE_ONLY
CWTV-GITCHG-001012,f8e9c935602a62e6215baaf568ba4e08834168c9,M,,nexvox/engineering/datasets/commit-changes.csv,38,0,REFERENCE_ONLY
CWTV-GITCHG-001013,f8e9c935602a62e6215baaf568ba4e08834168c9,M,,nexvox/engineering/datasets/commits.csv,2,0,REFERENCE_ONLY
CWTV-GITCHG-001014,f8e9c935602a62e6215baaf568ba4e08834168c9,M,,nexvox/engineering/datasets/decisions.csv,10,10,REFERENCE_ONLY
CWTV-GITCHG-001015,f8e9c935602a62e6215baaf568ba4e08834168c9,M,,nexvox/engineering/datasets/dependencies.csv,33,32,REFERENCE_ONLY
CWTV-GITCHG-001016,f8e9c935602a62e6215baaf568ba4e08834168c9,M,,nexvox/engineering/datasets/failure-correction-chains.csv,15,8,REFERENCE_ONLY
CWTV-GITCHG-001017,f8e9c935602a62e6215baaf568ba4e08834168c9,M,,nexvox/engineering/datasets/history-records.jsonl,18,0,REFERENCE_ONLY
CWTV-GITCHG-001018,f8e9c935602a62e6215baaf568ba4e08834168c9,M,,nexvox/engineering/datasets/knowledge-records.jsonl,707,675,REFERENCE_ONLY
CWTV-GITCHG-001019,f8e9c935602a62e6215baaf568ba4e08834168c9,M,,nexvox/engineering/datasets/milestones.csv,1,1,REFERENCE_ONLY
CWTV-GITCHG-001020,f8e9c935602a62e6215baaf568ba4e08834168c9,M,,nexvox/engineering/datasets/qualifications.csv,1,0,REFERENCE_ONLY
CWTV-GITCHG-001021,f8e9c935602a62e6215baaf568ba4e08834168c9,M,,nexvox/engineering/datasets/repository-file-versions.csv,38,0,REFERENCE_ONLY
CWTV-GITCHG-001022,f8e9c935602a62e6215baaf568ba4e08834168c9,M,,nexvox/engineering/datasets/repository-files.csv,38,23,REFERENCE_ONLY
CWTV-GITCHG-001023,f8e9c935602a62e6215baaf568ba4e08834168c9,M,,nexvox/engineering/datasets/source-reconciliations.csv,1,1,REFERENCE_ONLY
CWTV-GITCHG-001024,f8e9c935602a62e6215baaf568ba4e08834168c9,M,,nexvox/engineering/datasets/symbols.csv,16,15,REFERENCE_ONLY
CWTV-GITCHG-001025,f8e9c935602a62e6215baaf568ba4e08834168c9,M,,nexvox/engineering/manifests/corpus-manifest.yaml,10,10,REFERENCE_ONLY
CWTV-GITCHG-001026,f8e9c935602a62e6215baaf568ba4e08834168c9,M,,nexvox/engineering/manifests/sync-state.yaml,2,2,REFERENCE_ONLY
CWTV-GITCHG-001027,f8e9c935602a62e6215baaf568ba4e08834168c9,M,,nexvox/engineering/narratives/architecture-decisions.md,1,1,REFERENCE_ONLY
CWTV-GITCHG-001028,f8e9c935602a62e6215baaf568ba4e08834168c9,M,,nexvox/engineering/narratives/engineering-history.md,5,3,REFERENCE_ONLY
CWTV-GITCHG-001029,f8e9c935602a62e6215baaf568ba4e08834168c9,M,,nexvox/engineering/narratives/engineering-methods.md,1,1,REFERENCE_ONLY
CWTV-GITCHG-001030,f8e9c935602a62e6215baaf568ba4e08834168c9,M,,nexvox/engineering/narratives/failures-corrections-lessons.md,65,9,REFERENCE_ONLY
CWTV-GITCHG-001031,380d8390fdac6a1b91e47b9e863cb0244e4f568d,A,,docs/engineering/discovery-delivery/2026-10-05/production-release/android-owner-acceptance.json,25,0,TRAINING_REVIEW_REQUIRED
CWTV-GITCHG-001032,380d8390fdac6a1b91e47b9e863cb0244e4f568d,A,,docs/engineering/discovery-delivery/2026-10-05/production-release/chronicle-receipt.json,22,0,TRAINING_REVIEW_REQUIRED
CWTV-GITCHG-001033,380d8390fdac6a1b91e47b9e863cb0244e4f568d,A,,docs/engineering/discovery-delivery/2026-10-05/production-release/deployment-receipt.json,92,0,TRAINING_REVIEW_REQUIRED
CWTV-GITCHG-001034,380d8390fdac6a1b91e47b9e863cb0244e4f568d,A,,docs/engineering/discovery-delivery/2026-10-05/production-release/isolated-genre-browser-proof.json,34,0,TRAINING_REVIEW_REQUIRED
CWTV-GITCHG-001035,380d8390fdac6a1b91e47b9e863cb0244e4f568d,A,,docs/engineering/discovery-delivery/2026-10-05/production-release/live-api-acceptance.json,842,0,TRAINING_REVIEW_REQUIRED
CWTV-GITCHG-001036,380d8390fdac6a1b91e47b9e863cb0244e4f568d,A,,docs/engineering/discovery-delivery/2026-10-05/production-release/live-browser-acceptance.json,190,0,TRAINING_REVIEW_REQUIRED
CWTV-GITCHG-001037,380d8390fdac6a1b91e47b9e863cb0244e4f568d,A,,docs/engineering/discovery-delivery/2026-10-05/production-release/release-history.md,17,0,TRAINING_REVIEW_REQUIRED
CWTV-GITCHG-001038,380d8390fdac6a1b91e47b9e863cb0244e4f568d,A,,docs/engineering/discovery-delivery/2026-10-05/production-release/ssm-activation.json,33,0,TRAINING_REVIEW_REQUIRED
CWTV-GITCHG-001039,380d8390fdac6a1b91e47b9e863cb0244e4f568d,A,,docs/engineering/discovery-delivery/2026-10-05/production-release/ssm-build-audit-log.json,33,0,TRAINING_REVIEW_REQUIRED
CWTV-GITCHG-001040,380d8390fdac6a1b91e47b9e863cb0244e4f568d,A,,docs/engineering/discovery-delivery/2026-10-05/production-release/ssm-build.json,33,0,TRAINING_REVIEW_REQUIRED
CWTV-GITCHG-001041,380d8390fdac6a1b91e47b9e863cb0244e4f568d,A,,docs/engineering/discovery-delivery/2026-10-05/production-release/ssm-post-deployment-proof.json,33,0,TRAINING_REVIEW_REQUIRED
CWTV-GITCHG-001042,380d8390fdac6a1b91e47b9e863cb0244e4f568d,A,,docs/engineering/discovery-delivery/2026-10-05/production-release/ssm-preflight.json,35,0,TRAINING_REVIEW_REQUIRED
CWTV-GITCHG-001043,380d8390fdac6a1b91e47b9e863cb0244e4f568d,A,,docs/engineering/discovery-delivery/2026-10-05/production-release/ssm-runtime-selector.json,33,0,TRAINING_REVIEW_REQUIRED
CWTV-GITCHG-001044,380d8390fdac6a1b91e47b9e863cb0244e4f568d,M,,docs/progress/CineWatch_TV_Engineering_Chronicle.md,16,4,REFERENCE_ONLY
CWTV-GITCHG-001045,380d8390fdac6a1b91e47b9e863cb0244e4f568d,M,,docs/progress/activity/engineering-events.jsonl,10,0,TRAINING_ELIGIBLE
CWTV-GITCHG-001046,380d8390fdac6a1b91e47b9e863cb0244e4f568d,M,,docs/progress/dashboard/progress-data.json,340,10,REFERENCE_ONLY
CWTV-GITCHG-001047,fdc8fecb3e3f206b1567ad1d50063fc77ebe5a8d,M,,nexvox/engineering/DATASET_CARD.md,13,13,REFERENCE_ONLY
CWTV-GITCHG-001048,fdc8fecb3e3f206b1567ad1d50063fc77ebe5a8d,M,,nexvox/engineering/checksums.sha256,18,18,REFERENCE_ONLY
CWTV-GITCHG-001049,fdc8fecb3e3f206b1567ad1d50063fc77ebe5a8d,M,,nexvox/engineering/datasets/commit-changes.csv,38,0,REFERENCE_ONLY
CWTV-GITCHG-001050,fdc8fecb3e3f206b1567ad1d50063fc77ebe5a8d,M,,nexvox/engineering/datasets/commits.csv,2,0,REFERENCE_ONLY
CWTV-GITCHG-001051,fdc8fecb3e3f206b1567ad1d50063fc77ebe5a8d,M,,nexvox/engineering/datasets/decisions.csv,10,10,REFERENCE_ONLY
CWTV-GITCHG-001052,fdc8fecb3e3f206b1567ad1d50063fc77ebe5a8d,M,,nexvox/engineering/datasets/failure-correction-chains.csv,10,8,REFERENCE_ONLY
CWTV-GITCHG-001053,fdc8fecb3e3f206b1567ad1d50063fc77ebe5a8d,M,,nexvox/engineering/datasets/history-records.jsonl,14,0,REFERENCE_ONLY
CWTV-GITCHG-001054,fdc8fecb3e3f206b1567ad1d50063fc77ebe5a8d,M,,nexvox/engineering/datasets/knowledge-records.jsonl,735,707,REFERENCE_ONLY
CWTV-GITCHG-001055,fdc8fecb3e3f206b1567ad1d50063fc77ebe5a8d,M,,nexvox/engineering/datasets/milestones.csv,1,1,REFERENCE_ONLY
CWTV-GITCHG-001056,fdc8fecb3e3f206b1567ad1d50063fc77ebe5a8d,M,,nexvox/engineering/datasets/qualifications.csv,2,0,REFERENCE_ONLY
CWTV-GITCHG-001057,fdc8fecb3e3f206b1567ad1d50063fc77ebe5a8d,M,,nexvox/engineering/datasets/repository-file-versions.csv,38,0,REFERENCE_ONLY
CWTV-GITCHG-001058,fdc8fecb3e3f206b1567ad1d50063fc77ebe5a8d,M,,nexvox/engineering/datasets/repository-files.csv,38,25,REFERENCE_ONLY
CWTV-GITCHG-001059,fdc8fecb3e3f206b1567ad1d50063fc77ebe5a8d,M,,nexvox/engineering/datasets/source-reconciliations.csv,1,1,REFERENCE_ONLY
CWTV-GITCHG-001060,fdc8fecb3e3f206b1567ad1d50063fc77ebe5a8d,M,,nexvox/engineering/manifests/corpus-manifest.yaml,10,10,REFERENCE_ONLY
CWTV-GITCHG-001061,fdc8fecb3e3f206b1567ad1d50063fc77ebe5a8d,M,,nexvox/engineering/manifests/sync-state.yaml,2,2,REFERENCE_ONLY
CWTV-GITCHG-001062,fdc8fecb3e3f206b1567ad1d50063fc77ebe5a8d,M,,nexvox/engineering/narratives/architecture-decisions.md,1,1,REFERENCE_ONLY
CWTV-GITCHG-001063,fdc8fecb3e3f206b1567ad1d50063fc77ebe5a8d,M,,nexvox/engineering/narratives/engineering-history.md,5,3,REFERENCE_ONLY
CWTV-GITCHG-001064,fdc8fecb3e3f206b1567ad1d50063fc77ebe5a8d,M,,nexvox/engineering/narratives/engineering-methods.md,1,1,REFERENCE_ONLY
CWTV-GITCHG-001065,fdc8fecb3e3f206b1567ad1d50063fc77ebe5a8d,M,,nexvox/engineering/narratives/failures-corrections-lessons.md,25,9,REFERENCE_ONLY
CWTV-GITCHG-001066,2fabbc96ed40ae77d5eec834defca9e8b0f24774,M,,apps/web/package.json,1,1,TRAINING_ELIGIBLE
CWTV-GITCHG-001067,2fabbc96ed40ae77d5eec834defca9e8b0f24774,M,,apps/web/src/components/site/UnderDevelopmentPanel.tsx,1,0,TRAINING_ELIGIBLE
CWTV-GITCHG-001068,2fabbc96ed40ae77d5eec834defca9e8b0f24774,A,,docs/engineering/privacy-live-test/2026-10-08/authority-and-scope.md,19,0,TRAINING_ELIGIBLE
CWTV-GITCHG-001069,2fabbc96ed40ae77d5eec834defca9e8b0f24774,A,,docs/engineering/privacy-live-test/2026-10-08/lock-entry-diff.json,1759,0,TRAINING_ELIGIBLE
CWTV-GITCHG-001070,2fabbc96ed40ae77d5eec834defca9e8b0f24774,A,,docs/engineering/privacy-live-test/2026-10-08/next-advisory-github.json,1,0,TRAINING_ELIGIBLE
CWTV-GITCHG-001071,2fabbc96ed40ae77d5eec834defca9e8b0f24774,A,,docs/engineering/privacy-live-test/2026-10-08/npm-production-after.json,22,0,TRAINING_ELIGIBLE
CWTV-GITCHG-001072,2fabbc96ed40ae77d5eec834defca9e8b0f24774,A,,docs/engineering/privacy-live-test/2026-10-08/sharp-advisory-github.json,1,0,TRAINING_ELIGIBLE
CWTV-GITCHG-001073,2fabbc96ed40ae77d5eec834defca9e8b0f24774,A,,docs/engineering/privacy-live-test/2026-10-08/source-map-advisory-github.json,1,0,TRAINING_ELIGIBLE
CWTV-GITCHG-001074,2fabbc96ed40ae77d5eec834defca9e8b0f24774,A,,docs/engineering/privacy-live-test/2026-10-08/source-qualification.json,142,0,TRAINING_ELIGIBLE
CWTV-GITCHG-001075,2fabbc96ed40ae77d5eec834defca9e8b0f24774,M,,docs/progress/CineWatch_TV_Engineering_Chronicle.md,75,6,REFERENCE_ONLY
CWTV-GITCHG-001076,2fabbc96ed40ae77d5eec834defca9e8b0f24774,M,,docs/progress/activity/engineering-events.jsonl,63,0,TRAINING_ELIGIBLE
CWTV-GITCHG-001077,2fabbc96ed40ae77d5eec834defca9e8b0f24774,M,,docs/progress/dashboard/progress-data.json,1683,10,REFERENCE_ONLY
CWTV-GITCHG-001078,2fabbc96ed40ae77d5eec834defca9e8b0f24774,M,,package-lock.json,161,161,REFERENCE_ONLY
CWTV-GITCHG-001079,2fabbc96ed40ae77d5eec834defca9e8b0f24774,M,,scripts/check_frontend_skeleton.py,1,1,TRAINING_ELIGIBLE
