path,mode,blob_sha,sha256,bytes,line_count,language,authority_domain,source_role,training_eligibility,eligibility_reason,generated_projection
.editorconfig,100644,89ec8d46c5f8139fda0d8b2eb8508c6c94d5169a,b5d47ae054588234e5fd91512b639b629c0425649fdfe102aae606f172e8e4e5,284,18,Config,repository_foundation,REPOSITORY_SOURCE,TRAINING_ELIGIBLE,"CineWatch-owned source, test, governance, or engineering documentation",false
.env.example,100644,5c07db1b0a2bcaf38a00c731b91a7b49d9c548c9,ba4fc1adb02214fef05367b749613806dc016796db59387d308a4a48a586c6f7,1671,44,Config,repository_foundation,REPOSITORY_SOURCE,TRAINING_ELIGIBLE,"CineWatch-owned source, test, governance, or engineering documentation",false
.gitattributes,100644,9c975cdbd2edde393517ce4d52b2ea8aa3c4562d,558f099fc44a26c2c4817ac26c0095c9d1d010a5cf47cfea60b8d304f3e46ad8,338,19,Config,repository_foundation,REPOSITORY_SOURCE,TRAINING_ELIGIBLE,"CineWatch-owned source, test, governance, or engineering documentation",false
.github/dependabot.yml,100644,92b5000b0f991317379cc25a991ad6f82e49a083,0de6290b4348325adf91d9cf328cf6e55ee9b4497ef0d3854d1bcc1a7466cc9c,385,20,YAML,ci_supply_chain,REPOSITORY_SOURCE,TRAINING_ELIGIBLE,"CineWatch-owned source, test, governance, or engineering documentation",false
.github/workflows/ci.yml,100644,56082d8e1b1ec2f50a33b29a644ab03b5c39e4c4,a2e7c8fde18f5d2aa95f5ee5ed864c276b188c73da3ea2c2ce727739d00bbb7c,4568,155,YAML,ci_supply_chain,REPOSITORY_SOURCE,TRAINING_ELIGIBLE,"CineWatch-owned source, test, governance, or engineering documentation",false
.gitignore,100644,a8309647bcac08e0d0f152ad1f9f1017e8dff5d2,46520ee7ae6d857227084895c39c9a76070cee030228dd8f7194e6f48a1775d1,975,87,Config,repository_foundation,REPOSITORY_SOURCE,TRAINING_ELIGIBLE,"CineWatch-owned source, test, governance, or engineering documentation",false
.npmrc,100644,4b5b2197dc15bcb9361519ad8c09ad8917b15aa3,3bb96a1a78db16d68bba21839331014b71697da669718bde6644bf736fdf5068,64,4,Config,repository_foundation,REPOSITORY_SOURCE,TRAINING_ELIGIBLE,"CineWatch-owned source, test, governance, or engineering documentation",false
.nvmrc,100644,ca5c350055ccb6dacb495a786f60c8232abed8f2,55075b5ec4e8b31936cbbc282b8829116d1fd48f2f2f1856dee592a6650700ce,8,1,Config,repository_foundation,REPOSITORY_SOURCE,TRAINING_ELIGIBLE,"CineWatch-owned source, test, governance, or engineering documentation",false
.python-version,100644,3f0a10fda703c327eb329f869a19cc5cc05af521,3a55324cbeddc91df012407d051dad08c88624c95a82fbdb856728729fbd14ab,7,1,Config,repository_foundation,REPOSITORY_SOURCE,TRAINING_ELIGIBLE,"CineWatch-owned source, test, governance, or engineering documentation",false
CINEWATCH_ENGINEERING_WORKFLOW.md,100644,4b09bf153edc3b918b90e170bcf810cc9bfb9d9e,929a086dac950b95918ef59cc4ccc59f5c455a609814e6688d8b6424db731adf,25937,1041,Markdown,engineering_workflow,LOCKED_AUTHORITY,TRAINING_ELIGIBLE,"CineWatch-owned source, test, governance, or engineering documentation",false
README.md,100644,38e8bacf533ea7bb935ccddbd6c888032abd6b71,a6949d4c3b6096fb10ccb37d6a0c966b8693fe2d71fccb240ab9956cf6925c73,5181,104,Markdown,repository_foundation,REPOSITORY_SOURCE,TRAINING_ELIGIBLE,"CineWatch-owned source, test, governance, or engineering documentation",false
SECURITY.md,100644,5dfde8bf2b29d97ff207a7cde5d1ba8dc6a35dd8,f1ca05b8cc486e2f11772fe1fc90de8f953e9902c0337b5417f7ec5ef0fa0d63,1648,37,Markdown,repository_foundation,REPOSITORY_SOURCE,TRAINING_ELIGIBLE,"CineWatch-owned source, test, governance, or engineering documentation",false
apps/web/README.md,100644,effb2dfddb3a059125c72c04e696533a9ab4c6ec,f687b7452b67331a2ba3dcdeea457b827f5ac7e465505c7b4ec80ad49c504df4,1270,27,Markdown,frontend,REPOSITORY_SOURCE,TRAINING_ELIGIBLE,"CineWatch-owned source, test, governance, or engineering documentation",false
apps/web/eslint.config.mjs,100644,199c0ecf88b9dd695aa06394d4071706e1a648ab,2ac5b4b8898d7b511a7ccca34adc20207610d4e6c347672faeeede7bd35a8314,366,16,JavaScript,frontend,REPOSITORY_SOURCE,TRAINING_ELIGIBLE,"CineWatch-owned source, test, governance, or engineering documentation",false
apps/web/next-env.d.ts,100644,ce4e94a6b10f160ee021fe18939af160d2927dcf,1862ac4bbbc5192d4bf562161df66ea547ed3e67173100656ab606ae9797db2b,288,7,TypeScript,frontend,SOURCE_CODE,REFERENCE_ONLY,canonical/reference/generated artifact retained for provenance but excluded from training text,false
apps/web/next.config.ts,100644,d24675cc75d67ce0977872a66f5e02a0c66ef437,b2714280526d034c4dbb3b08d8efd1303f721231388d4e51ea43d3b00260c6b5,481,21,TypeScript,frontend,SOURCE_CODE,TRAINING_ELIGIBLE,"CineWatch-owned source, test, governance, or engineering documentation",false
apps/web/package.json,100644,732f2159191549726cf7af6dc811e660231c42be,bf0d9fc3b8baece1c701952f55648807fb8bcead2e7342b317a0e642997a0115,757,33,JSON,frontend,REPOSITORY_SOURCE,TRAINING_ELIGIBLE,"CineWatch-owned source, test, governance, or engineering documentation",false
apps/web/public/brand/asset-manifest.json,100644,c61e804d82c789d5412e8c95a69f5567ba3114f4,c4b76fb27a7eff3f26bcb247aa6b7f39456eeb9611e1b70f9207e2ad64b61c50,5840,187,JSON,frontend,REPOSITORY_SOURCE,TRAINING_ELIGIBLE,"CineWatch-owned source, test, governance, or engineering documentation",false
apps/web/public/brand/cinewatch-lockup-on-dark.svg,100644,faecf7a4d5b6a9b2bd176be266977641afda74f9,511add2c88078605ee08ab6a305755c4d2081c6a0282b0cf0fe13a00cfd82277,8595,,SVG,frontend,REPOSITORY_SOURCE,TRAINING_ELIGIBLE,"CineWatch-owned source, test, governance, or engineering documentation",false
apps/web/public/brand/cinewatch-lockup-on-light.svg,100644,de70c903fd0c500192efed08b38c171e034c9514,10f2cb30cda3e5506af2fd6278149a511ff5753610b9f01d3071073ff3c504dc,8595,,SVG,frontend,REPOSITORY_SOURCE,TRAINING_ELIGIBLE,"CineWatch-owned source, test, governance, or engineering documentation",false
apps/web/public/brand/cinewatch-mark-m1-full.svg,100644,0ce4f035b9dd1f9a05ae8c890005f9235cd414fe,fc53d6e30e41434858ac1ac3ee96abf9663adf60d2c0f2a0193042e34f3b2b10,2431,,SVG,frontend,REPOSITORY_SOURCE,TRAINING_ELIGIBLE,"CineWatch-owned source, test, governance, or engineering documentation",false
apps/web/public/brand/cinewatch-mark-r1a-black.svg,100644,d7567616a405030a3b986d3576d14081f2df4f3f,ea46902a8b712c188016ecfef8410b551a7b1c6c506f0ecbccbc1fd10fbed4d4,1039,,SVG,frontend,REPOSITORY_SOURCE,TRAINING_ELIGIBLE,"CineWatch-owned source, test, governance, or engineering documentation",false
apps/web/public/brand/cinewatch-mark-r1a-full.svg,100644,4ea0b3c7c80ea5dff507e425730b9b2ea9518293,6f9d58204588321b5103dc744d0b804818bf94ef7a0bb722892ae6d8ac3da918,2431,,SVG,frontend,REPOSITORY_SOURCE,TRAINING_ELIGIBLE,"CineWatch-owned source, test, governance, or engineering documentation",false
apps/web/public/brand/cinewatch-mark-r1a-white.svg,100644,60262cc433bf144694cf55365c242c91294655fd,1a7fa017b645727047a6754642513324fb07890f8089c301fc8f8e7488e57359,1039,,SVG,frontend,REPOSITORY_SOURCE,TRAINING_ELIGIBLE,"CineWatch-owned source, test, governance, or engineering documentation",false
apps/web/public/brand/cinewatch-wordmark-on-dark.svg,100644,cde4d4f41d34828f85f186ab2a09816ed888ef01,228522f86176e88f4a2b098928444ee24c6402e214592f053f54d1af352c1413,6232,,SVG,frontend,REPOSITORY_SOURCE,TRAINING_ELIGIBLE,"CineWatch-owned source, test, governance, or engineering documentation",false
apps/web/public/brand/cinewatch-wordmark-on-light.svg,100644,51c200c0d0c025d5b69125632a18549202e43967,c64ef1d47ed967a69db10eae8b9c3a3241b465cc3c1b83d4d4e51c2f6dbb1a2f,6232,,SVG,frontend,REPOSITORY_SOURCE,TRAINING_ELIGIBLE,"CineWatch-owned source, test, governance, or engineering documentation",false
apps/web/public/brand/ratings/imdb.jpg,100644,a114691e98307f47c981e649df4678b8b2fee69e,5c4b6a6383bb2b44bdf77856136459bff6797f2e38bab748df08c7aaa61c923b,44010,,JPG,frontend,REPOSITORY_SOURCE,TRAINING_ELIGIBLE,"CineWatch-owned source, test, governance, or engineering documentation",false
apps/web/public/brand/ratings/metacritic.jpg,100644,095b3ddce1886e5f76c9f9978e8bf57704abd2f9,d33aded2cae490874bf426367096c2ee8b1a74580e2098014f6c80fed5e7a49d,86762,,JPG,frontend,REPOSITORY_SOURCE,TRAINING_ELIGIBLE,"CineWatch-owned source, test, governance, or engineering documentation",false
apps/web/public/brand/ratings/rotten-tomatoes.jpg,100644,5efc96d1d6da1fdfa35cc93dd7c44bfe7bb10792,1d13bc7211aa3f493b832855c0b797f593e715ad2d646c9ba2e2db77b9933be2,55081,,JPG,frontend,REPOSITORY_SOURCE,TRAINING_ELIGIBLE,"CineWatch-owned source, test, governance, or engineering documentation",false
apps/web/public/brand/ratings/tmdb.jpg,100644,663e8e39e92f75fc19e01718383baf6d4e927ea9,5e29d146d85671f77ed0a573d7acc074a4116534f15a1cd2bc6ee04628ce9b11,65858,,JPG,frontend,REPOSITORY_SOURCE,TRAINING_ELIGIBLE,"CineWatch-owned source, test, governance, or engineering documentation",false
apps/web/public/icons/cinewatch-app-icon-180.png,100644,8c2786081b10e92fe12527c4fd3858acf0e96610,ed300fc7f4973945b3bcfe488b467f6eb024ce02658826a6d206c1f1d7ce3634,7765,,PNG,frontend,REPOSITORY_SOURCE,TRAINING_ELIGIBLE,"CineWatch-owned source, test, governance, or engineering documentation",false
apps/web/public/icons/cinewatch-app-icon-192.png,100644,b170dfc43eda431d54224bcc07a15d4e4f11310d,f855aebf6c737aca595bb5bb3a12b7481cccabb9d08863ebb06c6cd1ac0c69b3,8547,,PNG,frontend,REPOSITORY_SOURCE,TRAINING_ELIGIBLE,"CineWatch-owned source, test, governance, or engineering documentation",false
apps/web/public/icons/cinewatch-app-icon-512.png,100644,9a4b372b6f882052c4809d2b6a9e4a812fd53ab0,a9942d2a81449e2d22a0abb2a5a62746508d5fe7e580d87c2971375af9dae582,26814,,PNG,frontend,REPOSITORY_SOURCE,TRAINING_ELIGIBLE,"CineWatch-owned source, test, governance, or engineering documentation",false
apps/web/public/icons/cinewatch-app-icon-light-512.png,100644,b6edcbcf76a8ea93876e5e7b08847e09dae21cc1,a206286d0e5d9051788340e7f8b071e8f9a9ed998b070821d1a551cb884b16a3,27984,,PNG,frontend,REPOSITORY_SOURCE,TRAINING_ELIGIBLE,"CineWatch-owned source, test, governance, or engineering documentation",false
apps/web/public/icons/cinewatch-favicon-16.png,100644,f3ca337cc8ae2fada6d167c1f06faf52b75b18e3,1a8b2d62a230d9d67aa8323a7ec378d47931d09770a75a3f78a22a90139ddfae,496,,PNG,frontend,REPOSITORY_SOURCE,TRAINING_ELIGIBLE,"CineWatch-owned source, test, governance, or engineering documentation",false
apps/web/public/icons/cinewatch-favicon-32.png,100644,a52d549a29ffc32f877f96a41c7f57568baa17a5,a687480b4c15e6fd4fe1e450289a6b76350cb54fec2e34f0d7a07c95178512ef,1127,,PNG,frontend,REPOSITORY_SOURCE,TRAINING_ELIGIBLE,"CineWatch-owned source, test, governance, or engineering documentation",false
apps/web/public/icons/cinewatch-favicon-48.png,100644,7074312bf061fe3a8d7a9a87549d4644ecab9c6b,17b979a6e6c9ed837bd33906438ee98301d2021f3cfd3efcbf81dab72196a793,1788,,PNG,frontend,REPOSITORY_SOURCE,TRAINING_ELIGIBLE,"CineWatch-owned source, test, governance, or engineering documentation",false
apps/web/public/icons/cinewatch-maskable-icon-512.png,100644,0c1c7967c4c881b1ce5f8ed1798a64a81d950cca,e581ce67daf51456f54d8473a7754d8b893619a5f79d166397aa4694a750283a,17185,,PNG,frontend,REPOSITORY_SOURCE,TRAINING_ELIGIBLE,"CineWatch-owned source, test, governance, or engineering documentation",false
apps/web/public/icons/cinewatch-micro-16.png,100644,3eecd2d77592122699621ddf3ceef2fb261d3810,94188854cdbe087de1a62d2db3135443dac771c5e372a1b07107327b652e5fe8,632,,PNG,frontend,REPOSITORY_SOURCE,TRAINING_ELIGIBLE,"CineWatch-owned source, test, governance, or engineering documentation",false
apps/web/public/icons/cinewatch-micro-24.png,100644,7c4b116a5a1bfa5720ba1d0552d833256ac3fca0,e2fb2654ecfe0e2c251816abca49c9b03c222454a87b44411d4fb441bd91ca1a,955,,PNG,frontend,REPOSITORY_SOURCE,TRAINING_ELIGIBLE,"CineWatch-owned source, test, governance, or engineering documentation",false
apps/web/public/icons/cinewatch-micro-32.png,100644,0eb8ac3721df8b6cc0d908eb0f6d73bbecea536f,bae18edf0cae3ab738fd39717605456d671be08ebfc158b916d72fd6e4d07d0a,1289,,PNG,frontend,REPOSITORY_SOURCE,TRAINING_ELIGIBLE,"CineWatch-owned source, test, governance, or engineering documentation",false
apps/web/public/provider-fallbacks/backdrops/.gitkeep,100644,e69de29bb2d1d6434b8b29ae775ad8c2e48c5391,e3b0c44298fc1c149afbf4c8996fb92427ae41e4649b934ca495991b7852b855,0,0,Config,frontend,REPOSITORY_SOURCE,REFERENCE_ONLY,canonical/reference/generated artifact retained for provenance but excluded from training text,false
apps/web/public/provider-fallbacks/manifest.json,100644,ca34a8f467041b24b49b55444a36f0424b52e04f,7afc296e79f696eead74e9e5ca8feb8d5ba137d4fc1a5423ea853e75e11caea1,105,5,JSON,frontend,REPOSITORY_SOURCE,TRAINING_ELIGIBLE,"CineWatch-owned source, test, governance, or engineering documentation",false
apps/web/public/provider-fallbacks/networks/.gitkeep,100644,e69de29bb2d1d6434b8b29ae775ad8c2e48c5391,e3b0c44298fc1c149afbf4c8996fb92427ae41e4649b934ca495991b7852b855,0,0,Config,frontend,REPOSITORY_SOURCE,REFERENCE_ONLY,canonical/reference/generated artifact retained for provenance but excluded from training text,false
apps/web/public/provider-fallbacks/people/.gitkeep,100644,e69de29bb2d1d6434b8b29ae775ad8c2e48c5391,e3b0c44298fc1c149afbf4c8996fb92427ae41e4649b934ca495991b7852b855,0,0,Config,frontend,REPOSITORY_SOURCE,REFERENCE_ONLY,canonical/reference/generated artifact retained for provenance but excluded from training text,false
apps/web/public/provider-fallbacks/posters/.gitkeep,100644,e69de29bb2d1d6434b8b29ae775ad8c2e48c5391,e3b0c44298fc1c149afbf4c8996fb92427ae41e4649b934ca495991b7852b855,0,0,Config,frontend,REPOSITORY_SOURCE,REFERENCE_ONLY,canonical/reference/generated artifact retained for provenance but excluded from training text,false
apps/web/public/seo/cinewatch-og-1200x630.png,100644,27f2d8c618de09156233e547f7cae614ef315d15,d05a63712ac75e90d8dc2bd7640701486c62bab7e20bcac10654b2b1cd27f91f,34972,,PNG,frontend,REPOSITORY_SOURCE,TRAINING_ELIGIBLE,"CineWatch-owned source, test, governance, or engineering documentation",false
apps/web/public/seo/cinewatch-social-1080x1080.png,100644,2015374801ffd2df776cbe416e5549fe620f7f48,a094d2aa6236c56eee1c00d559301c47a8f7f1b397b41616e97f5d63a68f7cac,51997,,PNG,frontend,REPOSITORY_SOURCE,TRAINING_ELIGIBLE,"CineWatch-owned source, test, governance, or engineering documentation",false
apps/web/src/app/brand-qualification/brand-qualification.module.css,100644,6c2a55ac03e974acff818564d3225da83c4e6c53,fb2837ec5c30c5439a8ebd6c3c44ec099862833ccea6903e3f6c8e6f703a0b75,6704,432,CSS,frontend,SOURCE_CODE,TRAINING_ELIGIBLE,"CineWatch-owned source, test, governance, or engineering documentation",false
apps/web/src/app/brand-qualification/page.tsx,100644,bbcb9c0bf19f04d1f699d24c4be0ed74fed4f79d,1c004b1a5f50d359dfdf8e1fdef018cd2b14418c4e557d640cd3d262bb31721c,8433,205,TSX,frontend,SOURCE_CODE,TRAINING_ELIGIBLE,"CineWatch-owned source, test, governance, or engineering documentation",false
apps/web/src/app/cinema-guide/page.tsx,100644,04029918b5c8895b4d8453a79c8f1910a57d2af5,837c5d2328c6b40986072db67f07ac897e10deb6bb1beb38908c7f89a819c51d,183,5,TSX,frontend,SOURCE_CODE,TRAINING_ELIGIBLE,"CineWatch-owned source, test, governance, or engineering documentation",false
apps/web/src/app/company/[providerId]/page.tsx,100644,697d10f0d4af3eb93f61c6bf89094ed8ff9ad42a,e6244a96cd10287df1579d0735383f953dd08714055bb9076e040af654f67ef9,261,4,TSX,frontend,SOURCE_CODE,TRAINING_ELIGIBLE,"CineWatch-owned source, test, governance, or engineering documentation",false
apps/web/src/app/contact/page.tsx,100644,9c6df5263399b0c443f622de8c8c2c9f2725ac7a,ca412790e82742f885bedfa43b8f2334ba1a391e1cadc334d17db96c41a29ae8,1061,25,TSX,frontend,SOURCE_CODE,TRAINING_ELIGIBLE,"CineWatch-owned source, test, governance, or engineering documentation",false
apps/web/src/app/countries-cultures/page.module.css,100644,7bc4fb381e7b4223df8892c4c4536c860c580a58,59995571b75d1ceb07cfff7a30436b9f8c850a439418b09959d5a8385732ec59,908,1,CSS,frontend,SOURCE_CODE,TRAINING_ELIGIBLE,"CineWatch-owned source, test, governance, or engineering documentation",false
apps/web/src/app/countries-cultures/page.tsx,100644,ea382060d0cb4b67ee539134d8c91238ddfb0e61,c9b9a91a802c5314030031ecaae46b6d5bfe067ec9154f4b23d8459ec0818c93,1761,35,TSX,frontend,SOURCE_CODE,TRAINING_ELIGIBLE,"CineWatch-owned source, test, governance, or engineering documentation",false
apps/web/src/app/country/[code]/page.tsx,100644,020ed7c72a1c413df92c0105f9e17e59f13d528f,5622ad32d188a4cc4d2b44065fb8756659c630a48db4c802d36a3128b8699653,1187,24,TSX,frontend,SOURCE_CODE,TRAINING_ELIGIBLE,"CineWatch-owned source, test, governance, or engineering documentation",false
apps/web/src/app/discover/[slug]/page.tsx,100644,d30b16c8a3f145c51ad784fe8a842485cd23c155,6011d23fab8bbff2ff9832252b08169da9034482e8f87b4d9b1f79ce442c5349,626,13,TSX,frontend,SOURCE_CODE,TRAINING_ELIGIBLE,"CineWatch-owned source, test, governance, or engineering documentation",false
apps/web/src/app/error.tsx,100644,bc4132fb55292ca1a8cde65b53a09e9b08289dbf,874240a5297eb59b581e5b17f0efbe06e3d1fb409fae673a1423cfa42bc62a9a,379,18,TSX,frontend,SOURCE_CODE,TRAINING_ELIGIBLE,"CineWatch-owned source, test, governance, or engineering documentation",false
apps/web/src/app/genre/[slug]/page.tsx,100644,c3abc830d7d516552eb21335f7bfe553514b871f,d8945b2e3da5b030947b7a76bdda92a1f9e61033ace0e85a2b940cfa800c355f,618,13,TSX,frontend,SOURCE_CODE,TRAINING_ELIGIBLE,"CineWatch-owned source, test, governance, or engineering documentation",false
apps/web/src/app/genres/page.tsx,100644,9dc76d8901af7c84d0d18ff3e54d8aa95efe3eaa,15baa07245a6c58ca0e054d7c148730cb2d0e7ae34ccc77d6a356c7255549892,963,17,TSX,frontend,SOURCE_CODE,TRAINING_ELIGIBLE,"CineWatch-owned source, test, governance, or engineering documentation",false
apps/web/src/app/global-error.tsx,100644,d0a05eb41b8229026e733c6be361aa0a60744e63,86286eabc4a180d851f6800b8d827896ed82e06b9515a48e992de88742d43e2c,421,21,TSX,frontend,SOURCE_CODE,TRAINING_ELIGIBLE,"CineWatch-owned source, test, governance, or engineering documentation",false
apps/web/src/app/globals.css,100644,723175e340bf3482642c5130a9e14f73d4788b6f,efbc6f867502a2bb6e9d0c3f1b70230d5cb574d8c8eb81bf8811ff2cade391d2,1178,41,CSS,frontend,SOURCE_CODE,TRAINING_ELIGIBLE,"CineWatch-owned source, test, governance, or engineering documentation",false
apps/web/src/app/layout.tsx,100644,1f498aff34b477f5f665344dcbfe5b0db2a7d33c,7bd50d1a5e312d54f5ca4c98d7ba27426c989c96d21b790ac5aa00eba8ec16b0,1392,52,TSX,frontend,SOURCE_CODE,TRAINING_ELIGIBLE,"CineWatch-owned source, test, governance, or engineering documentation",false
apps/web/src/app/loading.module.css,100644,14d31f6eaca4771b33d59fac877aa1057da53c5b,8fe54a1c4a601af64f960e759ff213051f2828b275d2bcfbde0ac8cc3d1ff257,307,1,CSS,frontend,SOURCE_CODE,TRAINING_ELIGIBLE,"CineWatch-owned source, test, governance, or engineering documentation",false
apps/web/src/app/loading.tsx,100644,84f39cbf772842735d97207724182f1882cfe807,a28bb36f0993f3049482e16dca2650220476e74268a7278323f4c9ca6e14135c,223,5,TSX,frontend,SOURCE_CODE,TRAINING_ELIGIBLE,"CineWatch-owned source, test, governance, or engineering documentation",false
apps/web/src/app/lyrics/page.tsx,100644,a41091985a4e615bb1feaef6034cb7f3d2c5d3e4,a592d224177ac9d5987b0615e715127ec1fd4dcc9db01e9431abc138d4c2b553,4596,35,TSX,frontend,SOURCE_CODE,TRAINING_ELIGIBLE,"CineWatch-owned source, test, governance, or engineering documentation",false
apps/web/src/app/manifest.ts,100644,83c60c96ba5780959f5d3dc36e0f3905ded37207,1be34ce74ae67af188ad9d707ebda1880ce707da677ae9d31ca275cfdea737bd,820,33,TypeScript,frontend,SOURCE_CODE,TRAINING_ELIGIBLE,"CineWatch-owned source, test, governance, or engineering documentation",false
apps/web/src/app/network/[providerId]/page.tsx,100644,0669a9268afad9d542a78c7c4361fc210a2f51bf,12c35b1e5ab891747badbd3880e78c82df60ea601c657e5610bae66228c6cd1f,261,4,TSX,frontend,SOURCE_CODE,TRAINING_ELIGIBLE,"CineWatch-owned source, test, governance, or engineering documentation",false
apps/web/src/app/networks/page.tsx,100644,5b8389aeefb6fdd6ed3e4995a50568578a624ee3,b710b5a422ec13d46b708f407a4efb77338bc8cc22b3dad597bc8f874dacfb1a,654,11,TSX,frontend,SOURCE_CODE,TRAINING_ELIGIBLE,"CineWatch-owned source, test, governance, or engineering documentation",false
apps/web/src/app/news/page.tsx,100644,2e0e87d7e3b86faa73365225fc2208c448f24cb2,dce4821e112806d91283e85f5a03d41fcbdf7405bd7467e250d92375695cd976,3260,61,TSX,frontend,SOURCE_CODE,TRAINING_ELIGIBLE,"CineWatch-owned source, test, governance, or engineering documentation",false
apps/web/src/app/not-found.tsx,100644,dcc244a2fba81c682c5d5b4b0e5326416d0c9981,b5a8d4d87c4df5b60bae25b3ae432903f77d0259c618a4d426f4b37e68ab72d3,165,8,TSX,frontend,SOURCE_CODE,TRAINING_ELIGIBLE,"CineWatch-owned source, test, governance, or engineering documentation",false
apps/web/src/app/page.tsx,100644,8bfd19823ce556295f3224d7b9344d1e7ab2cd30,aaf0ebf903a9e14a3895e4cff6be29d292f39d2297f29a2fa170b686a76d01e7,674,22,TSX,frontend,SOURCE_CODE,TRAINING_ELIGIBLE,"CineWatch-owned source, test, governance, or engineering documentation",false
apps/web/src/app/people/page.tsx,100644,77815cca0154121e4972572975c9f4cf25f3e345,44aa0c6f6dcb372f8861d454ffc50ffe1db40fcaef9f3380813229c346f3f20a,762,14,TSX,frontend,SOURCE_CODE,TRAINING_ELIGIBLE,"CineWatch-owned source, test, governance, or engineering documentation",false
apps/web/src/app/person/[providerId]/page.tsx,100644,3781847e77d911f3d01e35de0018390777c35e7b,0ddd27e9027b33bb3dc85a88f89a0a5887ddb4a020e2eb4c4a311106076de5a5,661,13,TSX,frontend,SOURCE_CODE,TRAINING_ELIGIBLE,"CineWatch-owned source, test, governance, or engineering documentation",false
apps/web/src/app/provider/[providerId]/page.tsx,100644,0c14dc2b1b6fc4577ee76f83438ed3ad12dca5ab,3feb3c93f308e775bc26b5eb9f18902669cb3a3a96d1b3e32ac66a4b49aa32fb,2857,41,TSX,frontend,SOURCE_CODE,TRAINING_ELIGIBLE,"CineWatch-owned source, test, governance, or engineering documentation",false
apps/web/src/app/r3-page.module.css,100644,b3840f9525a93d6e0d55c974afc859b64b24c64d,9aef06b562e9f6554b84b260e759d3e7103fdf0b4a5b712bc6c1ddd03dd9a8b4,4668,4,CSS,frontend,SOURCE_CODE,TRAINING_ELIGIBLE,"CineWatch-owned source, test, governance, or engineering documentation",false
apps/web/src/app/robots.ts,100644,d35686e07113f7e86c2bd000fe733424c72df2f4,ee236a71493c80ef6db46698ff842d8fe2bceb2b4e7b2273671e60525c895429,182,10,TypeScript,frontend,SOURCE_CODE,TRAINING_ELIGIBLE,"CineWatch-owned source, test, governance, or engineering documentation",false
apps/web/src/app/scripts/page.tsx,100644,7299fb2edd5d9ca356cb8ea0cfcc1d6d2c78e811,1764a638817806414a89376c59fa8d78f7df5bfde61921b416387737ff574e80,3353,26,TSX,frontend,SOURCE_CODE,TRAINING_ELIGIBLE,"CineWatch-owned source, test, governance, or engineering documentation",false
apps/web/src/app/title/[mediaType]/[providerId]/details/page.tsx,100644,a40be61842acce69c6ffa90d51f5cd471581987e,95a1af31f139f3def082c4da4d33fa8be2396710d93f944d21ce829d8948fa6c,785,13,TSX,frontend,SOURCE_CODE,TRAINING_ELIGIBLE,"CineWatch-owned source, test, governance, or engineering documentation",false
apps/web/src/app/title/[mediaType]/[providerId]/page.tsx,100644,8d25f22a44623d58a6be72c31da2a14c6e103411,c38c73f9f0bc472ac105d35856001bbc5a242adc26a15a79ac5abcc08140e10d,739,13,TSX,frontend,SOURCE_CODE,TRAINING_ELIGIBLE,"CineWatch-owned source, test, governance, or engineering documentation",false
apps/web/src/app/title/[mediaType]/[providerId]/reviews/page.tsx,100644,5c6a14096533182e438850fd98526dafa7a10acd,3c59e30be6cd87ade9ff3db4c17b584673064d00c094ca4786eb7bc46ae56475,992,15,TSX,frontend,SOURCE_CODE,TRAINING_ELIGIBLE,"CineWatch-owned source, test, governance, or engineering documentation",false
apps/web/src/app/title/[mediaType]/[providerId]/trailers/page.tsx,100644,fba0e9a5112b93b32f2cc3e75ff3228b5e5d39ec,44aa74719b1ff1a202f1955091ce3d5b815496bf60a5418d45d2eb55041b3507,1073,14,TSX,frontend,SOURCE_CODE,TRAINING_ELIGIBLE,"CineWatch-owned source, test, governance, or engineering documentation",false
apps/web/src/app/trailers/page.tsx,100644,bddd0ab7377f719f597d6a24390e04749e8f946b,ced2947d43ea59fb41661a93164a54f9d467331a8ca0de4f3829ccda1b807377,5156,56,TSX,frontend,SOURCE_CODE,TRAINING_ELIGIBLE,"CineWatch-owned source, test, governance, or engineering documentation",false
apps/web/src/app/under-development/[feature]/page.tsx,100644,6d72c13196aa07e2a99153923658cc1365bd948f,c0d8d53aba6cfc58a167369859a7b987d3a61cb124feb80c6baf5c397342c1b9,277,6,TSX,frontend,SOURCE_CODE,TRAINING_ELIGIBLE,"CineWatch-owned source, test, governance, or engineering documentation",false
apps/web/src/app/voice-lab/page.tsx,100644,1db3b9c30b7365791b85d1cbf9e3afc2526d67c8,4d356b6ea999cc7b8960a0e64eee8250ed057299b1eb0176af510e65877ec7b6,119,5,TSX,frontend,SOURCE_CODE,TRAINING_ELIGIBLE,"CineWatch-owned source, test, governance, or engineering documentation",false
apps/web/src/app/where-to-watch/page.tsx,100644,267c2bd15642745909a45bbbfe1c4585c4f97f4d,20604ca2de1dba226bfa6f638eb46b4a9a770f5dde0940d7014e2a4ef1e2b67c,3885,64,TSX,frontend,SOURCE_CODE,TRAINING_ELIGIBLE,"CineWatch-owned source, test, governance, or engineering documentation",false
apps/web/src/components/catalog/CatalogBrowse.module.css,100644,7f768ee0b6a1adfbc6e6499e32884799d164ec7e,5e513352da44d472f11ddaa9668c179fedf51be1e33b28618913dcad74289613,830,5,CSS,frontend,SOURCE_CODE,TRAINING_ELIGIBLE,"CineWatch-owned source, test, governance, or engineering documentation",false
apps/web/src/components/catalog/CatalogBrowse.tsx,100644,49e9e68d6591719ec2f9b8e0111f20ee32f4a138,18968278993c43cebdd3bfffa7d902f99bb6403c9335197e2404fd93a4eb4cb3,3775,82,TSX,frontend,SOURCE_CODE,TRAINING_ELIGIBLE,"CineWatch-owned source, test, governance, or engineering documentation",false
apps/web/src/components/catalog/CatalogCard.tsx,100644,c7a7430a9cf5a2ee22009bfd2336bf38914a087f,4fc7b194cf563469e0934ff71f4424b3bb12ee63bb258a35dc305b6efbe61f64,844,20,TSX,frontend,SOURCE_CODE,TRAINING_ELIGIBLE,"CineWatch-owned source, test, governance, or engineering documentation",false
apps/web/src/components/catalog/CatalogShared.module.css,100644,881b32fc7c932ed3ad404506f6d99f4b68f75755,4706373c63f2a335607bfbd0fc9e7d848d14c0adf12b5297577cc5636e2876b6,2267,20,CSS,frontend,SOURCE_CODE,TRAINING_ELIGIBLE,"CineWatch-owned source, test, governance, or engineering documentation",false
apps/web/src/components/catalog/GenreCard.module.css,100644,11cdb41ffb6bb8af85f8decf801fee45ee9df1cb,4958c4ea4ba1a56c496bdbf9fb7050caeb05f66e281151aeeab31618869c783e,633,1,CSS,frontend,SOURCE_CODE,TRAINING_ELIGIBLE,"CineWatch-owned source, test, governance, or engineering documentation",false
apps/web/src/components/catalog/GenreCard.tsx,100644,2f128e084289e14f0b23742abe25390c6f537765,ea1faf3286d3ccef2ebb652310fb571599fb54bc30cbdf3025d934a3a6aa3254,547,11,TSX,frontend,SOURCE_CODE,TRAINING_ELIGIBLE,"CineWatch-owned source, test, governance, or engineering documentation",false
apps/web/src/components/catalog/GenreGallery.module.css,100644,8f1e53c7389c15a69ff86c34f929caa06111a5eb,b28bbc5ee695de53f1403831e35ebffb472cea57a8e2a755407afdb6b7c1fc11,455,1,CSS,frontend,SOURCE_CODE,TRAINING_ELIGIBLE,"CineWatch-owned source, test, governance, or engineering documentation",false
apps/web/src/components/catalog/GenreGallery.tsx,100644,3013f8ed547fc09e7e62359a09b0a03b04327dd2,51839b3d7d52e70d021b9315ce8d1d898065600093629c65de45d20e3544d9fd,670,13,TSX,frontend,SOURCE_CODE,TRAINING_ELIGIBLE,"CineWatch-owned source, test, governance, or engineering documentation",false
apps/web/src/components/catalog/MediaIdentity.module.css,100644,1f04711ae2f7bd1018feb8b64b04ae563acaf384,3900f58412693cf480c0449a8409bbd28551e7084f26422d0499cfe7278f3cd8,540,2,CSS,frontend,SOURCE_CODE,TRAINING_ELIGIBLE,"CineWatch-owned source, test, governance, or engineering documentation",false
apps/web/src/components/catalog/MediaIdentity.tsx,100644,915da5c7da7b9895118ed09ea13cf39f4972781e,063aacfba9d2a4d9c6c4f18edd3b6e56c89e0e0ff02ad0baef592181ced9bc3e,1597,26,TSX,frontend,SOURCE_CODE,TRAINING_ELIGIBLE,"CineWatch-owned source, test, governance, or engineering documentation",false
apps/web/src/components/catalog/OrganizationDirectory.module.css,100644,687689ee3b47a09496850af3714e2002760f0dd6,028150ecc29f1cef42f2579ce7e85ed5de83cf02ce853acf9729c36fc4e8df1c,2795,2,CSS,frontend,SOURCE_CODE,TRAINING_ELIGIBLE,"CineWatch-owned source, test, governance, or engineering documentation",false
apps/web/src/components/catalog/OrganizationDirectory.tsx,100644,28a99c1f7dc304f858b419e420db3b88902f57dc,286d2237e188b25e19edcaf0defa736290981255611115717617ea641b8cde44,4801,58,TSX,frontend,SOURCE_CODE,TRAINING_ELIGIBLE,"CineWatch-owned source, test, governance, or engineering documentation",false
apps/web/src/components/catalog/OrganizationRoute.tsx,100644,ad7ae81fe79902825babd94ffc46187dcad8029c,3a51ecce27ca9c8e9427b302c5fa1bd721cdd57de18ac58bffb96f3b0efdb164,906,16,TSX,frontend,SOURCE_CODE,TRAINING_ELIGIBLE,"CineWatch-owned source, test, governance, or engineering documentation",false
apps/web/src/components/catalog/PeopleDirectory.module.css,100644,52b422522265228b5e44c04cf76ff82740b6592c,98bccf19ee6a223e4c970e155b52575cb039eae996bbb04f2ca4e8842412fd64,1392,1,CSS,frontend,SOURCE_CODE,TRAINING_ELIGIBLE,"CineWatch-owned source, test, governance, or engineering documentation",false
apps/web/src/components/catalog/PeopleDirectory.tsx,100644,d8017b831ed66cbe0df8b3a8cfb2eecc1f04b103,212b055a34120e0c8b017a2d7c75d278b946a5a4f29350889324e6089b8359f9,2747,43,TSX,frontend,SOURCE_CODE,TRAINING_ELIGIBLE,"CineWatch-owned source, test, governance, or engineering documentation",false
apps/web/src/components/catalog/PersonDetails.module.css,100644,4b9bdcb5c242eacbd90c7061f72016b64494190c,0b7e064fb7382fdb1556e45814991b9ce5726f6a44e9f83149b2639ec104a89a,2179,1,CSS,frontend,SOURCE_CODE,TRAINING_ELIGIBLE,"CineWatch-owned source, test, governance, or engineering documentation",false
apps/web/src/components/catalog/PersonDetails.tsx,100644,844ed72ae3b7b3109eaca03250b3f0db4da98106,ec22ee7a4d5b4b3498f8026396ce3b467dd534301a1e5855b91710d7c66e1cc5,2367,37,TSX,frontend,SOURCE_CODE,TRAINING_ELIGIBLE,"CineWatch-owned source, test, governance, or engineering documentation",false
apps/web/src/components/catalog/ReviewsPage.module.css,100644,6acd2e54f8c67daf718ec7f31e189cda9e111b52,67c15a2f4f312b93208a1bec9cbd811feca6bfeb0a1413c840ebfee82ee67d67,1138,2,CSS,frontend,SOURCE_CODE,TRAINING_ELIGIBLE,"CineWatch-owned source, test, governance, or engineering documentation",false
apps/web/src/components/catalog/ReviewsPage.tsx,100644,53e5d9de84a77aba0b2c64dcb6374900ab9a035d,f7fb5c63557ecf8dc3ada244c7bf0946e08c754a785e9165a630415f825dd441,1236,18,TSX,frontend,SOURCE_CODE,TRAINING_ELIGIBLE,"CineWatch-owned source, test, governance, or engineering documentation",false
apps/web/src/components/catalog/TitleDetails.module.css,100644,a99700d187b66541f42bb941fc6d26ce113ab21e,6ad030905317adc8ebf99b268f50a1f56db92cebe069dc7e2374462f0efaffb3,9421,56,CSS,frontend,SOURCE_CODE,TRAINING_ELIGIBLE,"CineWatch-owned source, test, governance, or engineering documentation",false
apps/web/src/components/catalog/TitleDetails.tsx,100644,61ac29500c5ffa7da0f3aa0ad388af4f3c0689db,b7eb721512f5b1096a49216fc1018563affc6e556311dc2748304fbe84e5e1c6,12364,187,TSX,frontend,SOURCE_CODE,TRAINING_ELIGIBLE,"CineWatch-owned source, test, governance, or engineering documentation",false
apps/web/src/components/catalog/TitleVideos.module.css,100644,48f39c3ec56c129540ed49d78e87a37f0e4607c8,132f3c3282575b3c6b00ebcfc1c0946dd42de809d09f000e20a5bc185d728a0d,1668,1,CSS,frontend,SOURCE_CODE,TRAINING_ELIGIBLE,"CineWatch-owned source, test, governance, or engineering documentation",false
apps/web/src/components/catalog/TitleVideos.tsx,100644,b80b4c638fe798b041a34309fb8e431e77a9a83c,7e68ed9504b244ac6284e0d568c593d5fa8a5686c8960eadd2168e2656f364dd,2257,37,TSX,frontend,SOURCE_CODE,TRAINING_ELIGIBLE,"CineWatch-owned source, test, governance, or engineering documentation",false
apps/web/src/components/home/HomepageExperience.module.css,100644,7c8e738bc3aa2a118012c10175c021d3676afac7,6bde46f7e394721c463d936b70be1cd03d382fdc3970dddb9c83a1774b49c75a,12258,243,CSS,frontend,SOURCE_CODE,TRAINING_ELIGIBLE,"CineWatch-owned source, test, governance, or engineering documentation",false
apps/web/src/components/home/HomepageExperience.tsx,100644,6375af07cd184e131d77fd9d1d4a8fc7dfd86427,2aa8a69be864b7c6b035cdb9fded0ac5acc9b543a48ef0b3ccbe739802a2e6e8,13767,277,TSX,frontend,SOURCE_CODE,TRAINING_ELIGIBLE,"CineWatch-owned source, test, governance, or engineering documentation",false
apps/web/src/components/news/RelatedNews.module.css,100644,4141e00db5b76f0df7939c92e2ea5cdbe8f9ebff,9daec7ab028a1454e4cea82f2c67f2f5c8f2e6a5937646b35d6c1abe1fb7895e,1433,1,CSS,frontend,SOURCE_CODE,TRAINING_ELIGIBLE,"CineWatch-owned source, test, governance, or engineering documentation",false
apps/web/src/components/news/RelatedNews.tsx,100644,5527355525635130d6c8a35c413bc701a3e166aa,7f7f6aecd84289dbcb3c3df3db032950882e5d6267f9d48cf791dfbea1925eb9,2779,62,TSX,frontend,SOURCE_CODE,TRAINING_ELIGIBLE,"CineWatch-owned source, test, governance, or engineering documentation",false
apps/web/src/components/site/LiveDataFailure.tsx,100644,01bc90be5e6e3a852e5770575746eb85f70d3fee,ec3550970250a979ed220d228d121ee56e518e19ebb6c970d5e3e749f44c0bfc,569,17,TSX,frontend,SOURCE_CODE,TRAINING_ELIGIBLE,"CineWatch-owned source, test, governance, or engineering documentation",false
apps/web/src/components/site/SiteFrame.module.css,100644,89a83e005e6667a99eee08a02f5c48f2bca19a1c,bae3756828777357352b13b02bc332fb27d99d144ac1597501a88d1bc38b42cf,7357,13,CSS,frontend,SOURCE_CODE,TRAINING_ELIGIBLE,"CineWatch-owned source, test, governance, or engineering documentation",false
apps/web/src/components/site/SiteFrame.tsx,100644,a9e82ecdefe067237c09075f35b8d2785c8675be,27242c3133b899a104c293fbfe01a67e4f7749f06acf4cb006c0ad78e06b65fa,13884,332,TSX,frontend,SOURCE_CODE,TRAINING_ELIGIBLE,"CineWatch-owned source, test, governance, or engineering documentation",false
apps/web/src/components/site/UnderDevelopmentPanel.tsx,100644,db915fb17a0efc861c49fd52e070b4111d5ee0a2,81274d88120dfe579804479a850d83be84cb4b4a4e2d1a6d194adef58c92f0a2,1950,39,TSX,frontend,SOURCE_CODE,TRAINING_ELIGIBLE,"CineWatch-owned source, test, governance, or engineering documentation",false
apps/web/src/components/voice/VoiceLab.module.css,100644,8c79308c7c366e00ab2e1b617bfb0f136c33bceb,794dc8b3811f3d2e44771c57c8313641e98e647a040a19cde8e90a00c53869e3,2248,1,CSS,frontend,SOURCE_CODE,TRAINING_ELIGIBLE,"CineWatch-owned source, test, governance, or engineering documentation",false
apps/web/src/components/voice/VoiceLab.tsx,100644,cce2aeee88affc2ea01cd319f15c1d3cfb44ca23,0b199fb5ba5438de3c52dd396762a0230fae24f48fe1500c9ff62334ec7971b8,11153,248,TSX,frontend,SOURCE_CODE,TRAINING_ELIGIBLE,"CineWatch-owned source, test, governance, or engineering documentation",false
apps/web/src/lib/api/catalog-client.ts,100644,c4df1747ae88e6e78097a702589e1c125f33e529,71c68f4628fa84efce8639fa8667a09351947e9bb4672d7c8fc4e127eb02fcb2,2886,77,TypeScript,frontend,SOURCE_CODE,TRAINING_ELIGIBLE,"CineWatch-owned source, test, governance, or engineering documentation",false
apps/web/src/lib/api/system-client.ts,100644,7490b98fc40fa16965e0e9628a02567fbc3fbf70,3de980bbce2fc4983f9a5eb0afb2a19df8b7c93b93d0ceee29f566acc5c57a97,747,27,TypeScript,frontend,SOURCE_CODE,TRAINING_ELIGIBLE,"CineWatch-owned source, test, governance, or engineering documentation",false
apps/web/src/lib/config/public-env.ts,100644,83c9bfdf05e8671622e3bf2cff7fc64d0e0a8595,a34421af63e982d0d7f7dccbbea83dcf5212e3ac4baaa8ce02cd2e1c38b2a04d,810,29,TypeScript,frontend,SOURCE_CODE,TRAINING_ELIGIBLE,"CineWatch-owned source, test, governance, or engineering documentation",false
apps/web/tsconfig.json,100644,62519eaa90930c0744de10b3a0334ca7d11ce049,8763b09369fa189d9069884994c3a58c53b977d40fbad67646acff788838d421,694,35,JSON,frontend,REPOSITORY_SOURCE,TRAINING_ELIGIBLE,"CineWatch-owned source, test, governance, or engineering documentation",false
docs/architecture/CineWatch_TV_V1_A3_Master_Geometry_Parameterization_001.md,100644,8c457e444f1065dec106b645d38d3cb906f57b60,beebfc7b9262395661e86a6257523156b0b7a74a2336732961a84d32d031a27e,9198,375,Markdown,architecture,ARCHITECTURE_AUTHORITY,TRAINING_ELIGIBLE,"CineWatch-owned source, test, governance, or engineering documentation",false
docs/architecture/CineWatch_TV_V1_A3_Signature_Cinematic_Selection_Lock_001.md,100644,fa5b7f4e7370270a068d23749c4b1d33ef836545,7898bd6e2e0a9e3bf26d0f10ce8a086d421d3e216f0c549ca7433d70402dd1c6,6843,218,Markdown,architecture,ARCHITECTURE_AUTHORITY,TRAINING_ELIGIBLE,"CineWatch-owned source, test, governance, or engineering documentation",false
docs/architecture/CineWatch_TV_V1_Backend_Service_Skeleton_001.md,100644,f838854b62e2561950959239364414af2fc52658,e3f738c4906bfd9b2403760538b683b0b272f689758ce5f118e138666cd99b89,3724,87,Markdown,architecture,ARCHITECTURE_AUTHORITY,TRAINING_ELIGIBLE,"CineWatch-owned source, test, governance, or engineering documentation",false
docs/architecture/CineWatch_TV_V1_Brand_and_Streaming_Signature_Authority_001.md,100644,8bbc54d4e266e430dbc7c5b1a9c84326bda1edb1,5aff70dd9c2f2efdd6d555f95359cca591766d686a7d0c65a6265e4396c489aa,21205,943,Markdown,architecture,ARCHITECTURE_AUTHORITY,TRAINING_ELIGIBLE,"CineWatch-owned source, test, governance, or engineering documentation",false
docs/architecture/CineWatch_TV_V1_CI_Security_Quality_Foundation_001.md,100644,52bd2a041525604cd82c19a69a060f4796e9ef33,7fd5b350ffa17a88a154f42f5c179bca3b15d8fe7445111e309f10909cf92f67,8192,265,Markdown,architecture,ARCHITECTURE_AUTHORITY,TRAINING_ELIGIBLE,"CineWatch-owned source, test, governance, or engineering documentation",false
docs/architecture/CineWatch_TV_V1_Competitive_Design_Intelligence_001.md,100644,4a9a09e15d953b288cea9234e637ea36d7d66467,e6afd702ab421b3f72f9e6c56d1eb522c6f7eecc8db9e84c57440a2977089109,26190,1003,Markdown,architecture,ARCHITECTURE_AUTHORITY,TRAINING_REVIEW_REQUIRED,contains external/provider research or rights evidence requiring record-level review,false
docs/architecture/CineWatch_TV_V1_Design_System_and_Asset_Foundation_001.md,100644,38c4feba79750a3147ab2eb8dea0a88693fb4636,ac7c20176beacc8d9d7874c3ddb617394c33643d64e46345d1ecfe85c598e344,21516,978,Markdown,architecture,ARCHITECTURE_AUTHORITY,TRAINING_ELIGIBLE,"CineWatch-owned source, test, governance, or engineering documentation",false
docs/architecture/CineWatch_TV_V1_Engineering_Architecture_Selection_001.md,100644,b44dd3113c21d372670f0ea12733aeb74e0c7184,d474ecbe11dada2566fadec8d583ee0105de4b20c70882f24ec4abd919cc7dd0,13637,377,Markdown,architecture,ARCHITECTURE_AUTHORITY,TRAINING_ELIGIBLE,"CineWatch-owned source, test, governance, or engineering documentation",false
docs/architecture/CineWatch_TV_V1_Frontend_Application_Skeleton_001.md,100644,399cfe2025ef75456a8e97c1f1befb7d31d84106,ba82a7f9dd0baee321c654cc6f069ce3c783925b9452a72e2a489df91913fb00,5322,108,Markdown,architecture,ARCHITECTURE_AUTHORITY,TRAINING_ELIGIBLE,"CineWatch-owned source, test, governance, or engineering documentation",false
docs/architecture/CineWatch_TV_V1_Homepage_Discovery_Trailer_Search_Browser_Runtime_Foundation_001.md,100644,bef9a293ff9dcbe6dbeba93c4f04b2ac1323a5e2,3962e045827929aebaeebdd998937fb92aef915394d61af9fade70eefe2b351f,8598,186,Markdown,architecture,ARCHITECTURE_AUTHORITY,TRAINING_ELIGIBLE,"CineWatch-owned source, test, governance, or engineering documentation",false
docs/architecture/CineWatch_TV_V1_Local_Provider_Runtime_Secret_Boundary_and_Media_Fallback_Authority_001.md,100644,8e44065fc9726f409bb1695b62fe9279803e7d7a,1bc330424541632a380a8a5fdcc87d18c3b7b62e125242df873a5a53a2aa3cd2,6081,116,Markdown,architecture,ARCHITECTURE_AUTHORITY,TRAINING_ELIGIBLE,"CineWatch-owned source, test, governance, or engineering documentation",false
docs/architecture/CineWatch_TV_V1_OpenAPI_and_Typed_Contract_Foundation_001.md,100644,43b030509eac1899d9db8161bc4c2bc740087ef2,ecc6b4e85bf8a8260af9393bd30b035946d22e4d0c601b18fd81fc609146d784,4238,97,Markdown,architecture,ARCHITECTURE_AUTHORITY,TRAINING_ELIGIBLE,"CineWatch-owned source, test, governance, or engineering documentation",false
docs/architecture/CineWatch_TV_V1_PostgreSQL_and_Migration_Foundation_001.md,100644,099bf77085fe64b35e43f19fbce831dcdd343c78,714a6cdee7f06a18688fc2e0002cbd9a2d93de196c07f0a7309448000acf23de,4745,102,Markdown,architecture,ARCHITECTURE_AUTHORITY,TRAINING_ELIGIBLE,"CineWatch-owned source, test, governance, or engineering documentation",false
docs/architecture/CineWatch_TV_V1_Production_Brand_Asset_Browser_Qualification_001.md,100644,f35f4c9c3d268a9cb61c66bd83cc591bb827a45a,425eba83f9edc24bb6df79af6fcabc86e56fe219301e23c11b04b2f6465ff5e7,3705,110,Markdown,architecture,ARCHITECTURE_AUTHORITY,TRAINING_ELIGIBLE,"CineWatch-owned source, test, governance, or engineering documentation",false
docs/architecture/CineWatch_TV_V1_Repository_Tree_and_Toolchain_Foundation_001.md,100644,00d2e993857fc53d168a1436676b6d111c2c1780,c82cfea3ee9a02d9f4fb366aee3ebef1730ba0e6afcb1cb9aa875d9875a01695,6485,182,Markdown,architecture,ARCHITECTURE_AUTHORITY,TRAINING_ELIGIBLE,"CineWatch-owned source, test, governance, or engineering documentation",false
docs/architecture/CineWatch_TV_V1_TMDb_Real_Data_Homepage_Foundation_001.md,100644,b55c979f6ed4e4b9a5accc73c272b4eaae964abd,a308f73bdf7eb276784b36fb8c59dc490309b702d3e64a668f4af14e2584109f,4668,93,Markdown,architecture,ARCHITECTURE_AUTHORITY,TRAINING_ELIGIBLE,"CineWatch-owned source, test, governance, or engineering documentation",false
docs/architecture/CineWatch_TV_V1_Termux_Linux_Engineering_Workflow_001.md,100644,46cb8e7779e100e0f2d9fb995a1f159ffd1cef55,cbbc4ad853073e8af83ea9d6d49f5091f6d36281d27b2e081dfc874569682a85,6956,267,Markdown,architecture,ARCHITECTURE_AUTHORITY,TRAINING_ELIGIBLE,"CineWatch-owned source, test, governance, or engineering documentation",false
docs/architecture/decisions/CWTV_ADR_0001_Repository_Service_Boundary_Naming.md,100644,13050bff82b8a81c0fb9090d2c3cb7f8e96ab914,7292929d5a5625520153cd2993ea47d665ca6891407bb80d7af0de1ba8ece22c,1512,44,Markdown,architecture_decision,ADR,TRAINING_ELIGIBLE,"CineWatch-owned source, test, governance, or engineering documentation",false
docs/architecture/decisions/CWTV_ADR_0002_Backend_System_Endpoints_and_Request_Identity.md,100644,93f2c3498e6f400fbb416daffd9d2532b4563a39,104c72a2059a9db1af8d555f59e1c100e5294b7ff83857f89570db758a9f1aca,1043,22,Markdown,architecture_decision,ADR,TRAINING_ELIGIBLE,"CineWatch-owned source, test, governance, or engineering documentation",false
docs/architecture/decisions/CWTV_ADR_0003_Frontend_Runtime_and_Build_Portability.md,100644,813c31a55b06749caa1be74bf15e8a3b03604827,138265db27f820c4f55778394bb2542112981718a6c8d9dcd1c97b9d0a20a4e1,1632,27,Markdown,architecture_decision,ADR,TRAINING_ELIGIBLE,"CineWatch-owned source, test, governance, or engineering documentation",false
docs/architecture/decisions/CWTV_ADR_0004_PostgreSQL_Authority_and_Migration_Boundary.md,100644,f9f8b6a7da20953d1aae4fcecd048245a03cbbb4,8c3e3b65d912ff59b8dd54a1deed7b082e40ace6adbc0dcb052a8759f21172f7,1484,28,Markdown,architecture_decision,ADR,TRAINING_ELIGIBLE,"CineWatch-owned source, test, governance, or engineering documentation",false
docs/architecture/decisions/CWTV_ADR_0005_OpenAPI_Canonical_Contract_and_Type_Generation.md,100644,dfc9a113bdc710ae5da043c51f11c7479c304ba5,a09599503ec5dc7578602fa317dcb3a8b4d8a688ae14efcb030894cf4339602d,1510,24,Markdown,architecture_decision,ADR,TRAINING_ELIGIBLE,"CineWatch-owned source, test, governance, or engineering documentation",false
docs/architecture/decisions/CWTV_ADR_0006_Termux_Host_Linux_Runtime_and_Named_Sessions.md,100644,27807862977cbe7900c11d3c2181430f7c631156,4c3f83baba62a64947a26659223ad2da4ee98762dca05cb56295e4e0ee10cd42,2565,61,Markdown,architecture_decision,ADR,TRAINING_ELIGIBLE,"CineWatch-owned source, test, governance, or engineering documentation",false
docs/architecture/decisions/CWTV_ADR_0007_Linux_CI_Least_Privilege_and_Supply_Chain_Gates.md,100644,95beea248ae00456ba51273727f7b24939d7c424,b9d5470762a263c0e426d6a088e5ee4e0bef819b7293f439fed6e63010a67a45,2242,58,Markdown,architecture_decision,ADR,TRAINING_ELIGIBLE,"CineWatch-owned source, test, governance, or engineering documentation",false
docs/architecture/decisions/CWTV_ADR_0008_Provider_Runtime_and_Media_Fallback_Authority.md,100644,b0cfe91bebb761053cd724b2def346d62438d8cc,931341bbae03a6dba16b4e5903ec4c5aa5fed1aa26a7a25324dd759196cdb334,1792,19,Markdown,architecture_decision,ADR,TRAINING_ELIGIBLE,"CineWatch-owned source, test, governance, or engineering documentation",false
docs/architecture/decisions/CWTV_ADR_0009_Homepage_Data_Contract_and_TMDb_Aggregation_Authority.md,100644,51d5990a7f8c5f77cf1b9bd7eea8d72370dd8426,40a16cbfb8441937ebfd78abd53ac21da8727c254ebce07d466499c9177607c2,3565,63,Markdown,architecture_decision,ADR,TRAINING_ELIGIBLE,"CineWatch-owned source, test, governance, or engineering documentation",false
docs/architecture/decisions/CWTV_ADR_0010_Homepage_Interaction_and_Lazy_Discovery_Authority.md,100644,8314199cb4296ecf1cfd062c4a768ce60ea08895,7a1889d5673d816ddc3d4b489a63657c7a06ae0c896ab1aacc4fd10b8a54421c,4869,79,Markdown,architecture_decision,ADR,TRAINING_ELIGIBLE,"CineWatch-owned source, test, governance, or engineering documentation",false
docs/architecture/evidence/CineWatch_TV_V1_3_3_1_R1_NexVox_CI_Projection_History_Checkout_Correction_001.md,100644,26217c07f320e233d5bf51c210329a2bc282523d,f379975367a7a1c8b1b7cf93048fe9480bcd1c92d52d32962f03ba822c24cee0,1971,50,Markdown,architecture,ARCHITECTURE_AUTHORITY,TRAINING_ELIGIBLE,"CineWatch-owned source, test, governance, or engineering documentation",false
docs/architecture/evidence/CineWatch_TV_V1_3_3_2_1_R1_OpenAPI_Foundation_Test_Neutralization_Correction_001.md,100644,e59eef6dafef44c2553644e71080bcfa62e1e37c,80ae7ca495afa4728afbab6cf21c7c59ecdb88b4abca278c00227dfcf364056b,2885,82,Markdown,architecture,ARCHITECTURE_AUTHORITY,TRAINING_ELIGIBLE,"CineWatch-owned source, test, governance, or engineering documentation",false
docs/architecture/evidence/CineWatch_TV_V1_3_3_2_2_Homepage_Board_Reference_and_Runtime_Qualification_001.md,100644,4285416c6321bd4714b60affd62d2a19237d8327,c5f44a2c5a93e8d34541e79da00d41ec0f6cafe372d978c31592eab5aed11f9f,2667,56,Markdown,architecture,ARCHITECTURE_AUTHORITY,TRAINING_ELIGIBLE,"CineWatch-owned source, test, governance, or engineering documentation",false
docs/architecture/evidence/CineWatch_TV_V1_3_3_2_2_R1_Frontend_Lint_and_ARIA_Neutralization_Correction_001.md,100644,f1ec6e847dfb80af84e7415013625aa189434385,1ad6a3164acd82b8eb7b98fb82b4630b5a443bcbb1fc54a0ab79991d8b8232e6,2142,41,Markdown,architecture,ARCHITECTURE_AUTHORITY,TRAINING_ELIGIBLE,"CineWatch-owned source, test, governance, or engineering documentation",false
docs/architecture/evidence/CineWatch_TV_V1_3_3_2_2_R2_Navigation_Catalog_and_Loading_Hardening_Correction_001.md,100644,fea103dc3f8abcea66998bf1f320c2b47ad4d558,e008bd21c7da4df2d4ba460de8e7df1d5ee7572bd82b3505a06a8e26f6987c07,4062,73,Markdown,architecture,ARCHITECTURE_AUTHORITY,TRAINING_ELIGIBLE,"CineWatch-owned source, test, governance, or engineering documentation",false
docs/architecture/evidence/CineWatch_TV_V1_A3_Signature_Cinematic_Selected_Direction_001.json,100644,0eb20cc4d0b3852ebff39dd7fc23c1233d5d4594,a484983cc332dc31e5b5eaae4a496d8e294d1cbac63e69e90c19894b0f243010,1439,55,JSON,architecture,ARCHITECTURE_AUTHORITY,TRAINING_ELIGIBLE,"CineWatch-owned source, test, governance, or engineering documentation",false
docs/architecture/evidence/CineWatch_TV_V1_A3_Signature_Cinematic_Selected_Direction_001.png,100644,c666ba4ed137d2f2798af7b37bef8997da5e8b0e,a0da8a1259fd72886d86af8591f32d32cf90487bc412a8fef07239ef07b0ed1c,1676888,,PNG,architecture,ARCHITECTURE_AUTHORITY,TRAINING_ELIGIBLE,"CineWatch-owned source, test, governance, or engineering documentation",false
docs/architecture/evidence/CineWatch_TV_V1_Production_Brand_Browser_Approval_001.json,100644,7d9df8f81e51385ea58872ac6f604b7181a1e70a,6f0f66f6ee40a36a26049986e7ff5a4559499f8e496e18a65c62df1edcf1b9ac,1412,46,JSON,architecture,ARCHITECTURE_AUTHORITY,TRAINING_ELIGIBLE,"CineWatch-owned source, test, governance, or engineering documentation",false
docs/architecture/geometry/CineWatch_TV_V1_A3_Master_Geometry_Parameters_001.json,100644,911ba5e53888a40136da8d2a630415c2405f2e1e,a0d5768be2fec9b674ffbb55cdf680c878ca78673673b3b27eacac3a40a70e90,3411,135,JSON,architecture,ARCHITECTURE_AUTHORITY,TRAINING_ELIGIBLE,"CineWatch-owned source, test, governance, or engineering documentation",false
docs/architecture/geometry/CineWatch_TV_V1_A3_Production_Geometry_System_001.json,100644,da03cff17fde1ce1046b9fc86c1f46f0b204d16f,c30b8ebc927ae710074aadb65d2c280e367916696d8f044a4f7634762fb16b89,3467,128,JSON,architecture,ARCHITECTURE_AUTHORITY,TRAINING_ELIGIBLE,"CineWatch-owned source, test, governance, or engineering documentation",false
docs/blueprints/CineWatch_Tv_V1_Blueprint_001.md,100644,a25e92a4e32599de4bb1c68c5d4460eb518dd462,f3c2ff7ec21de3998605e1a69fb42f7ade891ca6e2fdc3bdea11b46efc389994,35606,1477,Markdown,product_blueprint,APPROVED_BLUEPRINT,TRAINING_ELIGIBLE,"CineWatch-owned source, test, governance, or engineering documentation",false
docs/blueprints/CineWatch_Tv_V1_Blueprint_001.pdf,100644,53bd5db0af9716943ecf8e432cdeb230edcd89b7,11be70aa7519ed32128343f862e15deb969744306155b0cf92edcb131a66cdb3,234471,,PDF,product_blueprint,REPOSITORY_SOURCE,REFERENCE_ONLY,canonical/reference/generated artifact retained for provenance but excluded from training text,false
docs/engineering/dependency-security/2026-10-05/002-path-collision-analysis.json,100644,f0aff444031c3391a054bb48f6e0c5fb670f2f50,946cdcb8688ce924da323ab23d0f4f69f9e629f4743ba7dd223ef142debc7758,2201,45,JSON,repository_foundation,REPOSITORY_SOURCE,TRAINING_REVIEW_REQUIRED,mixed human-provided evidence and Codex interpretation require human validation,false
docs/engineering/dependency-security/2026-10-05/002-reconciliation-plan.md,100644,a7f4888a3e942a1fe7df3bab41f7ae8645d62e6c,a5e71d43e3be764fd7106430a6cc9010bac862f511ceed843b31ef57138d2e80,3240,21,Markdown,repository_foundation,REPOSITORY_SOURCE,TRAINING_REVIEW_REQUIRED,mixed human-provided evidence and Codex interpretation require human validation,false
docs/engineering/dependency-security/2026-10-05/advisory-github.json,100644,5791388b40a53b0d481ae30983e293a5a19ab2be,0990d297715a48a3bd243c8c9d7bee66bda147277cd69a8f628c846bbf8795ee,4548,1,JSON,repository_foundation,REPOSITORY_SOURCE,TRAINING_REVIEW_REQUIRED,mixed human-provided evidence and Codex interpretation require human validation,false
docs/engineering/dependency-security/2026-10-05/advisory-nextjs.json,100644,59a6bfaf9e0c325e6c9757e7f623bf70a990761c,a0360509b80b09b3284445d8b2771bc84abf4d40892ece54000f659fddb5cd94,5270,1,JSON,repository_foundation,REPOSITORY_SOURCE,TRAINING_REVIEW_REQUIRED,mixed human-provided evidence and Codex interpretation require human validation,false
docs/engineering/dependency-security/2026-10-05/candidate-ci-result.json,100644,b46a3b0d56c0bc24fc9e61c20a9c165d0332c565,7c5d3c47c92108f7bad97acffad56322231f524bf50a53d7ec365988b5ef5628,3909,1,JSON,repository_foundation,REPOSITORY_SOURCE,TRAINING_REVIEW_REQUIRED,mixed human-provided evidence and Codex interpretation require human validation,false
docs/engineering/dependency-security/2026-10-05/lock-entry-diff.json,100644,61435b9de6697d77c186288d740e55c3dd1818ac,599bcf394ff7fdec7cbb9b594025f98b2d59f7388cf694ce7d89f29f4c3bbe5c,13229,479,JSON,repository_foundation,REPOSITORY_SOURCE,TRAINING_REVIEW_REQUIRED,mixed human-provided evidence and Codex interpretation require human validation,false
docs/engineering/dependency-security/2026-10-05/main-security-ci-result.json,100644,be7df94f3f0f185bf8c47ab6795576ae53b043fb,6d278e4dff93614c683286ae654634208fe7eca75a81432081e40e6d64598668,3909,1,JSON,repository_foundation,REPOSITORY_SOURCE,TRAINING_REVIEW_REQUIRED,mixed human-provided evidence and Codex interpretation require human validation,false
docs/engineering/dependency-security/2026-10-05/npm-audit-full-after.json,100644,cede96884ea6c48a0a4ccf03fb80ff9b9c4a1e3c,2101338b7d569821db13b1236823f54def7fa1ebcb1ce64e19e9339a38a6f98b,10344,354,JSON,repository_foundation,REPOSITORY_SOURCE,TRAINING_REVIEW_REQUIRED,mixed human-provided evidence and Codex interpretation require human validation,false
docs/engineering/dependency-security/2026-10-05/npm-audit-production-after.json,100644,e0d9fe27e9e74f7bd7999ee4e0b8b48ec9be028d,80e0ef4d90f9347353ae86fcef3588edefcc82e8b61fe85e2385d98e20cbdf6f,364,22,JSON,repository_foundation,REPOSITORY_SOURCE,TRAINING_REVIEW_REQUIRED,mixed human-provided evidence and Codex interpretation require human validation,false
docs/engineering/dependency-security/2026-10-05/npm-audit-production-before.json,100644,d527b6e61b88f83d3f507035df4a1d4c80bcd143,ed6561b8e94986196374cf0772fe7cb9c6739fb13f96481249265df8291a6675,1184,56,JSON,repository_foundation,REPOSITORY_SOURCE,TRAINING_REVIEW_REQUIRED,mixed human-provided evidence and Codex interpretation require human validation,false
docs/engineering/dependency-security/2026-10-05/npm-ls-after.json,100644,9f424d2371235d4940790c41c5a21b763b5c6ada,aa48eb32311ced740cca1aed2b3186d446c185c6dd8ab9534eddf01df894ac8d,396,18,JSON,repository_foundation,REPOSITORY_SOURCE,TRAINING_REVIEW_REQUIRED,mixed human-provided evidence and Codex interpretation require human validation,false
docs/engineering/dependency-security/2026-10-05/npm-ls-before.json,100644,68c7bbe60762bbe5fef2bdaa5dc001db4f6d0cc9,d4c7dfbc9ea738b7d71e8f0bd15d12b715117ebe9ec29eb1f30dacfa3f1650a5,396,18,JSON,repository_foundation,REPOSITORY_SOURCE,TRAINING_REVIEW_REQUIRED,mixed human-provided evidence and Codex interpretation require human validation,false
docs/engineering/dependency-security/2026-10-05/pr-synthetic-ci-result.json,100644,161afd3053d245be136ccb2b209633bec7baf926,833e9ff9964ae0c76a03d3a3bd06264e177b5e5e65ee7e18fd01d50f61c5b2f4,3909,1,JSON,repository_foundation,REPOSITORY_SOURCE,TRAINING_REVIEW_REQUIRED,mixed human-provided evidence and Codex interpretation require human validation,false
docs/engineering/dependency-security/2026-10-05/python-vulnerability-audit-retry.log,100644,5c418afc9a53c075fb2b41bfa8ed0b56fcfef5dd,15950a68a7ed99c59779717acefdceb3f69cfd31bde67d2c954f2a3cea4d7955,31,,LOG,repository_foundation,REPOSITORY_SOURCE,TRAINING_REVIEW_REQUIRED,mixed human-provided evidence and Codex interpretation require human validation,false
docs/engineering/dependency-security/2026-10-05/python-vulnerability-audit.log,100644,4236652bb16eea014f9a99ef3b5cb9ac7c584d80,e1a7cd32bc31b239ad16f54465283deb299c680df19174885bc1d3db5bae4c17,3247,,LOG,repository_foundation,REPOSITORY_SOURCE,TRAINING_REVIEW_REQUIRED,mixed human-provided evidence and Codex interpretation require human validation,false
docs/engineering/dependency-security/2026-10-05/qualification-report.md,100644,7751cf2541794998d7d5a0f1a29b4da48533403f,56e06350678730d57439c6db91cf67ae69ea07e8fd8c413a2330503421bd791b,4289,25,Markdown,repository_foundation,REPOSITORY_SOURCE,TRAINING_REVIEW_REQUIRED,mixed human-provided evidence and Codex interpretation require human validation,false
docs/engineering/dependency-security/2026-10-05/qualification-results.json,100644,ca423c74c10440acafa8f11e771fe73d13641173,c7d4ac156dc0045acf02bb39925db147ff14204e6a9ec7596dc4bce42f66d009,4355,190,JSON,repository_foundation,REPOSITORY_SOURCE,TRAINING_REVIEW_REQUIRED,mixed human-provided evidence and Codex interpretation require human validation,false
docs/engineering/dependency-security/2026-10-05/security-correction-evidence.json,100644,1f3ae737a8e16ed902f9749e947fe7430bcfbd75,d8bef412bd21f0b2a133f90be94913d7a387d4ec75fe71d0af50752b0908471c,2538,73,JSON,repository_foundation,REPOSITORY_SOURCE,TRAINING_REVIEW_REQUIRED,mixed human-provided evidence and Codex interpretation require human validation,false
docs/engineering/ssm-autonomy/2026-10-05/codex-ssm-proof.json,100644,7bb3da463fb48c3863a5c2b82dafabc596440a9e,0f457ba55ea4c609bf417eb1bbd7879073f0e02904626d35f55e6ef467c6517e,4407,132,JSON,repository_foundation,REPOSITORY_SOURCE,TRAINING_REVIEW_REQUIRED,mixed human-provided evidence and Codex interpretation require human validation,false
docs/engineering/ssm-autonomy/2026-10-05/codex-understanding.md,100644,842a6c7cd43c1d7463f4a532c2700a3073331ce5,b89fa16a643b14eabe9c64d42ec3f701b266d7dd218ec53703a6609859ae2a50,8306,47,Markdown,repository_foundation,REPOSITORY_SOURCE,TRAINING_REVIEW_REQUIRED,mixed human-provided evidence and Codex interpretation require human validation,false
docs/engineering/ssm-autonomy/2026-10-05/evidence.json,100644,03b18951319278064aabc402d7ca7d405e7f5bfa,0b3f795c66ffb44d756fe77cb793fa212d975f859d12db2b5f1c6008e013eae9,4083,101,JSON,repository_foundation,REPOSITORY_SOURCE,TRAINING_REVIEW_REQUIRED,mixed human-provided evidence and Codex interpretation require human validation,false
docs/engineering/ssm-autonomy/2026-10-05/qualification-report.md,100644,9da32fe751fc63f03c9f7a42032cc4a144610658,d3dad5b3c1c0d7fd3ff5c02710be99f89aa1228bcf7801fad80b3867bd9e6741,6625,82,Markdown,repository_foundation,REPOSITORY_SOURCE,TRAINING_REVIEW_REQUIRED,mixed human-provided evidence and Codex interpretation require human validation,false
docs/engineering/ssm-autonomy/2026-10-05/reading-inventory.json,100644,67e84827116660cd6aca15ac4372b9f25b437784,6c452a79f70abc7be9d8e99eb69b580a6c0b4313db9d028af72ac4c1699eac37,14329,412,JSON,repository_foundation,REPOSITORY_SOURCE,TRAINING_REVIEW_REQUIRED,mixed human-provided evidence and Codex interpretation require human validation,false
docs/governance/CineWatch_TV_V1_API_Content_Rights_Qualification_Register_001.md,100644,3ad61e3426d4f54ce6686e19a79f926262af35f6,9cbb3d718b888d4a1b259b75ff73a5a298eaff02286e9fc31e34e8c3c3116dc8,14997,452,Markdown,governance,GOVERNANCE_AUTHORITY,TRAINING_REVIEW_REQUIRED,contains external/provider research or rights evidence requiring record-level review,false
docs/progress/CineWatch_TV_Engineering_Chronicle.md,100644,5fd65344ad9baf7b82e334b8f65d54e8e731e7ff,b7ec8f2a4cfa0b22330fbaa27a06d744b50d9ba086be7e740ce168446d1d0f99,66549,319,Markdown,engineering_projection,GENERATED_PROJECTION,REFERENCE_ONLY,canonical/reference/generated artifact retained for provenance but excluded from training text,false
docs/progress/README.md,100644,0028b980464f5e6910b19962fbf62df9ed01855d,d0b6b4e7a3cd2a5444e84d95170b55c6f441f1332c05df7d05d028771bb360c8,6508,192,Markdown,engineering_projection,GENERATED_PROJECTION,TRAINING_ELIGIBLE,"CineWatch-owned source, test, governance, or engineering documentation",false
docs/progress/activity/EVENT_SCHEMA.md,100644,e22a17f82ea7f677a351d96995efe8df94d38073,5dc274cb3f23da6d087fb3e0056909561f0337fac2b255c0f3532fc39460adb5,2371,60,Markdown,engineering_history,GENERATED_PROJECTION,TRAINING_ELIGIBLE,"CineWatch-owned source, test, governance, or engineering documentation",false
docs/progress/activity/engineering-events.jsonl,100644,5239d2a9e52568c9f4238fccad8008a7482875ca,6c7b742f884633712141cff098e8b834ccd78e7f32d46ac82b4cd49bc3c97fec,150795,183,JSONL,engineering_history,APPEND_ONLY_LEDGER,TRAINING_ELIGIBLE,"CineWatch-owned source, test, governance, or engineering documentation",false
docs/progress/dashboard/dashboard.css,100644,4e3de1d9d81e24d6fc8eec3eeba12852cfd1e4a6,2d7a559ac56a8aaee6cae15f53c5045568b35c72a20b32043decc6dadeec2348,18002,759,CSS,engineering_projection,GENERATED_PROJECTION,TRAINING_ELIGIBLE,"CineWatch-owned source, test, governance, or engineering documentation",false
docs/progress/dashboard/dashboard.js,100644,19d633e5572b7a9f95d297de754931f2aa885901,826038894657f170c938cf9de376ead87ebb1ef697d249c794054b89c60cbad0,11904,275,JavaScript,engineering_projection,GENERATED_PROJECTION,TRAINING_ELIGIBLE,"CineWatch-owned source, test, governance, or engineering documentation",false
docs/progress/dashboard/index.html,100644,eb6bc61714f1afd327ba8a2e89ab7372637b9470,e56e62bd077b8413f68cbb7e6e6e4fc4507463bc29407572095ee070ccaeb6c8,4718,121,HTML,engineering_projection,GENERATED_PROJECTION,TRAINING_ELIGIBLE,"CineWatch-owned source, test, governance, or engineering documentation",false
docs/progress/dashboard/progress-data.json,100644,78a818258eb213b674da4229133c0bafdbd15818,8b819588d81543c95ef0acd061bf2288cf8bcf5dc1fb61c7305a7960eb5aabbc,275076,6687,JSON,engineering_projection,GENERATED_PROJECTION,REFERENCE_ONLY,canonical/reference/generated artifact retained for provenance but excluded from training text,false
nexvox/engineering/DATASET_CARD.md,100644,4f8e7e9f8ff0828e4486a0dc4c2af7ec305dcffe,234761133c31d20fb2a5ec009237cf6efbd749589736e8da9507f32e2f772442,1508,37,Markdown,repository_foundation,REPOSITORY_SOURCE,REFERENCE_ONLY,NexVox generated projection excluded to prevent recursive training duplication,true
nexvox/engineering/README.md,100644,41cad6461c475d3efe0ebcffcc59d78b7ee7881b,50adae67b85ba6ab84e2ddc0bd5676d37a0b08c4d5fac928d03bac58746caebd,1638,47,Markdown,repository_foundation,REPOSITORY_SOURCE,TRAINING_ELIGIBLE,"CineWatch-owned source, test, governance, or engineering documentation",false
nexvox/engineering/authority/CineWatch_NexVox_Engineering_Knowledge_Authority_001.md,100644,a7150c32b6b7259e417f4faec8abd08beff05e9d,94b8b315feef37f1d7ae4ad15b8300dfce8656009c017b9fb810c570840fbec0,5873,129,Markdown,nexvox_authority,REPOSITORY_SOURCE,TRAINING_ELIGIBLE,"CineWatch-owned source, test, governance, or engineering documentation",false
nexvox/engineering/checksums.sha256,100644,38ac2e2e40343718541f0552ec2f31a853802c45,d40fd017fa7fd859158366a8bb4cacab6c8a2cd70cdd8d9243ad777a665a5a49,2696,,SHA256,repository_foundation,REPOSITORY_SOURCE,REFERENCE_ONLY,NexVox generated projection excluded to prevent recursive training duplication,true
nexvox/engineering/datasets/artifacts.csv,100644,8fc268a893c2840b93de4523881c84053aa9c979,123474ada582028f2ba0413e45bc2d3c9a6fed210bff5bc8a461fcf1810533d6,13930,,CSV,repository_foundation,REPOSITORY_SOURCE,REFERENCE_ONLY,NexVox generated projection excluded to prevent recursive training duplication,true
nexvox/engineering/datasets/commit-changes.csv,100644,9fa36750ba32e5fff86a2911b3900fae5feadf48,0f25be5fe467fd47eb3c3717cca15007939a2f56b5ddc9fb91a911aa8d4ae03b,117291,,CSV,repository_foundation,REPOSITORY_SOURCE,REFERENCE_ONLY,NexVox generated projection excluded to prevent recursive training duplication,true
nexvox/engineering/datasets/commits.csv,100644,8e3dc3ec15fb2acb9a4b55db693b330cbd0b7649,6477a0eeadf133400322d903f40e5220d636ec0342a8f6788f617b692898dc7f,12804,,CSV,repository_foundation,REPOSITORY_SOURCE,REFERENCE_ONLY,NexVox generated projection excluded to prevent recursive training duplication,true
nexvox/engineering/datasets/conversation-sources.csv,100644,2c9ff5b195015d17f928c6ca0fa9fee092b1a4d7,62566c868ae764b309c6ea03fea3c9b5e370fb7d2bc86244756b3630ca2e9bd8,3888,,CSV,repository_foundation,REPOSITORY_SOURCE,REFERENCE_ONLY,NexVox generated projection excluded to prevent recursive training duplication,true
nexvox/engineering/datasets/decisions.csv,100644,30e3dcd0d0720c9b236a1f948a7d1ad85307566c,38a33caa80da18a084fe7fe17f64e33c31527b0c25f31d93647048c0e53e93cd,9307,,CSV,repository_foundation,REPOSITORY_SOURCE,REFERENCE_ONLY,NexVox generated projection excluded to prevent recursive training duplication,true
nexvox/engineering/datasets/dependencies.csv,100644,9b27a4d1ac0758ccf7f29e230afb5ef181618399,da5c92bb39c01af16dc0f1a9b372789e74ff76391d49c9982c253b768fd972b0,82135,,CSV,repository_foundation,REPOSITORY_SOURCE,REFERENCE_ONLY,NexVox generated projection excluded to prevent recursive training duplication,true
nexvox/engineering/datasets/failure-correction-chains.csv,100644,e17baf7c236c23ff17daa316cc29a0b13208ee6e,42b8e4b818108c328a3e663ce78e5e6e2f37c1332563b7fbdc45f7747efb266b,12669,,CSV,repository_foundation,REPOSITORY_SOURCE,REFERENCE_ONLY,NexVox generated projection excluded to prevent recursive training duplication,true
nexvox/engineering/datasets/history-records.jsonl,100644,e88199131726cb33bd22ffce87df9c5b1cf14cc3,4156a74bfc063c45e694953950d369cddc1927bab272b89ae33d8657eb281deb,2096798,464,JSONL,repository_foundation,REPOSITORY_SOURCE,REFERENCE_ONLY,NexVox generated projection excluded to prevent recursive training duplication,true
nexvox/engineering/datasets/knowledge-records.jsonl,100644,9429cd7509be5c59b34e458a0fe34796c5828599,896558b13c570385118970166a0ec31a9cbf618371d601c898cd2188324dfb84,1779132,643,JSONL,repository_foundation,REPOSITORY_SOURCE,REFERENCE_ONLY,NexVox generated projection excluded to prevent recursive training duplication,true
nexvox/engineering/datasets/milestones.csv,100644,1c849d46db93f82b98b53d9208f1795e8aae2468,a3edfef700446a3f257df22b1e744bd8485338e4c37481dbb1c908fc69e3ac81,1971,,CSV,repository_foundation,REPOSITORY_SOURCE,REFERENCE_ONLY,NexVox generated projection excluded to prevent recursive training duplication,true
nexvox/engineering/datasets/qualifications.csv,100644,cb724b737705d273e092bea14649953e57d822dc,2305557a69c9f13f7f97f8f5972891544f614cb16ae48ce2d20f46e163e2da46,9336,,CSV,repository_foundation,REPOSITORY_SOURCE,REFERENCE_ONLY,NexVox generated projection excluded to prevent recursive training duplication,true
nexvox/engineering/datasets/repository-file-versions.csv,100644,78f979c906894a8ef417d272fdb551d1b1fcd978,c6aa28dc9161a5933cb8c06cc4261db13ca6984d0d448c6d168c6c0a0eff6c45,283867,,CSV,repository_foundation,REPOSITORY_SOURCE,REFERENCE_ONLY,NexVox generated projection excluded to prevent recursive training duplication,true
nexvox/engineering/datasets/repository-files.csv,100644,3fce64e92c3580f2a23a65a14e373f293e409bec,4a6afcc43cb32ef0ae584765c5ddaaea58ebc47951872d769904c880f1b0a188,115640,,CSV,repository_foundation,REPOSITORY_SOURCE,REFERENCE_ONLY,NexVox generated projection excluded to prevent recursive training duplication,true
nexvox/engineering/datasets/source-reconciliations.csv,100644,507a9fed7b0c765820c4d7d7095fa393fd56ac11,52a61a5bfd445a2b43cf2bc5668f0129982a9b16608c0061fbd5117241cad5be,3918,,CSV,repository_foundation,REPOSITORY_SOURCE,REFERENCE_ONLY,NexVox generated projection excluded to prevent recursive training duplication,true
nexvox/engineering/datasets/symbols.csv,100644,3ac0c3a1ce277c144ebb37821dc0474dcc5f6a81,d926c843f8acb00e53db962954c3dfd24136080519d55d08992ac63ddd5c743a,92078,,CSV,repository_foundation,REPOSITORY_SOURCE,REFERENCE_ONLY,NexVox generated projection excluded to prevent recursive training duplication,true
nexvox/engineering/evals/engineering-knowledge-evals.yaml,100644,b5da9a151af8f462f61db8122bd14cec0c184f61,f20144e6b7e560914c13939c9251522e3538df9bd88dbfbfa74f3106e0d02a8a,1648,35,YAML,repository_foundation,REPOSITORY_SOURCE,TRAINING_ELIGIBLE,"CineWatch-owned source, test, governance, or engineering documentation",false
nexvox/engineering/manifests/corpus-manifest.yaml,100644,6dec8f3e5dd0e8e74d46d8932b10cfbb2cee299a,f9cef70893b7e5085d6cfd1d60a7b4abc02d176ae206d7db06b1e222b3da6859,517,18,YAML,repository_foundation,REPOSITORY_SOURCE,REFERENCE_ONLY,NexVox generated projection excluded to prevent recursive training duplication,true
nexvox/engineering/manifests/sync-state.yaml,100644,12cd5e58c0a465e4d55f2552389901d226269dc3,ba9fc547cc192df8539460790c7492176346b69f9816b2c81b09ecd4f9133210,353,9,YAML,repository_foundation,REPOSITORY_SOURCE,REFERENCE_ONLY,NexVox generated projection excluded to prevent recursive training duplication,true
nexvox/engineering/narratives/architecture-decisions.md,100644,5629d0e5c83213930da1003163838a3fb0ac7ea2,a64556bbe259d4cd8f84bc06aa029cd0682a5cc558e212fe457a4e257398a0ba,8777,65,Markdown,repository_foundation,REPOSITORY_SOURCE,REFERENCE_ONLY,NexVox generated projection excluded to prevent recursive training duplication,true
nexvox/engineering/narratives/engineering-history.md,100644,c9414ce0bb8c1bc4172475cbf6bb0857aa7ff4a3,e62500f7fa245e37b82174fb3dc6df25bd288d133e456f66266a338ce255f0da,5353,86,Markdown,repository_foundation,REPOSITORY_SOURCE,REFERENCE_ONLY,NexVox generated projection excluded to prevent recursive training duplication,true
nexvox/engineering/narratives/engineering-methods.md,100644,7d282c726c536a553c6ee7dd4fdf5b805b9164a5,e026a1bb1b5529e0fcf6caa11f01077edc61be2a7aa8a906ba476963d48b054b,888,15,Markdown,repository_foundation,REPOSITORY_SOURCE,REFERENCE_ONLY,NexVox generated projection excluded to prevent recursive training duplication,true
nexvox/engineering/narratives/failures-corrections-lessons.md,100644,0e9fdbed2966c16b16fc262b955dac1d62ca98a2,530aa02e7141fc83ea79a8093fdbc6550fd91ee35aac8b3f056d88e96b283d3d,8140,213,Markdown,repository_foundation,REPOSITORY_SOURCE,REFERENCE_ONLY,NexVox generated projection excluded to prevent recursive training duplication,true
nexvox/engineering/narratives/glossary.md,100644,b851e2b7a7c2b946a31f023454a00538cde87d74,5bcca02275d144522d70e7e9eac7ea07edc2c039ce5b9cdd52551e6cebce6188,1238,13,Markdown,repository_foundation,REPOSITORY_SOURCE,REFERENCE_ONLY,NexVox generated projection excluded to prevent recursive training duplication,true
nexvox/engineering/policy/corpus-policy.yaml,100644,32a16940ec4effbec775754cd6d658d08f720543,3ab264f624164a0c254254d0e32134f3d60db1934a3eabfe4d06dda19a8ea6e1,2691,86,YAML,nexvox_policy,REPOSITORY_SOURCE,TRAINING_ELIGIBLE,"CineWatch-owned source, test, governance, or engineering documentation",false
nexvox/engineering/schemas/records.schema.yaml,100644,f2e3f3d5f57810c2f625f1c8aec31b53d8dc4f52,82b03f8193a460af64e2ccf0b8c46c5ee5ce116f9ebaf4c2d3d0c223f3ad8839,1427,72,YAML,nexvox_schema,REPOSITORY_SOURCE,TRAINING_ELIGIBLE,"CineWatch-owned source, test, governance, or engineering documentation",false
package-lock.json,100644,e4b4c42cdd15305fb360b1fbd961007f64b9ab4c,6468f0df4f4462b96899cd3b8df6615a118e23cebb5185d6e1e0aa749db6f426,234129,6729,JSON,repository_foundation,REPOSITORY_SOURCE,REFERENCE_ONLY,canonical/reference/generated artifact retained for provenance but excluded from training text,false
package.json,100644,ce6dc39ca177ce39682c25045f01408a96fcd89d,95fff1b17d9629cb13b57203d5c9e845bada7bb587d3ace1bd4a74cdac3472a1,1452,34,JSON,repository_foundation,REPOSITORY_SOURCE,TRAINING_ELIGIBLE,"CineWatch-owned source, test, governance, or engineering documentation",false
packages/contracts/README.md,100644,1a6957d603b67a76a205e79c326d6bed835657a0,8c52fe972fddf6b5064ace128018c95db316456a86a414c6030bb97c63aecd1b,1103,30,Markdown,contracts,REPOSITORY_SOURCE,TRAINING_ELIGIBLE,"CineWatch-owned source, test, governance, or engineering documentation",false
packages/contracts/openapi/cinewatch-v1.openapi.json,100644,46aff4d81585bb2c161dfd07fefb6ebd0b8e93ae,8c38fee0aef037f7fd9d3302f82f6ce18c0a6edafbfbfb4d7de42ab5ef66c246,128541,5232,JSON,contracts,REPOSITORY_SOURCE,REFERENCE_ONLY,canonical/reference/generated artifact retained for provenance but excluded from training text,false
packages/contracts/package.json,100644,b1a7008d32970eea933073267da78c0969daeb1c,c96a9bcc3cd6dd590d03c3a295a0e3f62904c9857d14e5b94ed4a492d68e6256,595,24,JSON,contracts,REPOSITORY_SOURCE,TRAINING_ELIGIBLE,"CineWatch-owned source, test, governance, or engineering documentation",false
packages/contracts/src/generated/openapi.d.ts,100644,62f87da46f1967fafd8c91358f268292bb004b3c,6ad4cdb074e44362f1adc61fb5298e337e41f95cd16406e2dc8d8958649a13fd,70627,2410,TypeScript,contracts,SOURCE_CODE,REFERENCE_ONLY,canonical/reference/generated artifact retained for provenance but excluded from training text,false
packages/contracts/src/index.d.ts,100644,2f8d8db629052cb1ca927661d71f99096c44192f,3061f501dc860c387fee2e4023deba1bdea200939582d635156778fe9f2eb454,1854,30,TypeScript,contracts,SOURCE_CODE,TRAINING_ELIGIBLE,"CineWatch-owned source, test, governance, or engineering documentation",false
scripts/README.md,100644,cb9a8009b45b2e4fd66c4328522663d6061cf3d9,8d238368626f61dce059f8ff002a5ae930e55d9b3f41376adc6e3209f6809649,2677,46,Markdown,engineering_tooling,ENGINEERING_TOOL,TRAINING_ELIGIBLE,"CineWatch-owned source, test, governance, or engineering documentation",false
scripts/bootstrap_engineering_chronicle.py,100644,792c0b5efa710c9ed27aad185a14728571b6bdc8,4a2841edf5115642cd383b5b5dc20be8281387bee7ed0c0f1a79f14b333f90e7,14345,344,Python,engineering_tooling,ENGINEERING_TOOL,TRAINING_ELIGIBLE,"CineWatch-owned source, test, governance, or engineering documentation",false
scripts/build_nexvox_engineering_corpus.py,100755,9b4cecded9eb0b109449ba62ba3d08c3147d9a75,875bd19965a24d00cdea21e6a17ca41ab6165927105472c94b63ee81ee3d4d49,52288,898,Python,engineering_tooling,ENGINEERING_TOOL,TRAINING_ELIGIBLE,"CineWatch-owned source, test, governance, or engineering documentation",false
scripts/build_nexvox_engineering_pdf.py,100755,d25a338b838eaf58b60715f8c95f783b633aff6c,dd45561f21f643678295f64cb59898b3c9cf40d2a2ea20ee400087de29368d5d,5577,120,Python,engineering_tooling,ENGINEERING_TOOL,TRAINING_ELIGIBLE,"CineWatch-owned source, test, governance, or engineering documentation",false
scripts/build_progress_dashboard.py,100644,1f6b4c6302e905b08be560af1e6603543b9c0908,18e5b20f69ecd311e97d212df7b09774b009544f610bea8ac44853e78c90e81f,15619,363,Python,engineering_tooling,ENGINEERING_TOOL,TRAINING_ELIGIBLE,"CineWatch-owned source, test, governance, or engineering documentation",false
scripts/check_a3_master_geometry_parameterization.py,100755,1483dc26ddf288b11ac8c3c697683e07e74c9dc2,f63edcc48ce6ea5d908b5aa942179db6a566ac58e451f70c079591c642a84358,10389,264,Python,engineering_tooling,ENGINEERING_TOOL,TRAINING_ELIGIBLE,"CineWatch-owned source, test, governance, or engineering documentation",false
scripts/check_backend_runtime.sh,100755,1f79f93ffe087443562796a6fd9745ffd314fc40,37726a6e511596a112e93a64054720d344931877ae09cd77181d9152b59e21e7,2787,102,Shell,engineering_tooling,ENGINEERING_TOOL,TRAINING_ELIGIBLE,"CineWatch-owned source, test, governance, or engineering documentation",false
scripts/check_backend_skeleton.py,100755,614a4d72bdc495caef275da25738016fda62ed3c,b335eea315dd734ca99e73429f0c571089388ba834ef79562a47df882e29d55c,2823,81,Python,engineering_tooling,ENGINEERING_TOOL,TRAINING_ELIGIBLE,"CineWatch-owned source, test, governance, or engineering documentation",false
scripts/check_brand_streaming_signature_selection.py,100755,239a3391eb16377c24bd6015e52b8cafcc820963,32b8d244958ec240317a754393125408808cd20ccd7ca8365abeb3ccc9b90817,6068,147,Python,engineering_tooling,ENGINEERING_TOOL,TRAINING_ELIGIBLE,"CineWatch-owned source, test, governance, or engineering documentation",false
scripts/check_catalog_experience.py,100755,dbbde7c1dd86ffa05a7265d61b7b284f9b6ab404,543cb85bf6081d7ce67ed77705d0ed1bbdebddffca12c94f0e26dbefe65414a4,4828,109,Python,engineering_tooling,ENGINEERING_TOOL,TRAINING_ELIGIBLE,"CineWatch-owned source, test, governance, or engineering documentation",false
scripts/check_ci_security_quality.py,100755,45f8b08f4804078e261ad609946c5ad219753c3a,9b95989b86cf0bd039a69612069066f9635bb8cb8be3ee66de7dc31aeb83e060,11522,304,Python,engineering_tooling,ENGINEERING_TOOL,TRAINING_ELIGIBLE,"CineWatch-owned source, test, governance, or engineering documentation",false
scripts/check_ci_security_quality_runtime.sh,100755,3b988a2285dadee73e09e23ff2475460ab65d6ff,3bdf3be1a4463d9dd1326827e343ad98c86065067787113b33d36224d7a1e9a2,1524,53,Shell,engineering_tooling,ENGINEERING_TOOL,TRAINING_ELIGIBLE,"CineWatch-owned source, test, governance, or engineering documentation",false
scripts/check_contract_foundation.py,100755,fa0616fb1aa9e628dd520f9cbc67aae10f9eb200,a700c919fe100d34a523c3ffd6dfb7f89cc397c0e602fd7281b78e02fcb615c6,6963,182,Python,engineering_tooling,ENGINEERING_TOOL,TRAINING_ELIGIBLE,"CineWatch-owned source, test, governance, or engineering documentation",false
scripts/check_contract_runtime.sh,100755,9758bdb214b6974dbb413fb84a0570d8c6a28df8,e277ec27d2aba357ca37ee4201b02664a200c1ce5b9ddf53c5dcdaf1c84470d6,2084,74,Shell,engineering_tooling,ENGINEERING_TOOL,TRAINING_ELIGIBLE,"CineWatch-owned source, test, governance, or engineering documentation",false
scripts/check_database_foundation.py,100755,f58a0475bc7ec0876869fe480e5d31fd440da496,1d473c59bede9e0f35e0439655ffa06cc699d7590371a360d7ac45da3480840e,4650,105,Python,engineering_tooling,ENGINEERING_TOOL,TRAINING_ELIGIBLE,"CineWatch-owned source, test, governance, or engineering documentation",false
scripts/check_database_migrations.sh,100755,1e92f963b003ee2b2344ecaa8e869ea48164198c,58006e167129d410c4243ffc7831afd806e184b071e265d7cf78edcb803f0efc,2348,64,Shell,engineering_tooling,ENGINEERING_TOOL,TRAINING_ELIGIBLE,"CineWatch-owned source, test, governance, or engineering documentation",false
scripts/check_engineering_chronicle.py,100755,641a0e2d7341ff4f21caee30d11f0472152f1017,3b82f292d78fb583df476288faab1f0572f4df2846eeb120b87e4364575e1b02,10591,250,Python,engineering_tooling,ENGINEERING_TOOL,TRAINING_ELIGIBLE,"CineWatch-owned source, test, governance, or engineering documentation",false
scripts/check_frontend_runtime.sh,100755,e08d18d254b7b31a574d2a0f4d574b65a9728ea4,abf5e9a63c33a123eb8bb144b04bb36bdfc8d7aeff379141acc55811844cac0f,2238,75,Shell,engineering_tooling,ENGINEERING_TOOL,TRAINING_ELIGIBLE,"CineWatch-owned source, test, governance, or engineering documentation",false
scripts/check_frontend_skeleton.py,100755,01523d3d5b9435ef7c963180c79176d63ec53a5a,99993fd0a463099562b461541c4fb28d364af95d694c89d37ff6cab56dd38cb4,7065,180,Python,engineering_tooling,ENGINEERING_TOOL,TRAINING_ELIGIBLE,"CineWatch-owned source, test, governance, or engineering documentation",false
scripts/check_homepage_data_foundation.py,100755,c77713959bd0c11db6fc72a8abc33069cd8a3f31,260c7096b5579bf789da44f075d2779268d468b0698856752b9f05b586063cec,5801,137,Python,engineering_tooling,ENGINEERING_TOOL,TRAINING_ELIGIBLE,"CineWatch-owned source, test, governance, or engineering documentation",false
scripts/check_homepage_experience.py,100755,5d571c1d961c2b25f3e1ad1d9910a34c4777032d,59a9ce8df0cd60f524bc30ad6552958831cccc89d56050c85a50aa2e913df540,4794,113,Python,engineering_tooling,ENGINEERING_TOOL,TRAINING_ELIGIBLE,"CineWatch-owned source, test, governance, or engineering documentation",false
scripts/check_nexvox_engineering_corpus.py,100755,34ccf7ed2329a36dcd4dc8b767576f0d91cce29a,33af038c69576423eaa640f256d2014e7aa51dfaf4adf8ee6cdd56c1d3243c66,9351,236,Python,engineering_tooling,ENGINEERING_TOOL,TRAINING_ELIGIBLE,"CineWatch-owned source, test, governance, or engineering documentation",false
scripts/check_production_brand_assets.py,100755,5b3dec2e7ff7575c626a2c2d5de3fff192125b20,56a3cd3538ccb52c71ff5017894efb622b9471426998b5cf6116b1c36118ec8d,8956,216,Python,engineering_tooling,ENGINEERING_TOOL,TRAINING_ELIGIBLE,"CineWatch-owned source, test, governance, or engineering documentation",false
scripts/check_progress_dashboard_runtime.sh,100644,bd3ddbea61ad80072d9264fa7f1ce9187ae51959,b1be5d78f550676ccefda933b7c834f8c7f2e818c28f5e2915507a2cd432480e,2849,94,Shell,engineering_tooling,ENGINEERING_TOOL,TRAINING_ELIGIBLE,"CineWatch-owned source, test, governance, or engineering documentation",false
scripts/check_provider_runtime.py,100644,b055cba55ac0ce3f384e424160217c36ac311be4,dc3e533b410a7472dc2063616485696e993eaff45197c907673059b1189332eb,5163,132,Python,engineering_tooling,ENGINEERING_TOOL,TRAINING_ELIGIBLE,"CineWatch-owned source, test, governance, or engineering documentation",false
scripts/check_refinement_regression.py,100755,36140c168454acb47ee92333c13bfe92bc3244a7,d1fe97154aa64f0539aca55bff0383e19c49ee222ceb7ac2d07ec07b256fe7f2,6215,198,Python,engineering_tooling,ENGINEERING_TOOL,TRAINING_ELIGIBLE,"CineWatch-owned source, test, governance, or engineering documentation",false
scripts/check_repository_tree.py,100755,d5d3efa767245c730ad0d1c91ae056e58508eb6b,129b67db79981adfa2aef6d4aa9e1c80ede4e0abc0562fe93f0f68457461108c,4613,127,Python,engineering_tooling,ENGINEERING_TOOL,TRAINING_ELIGIBLE,"CineWatch-owned source, test, governance, or engineering documentation",false
scripts/check_runtime.sh,100755,baf0be3b437ceef601fc5bb8c395ee7cc960539d,aff0769a5332825e470a3f0e6dab55bd8a22ad16d926f1193075051547aa7967,1454,47,Shell,engineering_tooling,ENGINEERING_TOOL,TRAINING_ELIGIBLE,"CineWatch-owned source, test, governance, or engineering documentation",false
scripts/check_termux_linux_runtime.sh,100755,30e928bab4139820614d5ca598c6486ee214bb4c,2c28a5250c2d1e6fed11f25dc5cb0c91c40f6971ca564d63c0c1bf39e2d057c5,2499,70,Shell,engineering_tooling,ENGINEERING_TOOL,TRAINING_ELIGIBLE,"CineWatch-owned source, test, governance, or engineering documentation",false
scripts/check_termux_linux_workflow.py,100755,a32130e125469178b91f58df1a285ec5e5fb99d6,596f9413e5f2ec8594dc60f89ef4b24c467f72c312e71565618b3b81ab7e6505,8932,207,Python,engineering_tooling,ENGINEERING_TOOL,TRAINING_ELIGIBLE,"CineWatch-owned source, test, governance, or engineering documentation",false
scripts/check_trailer_navigation_runtime.py,100644,12f3d401632834cf8b8d2323066f296694ae7b9e,1b3ff9468aa7c8b8f29cbfa9bba3f69e81140e0c5aa01e5aafcfef216ee27e36,6913,159,Python,engineering_tooling,ENGINEERING_TOOL,TRAINING_ELIGIBLE,"CineWatch-owned source, test, governance, or engineering documentation",false
scripts/chronicle_core.py,100644,b7ebce26f7ab1d10c81eb93f0e2cf3f8f03a2e91,f6727031a45d9f30d5ebc24bd652f2702c2afb0d980e2d3e8fa7e5bc4c73b4a8,9682,256,Python,engineering_tooling,ENGINEERING_TOOL,TRAINING_ELIGIBLE,"CineWatch-owned source, test, governance, or engineering documentation",false
scripts/diagnose_provider_identity.py,100644,66bffe27b2aca16c5723b4d412f3f3db196f8ad0,48718d222efea7831f4ee4ea7124b7cb7c5631f4de9839e5364bd9c80a8867be,3031,83,Python,engineering_tooling,ENGINEERING_TOOL,TRAINING_ELIGIBLE,"CineWatch-owned source, test, governance, or engineering documentation",false
scripts/diagnose_stands4_final_candidates.py,100644,9403769b6bea79a9448df25fbc45376b6d4f1ed7,f881d5cf4d1ec89ed82e3849cc01d9e596917cee219004ae3022b3ddc917dd5c,5038,152,Python,engineering_tooling,ENGINEERING_TOOL,TRAINING_ELIGIBLE,"CineWatch-owned source, test, governance, or engineering documentation",false
scripts/export_openapi_contract.py,100755,75e1b3511be5b4610a944a2523c0f05da89f24d2,5e54d975cbfaf9373fde9d715de6dfd775366e34b39612b35dfa636adb1d06ae,1850,57,Python,engineering_tooling,ENGINEERING_TOOL,TRAINING_ELIGIBLE,"CineWatch-owned source, test, governance, or engineering documentation",false
scripts/probe_live_providers.py,100755,e152b2d488d07b502d7f48e586cd8a641f2a4d3b,fb140020d6957eb99e3e4b13d003a4fd2406249dd8e98f34a83418397110d48d,11323,243,Python,engineering_tooling,ENGINEERING_TOOL,TRAINING_ELIGIBLE,"CineWatch-owned source, test, governance, or engineering documentation",false
scripts/probe_provider_runtime.py,100644,a2c68af36ae5159bded91e1bdd90d96df05aa4a9,dc5626ffa3f33aab7d9741edf6fae5aa7d0583c02818c54e83ae3e79a069ec55,1971,57,Python,engineering_tooling,ENGINEERING_TOOL,TRAINING_ELIGIBLE,"CineWatch-owned source, test, governance, or engineering documentation",false
scripts/reconcile_provider_fallbacks.py,100644,0873b5612e3c347a995772b719a36e127589025c,d29c42073d24ef36d1b06fbb3f4c9c32a3efb32e21d86ac31af457fefc12063d,3919,112,Python,engineering_tooling,ENGINEERING_TOOL,TRAINING_ELIGIBLE,"CineWatch-owned source, test, governance, or engineering documentation",false
scripts/record_engineering_activity.py,100644,d1324ab2eb372c171323af98ac4c3a376522bcf0,99269aee52ce88220a22bdf415b252409bc4aac94f8fbbff0280c2249b342107,3656,95,Python,engineering_tooling,ENGINEERING_TOOL,TRAINING_ELIGIBLE,"CineWatch-owned source, test, governance, or engineering documentation",false
scripts/run_and_record.py,100755,fa3400af7d8c9e94ca68fbb067a6845fbe511d8f,1985dd545141e6b90a05ebf4d4419dd4b827a44ae1f73c88f51f7200b5e52ef1,4225,114,Python,engineering_tooling,ENGINEERING_TOOL,TRAINING_ELIGIBLE,"CineWatch-owned source, test, governance, or engineering documentation",false
scripts/termux/config/aws.env.example,100644,6130054c2e1e4377b989d91d6e2b8d986120bd92,b9ab122a6e9d3011dd30eeba0cddc4168a2fc9237c0de083601be4fb97c6c476,348,9,EXAMPLE,engineering_tooling,ENGINEERING_TOOL,TRAINING_ELIGIBLE,"CineWatch-owned source, test, governance, or engineering documentation",false
scripts/termux/config/postgres.env.example,100644,fadbbca9714820670f404a5e04e3d05c6a155a2f,7389e0b21e53fd5a9c7a2cb3dd308954c33e2e7538e81d7f05ae2aa9b3647496,379,12,EXAMPLE,engineering_tooling,ENGINEERING_TOOL,TRAINING_ELIGIBLE,"CineWatch-owned source, test, governance, or engineering documentation",false
scripts/termux/cwtv-enter-linux,100755,c876feed2cca520e1e28009e8026fed09018782b,bf25cfa1ee567f189b6ef17c41047dbe70f3d55059e8ca54b0228060cee52c99,635,33,Config,engineering_tooling,ENGINEERING_TOOL,TRAINING_ELIGIBLE,"CineWatch-owned source, test, governance, or engineering documentation",false
scripts/termux/cwtv-linux-bootstrap,100755,ac538c747b86572e642506aac6986cd3f9a5d96e,4e9a00ecb3d8cba400d2a83a4a80a5c99770e1f6855d2291d8e5773dd6203d04,1793,80,Config,engineering_tooling,ENGINEERING_TOOL,TRAINING_ELIGIBLE,"CineWatch-owned source, test, governance, or engineering documentation",false
scripts/termux/cwtv-session,100755,969828b6fc2df4501b49218cfc2d8c19af302cb9,0d2ff3c6eb11b5746d544e1500212ef02a0db2c578a6330fc281310c394dc093,5639,169,Config,engineering_tooling,ENGINEERING_TOOL,TRAINING_ELIGIBLE,"CineWatch-owned source, test, governance, or engineering documentation",false
scripts/termux/cwtv-session-status,100755,5524d754ec0f039a48340f3625bd186e5ae26ad9,3b1b34167d2905e7222e5c2a67c9a45826e7b002094a33cf1c79fe09e1092368,5646,194,Config,engineering_tooling,ENGINEERING_TOOL,TRAINING_ELIGIBLE,"CineWatch-owned source, test, governance, or engineering documentation",false
scripts/termux/cwtv-window-bootstrap,100755,a453fb5dcd66d567fa6bf669e39b80c3cfe7e8ec,7886882fffe27d648eafc0da20e1b5ff14188245e8810618adfdd0df5f72333e,2977,127,Config,engineering_tooling,ENGINEERING_TOOL,TRAINING_ELIGIBLE,"CineWatch-owned source, test, governance, or engineering documentation",false
scripts/termux/install_cwtv_commands.sh,100755,caecf9bea088e65feff2f338d91ad6da7b38e365,28798f313d8cf6953a28609f51782cb1795985be97d33050849b23d7487f7e90,852,33,Shell,engineering_tooling,ENGINEERING_TOOL,TRAINING_ELIGIBLE,"CineWatch-owned source, test, governance, or engineering documentation",false
scripts/update_api_contracts.sh,100755,60ec6844e7777d01b1bdb2986f9505c6853b130a,2aaceb9025b12fa9d4951b7ccc767f16bdc5f2a118a785ceb40d6d98352bd243,352,13,Shell,engineering_tooling,ENGINEERING_TOOL,TRAINING_ELIGIBLE,"CineWatch-owned source, test, governance, or engineering documentation",false
services/api/README.md,100644,2363aa82025d5261337d8fb0d1b2400c652b90bf,8b5eceefa5720c6f159262e12dfa82e0bef5b32a36406f9dcee34c247b659ef5,2897,75,Markdown,backend,REPOSITORY_SOURCE,TRAINING_ELIGIBLE,"CineWatch-owned source, test, governance, or engineering documentation",false
services/api/alembic.ini,100644,4e6d493a135a3044c54e21ba3fa3ae5ada9f3abc,a9e7fcb92349dc53a3a657f7aada4bc0e6a282384a74244f718b4d66108596c2,658,40,INI,backend,REPOSITORY_SOURCE,TRAINING_ELIGIBLE,"CineWatch-owned source, test, governance, or engineering documentation",false
services/api/cinewatch_api/__init__.py,100644,0c7ddbaa52c00f6b824bfdf99c64a43210112ce3,3aedb397c3e72fc9ab891a3b3dceeec45d6458f7670080572ecd76862b672fc8,94,5,Python,backend,SOURCE_CODE,TRAINING_ELIGIBLE,"CineWatch-owned source, test, governance, or engineering documentation",false
services/api/cinewatch_api/api/__init__.py,100644,8f791b4e68a90fbdf9b57161355564517c0da5aa,5989bb3989db2e75ebc42fe0e00ed8a2a7eb14e88f6ca5ddfedca0904ed00be5,28,1,Python,backend,SOURCE_CODE,TRAINING_ELIGIBLE,"CineWatch-owned source, test, governance, or engineering documentation",false
services/api/cinewatch_api/api/system.py,100644,9c70a70a2dd1a8cf6986fdc926fb57cdf2fe4265,c281925cbce60156db088e148323ebeea44c9ca3eb296157af4f0a73cff050b1,735,28,Python,backend,SOURCE_CODE,TRAINING_ELIGIBLE,"CineWatch-owned source, test, governance, or engineering documentation",false
services/api/cinewatch_api/api/system_state.py,100644,64c7280f806afabe83b59dbb05a1f5a8db86515f,d489edde1d3ea84b963f802295718b9f6e1ac3bbfc0a5ad6ef78453e17e3dcb3,849,27,Python,backend,SOURCE_CODE,TRAINING_ELIGIBLE,"CineWatch-owned source, test, governance, or engineering documentation",false
services/api/cinewatch_api/api/v1/__init__.py,100644,1045190127fe81cba23b004b744dd42563bebf62,97f1190f643b1e175701901d163d1943422815f627149a4c3c136a2ae3e3efa2,48,1,Python,backend,SOURCE_CODE,TRAINING_ELIGIBLE,"CineWatch-owned source, test, governance, or engineering documentation",false
services/api/cinewatch_api/api/v1/catalog.py,100644,75ffe0bacd9ad0175cad1c45fd304653c89d96eb,42aa62b11baa3faf8b87bcfb092db117100d9f271bf1e06a72056ec1f66d0757,6914,198,Python,backend,SOURCE_CODE,TRAINING_ELIGIBLE,"CineWatch-owned source, test, governance, or engineering documentation",false
services/api/cinewatch_api/api/v1/directories.py,100644,a7bdce3cf29669f36e6ea2e0769b61f073efc843,befa345cbfc15d3c99165b341a0bd227b7b74b3d944beea458677363a1922829,2818,49,Python,backend,SOURCE_CODE,TRAINING_ELIGIBLE,"CineWatch-owned source, test, governance, or engineering documentation",false
services/api/cinewatch_api/api/v1/external.py,100644,dac6655c428bebdb0d52b1dddc7bfeb90f1ddead,c58d6899ef6ddf3ef3ac62b02eed03920668fd4dbed46b3d33c28af00a8c3afe,4211,118,Python,backend,SOURCE_CODE,TRAINING_ELIGIBLE,"CineWatch-owned source, test, governance, or engineering documentation",false
services/api/cinewatch_api/api/v1/home.py,100644,58b600fef2cdd533eba1759875ac0514833e8c76,b49324bbf9772e2074c2582f0b6f2630ddb45907cdcd4ad6043f0c9e4c3c97c8,1291,41,Python,backend,SOURCE_CODE,TRAINING_ELIGIBLE,"CineWatch-owned source, test, governance, or engineering documentation",false
services/api/cinewatch_api/api/v1/home_experience.py,100644,dcaace7fbe4f293e07f525557395fbaf7b2e586f,a2a122378358a33abb6cc232c045c1bacabaf50a36504ce156a52d18fb69ec4a,3492,122,Python,backend,SOURCE_CODE,TRAINING_ELIGIBLE,"CineWatch-owned source, test, governance, or engineering documentation",false
services/api/cinewatch_api/api/v1/media_authority.py,100644,e5b78323b1f66bdee90cb5f156b4d9b172df9731,1b5608674dbbf988f9d319a4b5313c2917b498c7087d4690a2e7ac7d4a106b6b,1591,39,Python,backend,SOURCE_CODE,TRAINING_ELIGIBLE,"CineWatch-owned source, test, governance, or engineering documentation",false
services/api/cinewatch_api/api/v1/news.py,100644,f249a38e0f4aa85bcb265cdf1b544ec194a4f805,3b09192a1ac95bcc532fbed78264fc51ae2e16d880e1c747c477af6a555f5431,1360,43,Python,backend,SOURCE_CODE,TRAINING_ELIGIBLE,"CineWatch-owned source, test, governance, or engineering documentation",false
services/api/cinewatch_api/api/v1/router.py,100644,8fdd28202d4b4313b67e3dd6b9b371b07e288d14,8a894c607623664e4a1f17a351bae6417f222c16f0c1a842bace45ac8adce810,1171,26,Python,backend,SOURCE_CODE,TRAINING_ELIGIBLE,"CineWatch-owned source, test, governance, or engineering documentation",false
services/api/cinewatch_api/api/v1/search.py,100644,a61a4fa3b818fa36f8f76d2fc9c3d0ee91608ea0,7ae191f37348e60ea1138721066962bed98144bbf3f529a5914725cb97ef0b42,1346,43,Python,backend,SOURCE_CODE,TRAINING_ELIGIBLE,"CineWatch-owned source, test, governance, or engineering documentation",false
services/api/cinewatch_api/api/v1/system.py,100644,82949fa6e292491d07310bbe5180c1f4075cb44c,90a0de3a51e92ecd9aef1a7ae43f86991fd8cf641f7b9a0ba0e062b964eb8ec2,476,18,Python,backend,SOURCE_CODE,TRAINING_ELIGIBLE,"CineWatch-owned source, test, governance, or engineering documentation",false
services/api/cinewatch_api/api/v1/trailer_library.py,100644,ada56376a83258e436748b6d3df90ccdac1e70dd,312d40d927c46978f241f7c190f0a07286734315ab51a9531e4da0738b42a87b,1576,20,Python,backend,SOURCE_CODE,TRAINING_ELIGIBLE,"CineWatch-owned source, test, governance, or engineering documentation",false
services/api/cinewatch_api/api/v1/voice.py,100644,c1eb39024bc2f47cc0a37bbf9d214cce5812ef54,93d348363e5d57b3464b8b51ea2175f47b7af95a143c9f5d4c76235d98dc7d92,1351,35,Python,backend,SOURCE_CODE,TRAINING_ELIGIBLE,"CineWatch-owned source, test, governance, or engineering documentation",false
services/api/cinewatch_api/application.py,100644,6d8983fe4b05c17b50c883d37183fc5244bc57e3,61b823ae1089439eeb58f09a27d7bdae51e6072e9effea2437316aa8b192c455,2141,66,Python,backend,SOURCE_CODE,TRAINING_ELIGIBLE,"CineWatch-owned source, test, governance, or engineering documentation",false
services/api/cinewatch_api/catalog/__init__.py,100644,a8af8465389e3e25159678b0611f1dc394330470,b6836f061a116c67e35195900fed4a49ddf223d51e376ca178e22895517dabb8,130,5,Python,backend,SOURCE_CODE,TRAINING_ELIGIBLE,"CineWatch-owned source, test, governance, or engineering documentation",false
services/api/cinewatch_api/catalog/directories.py,100644,20001267a636868645852e840b859a8494c6f9ff,fcf9a14dbbc96efa565e0dd14fc4a0188eae22efe0db3bccad588acac3a582da,8940,160,Python,backend,SOURCE_CODE,TRAINING_ELIGIBLE,"CineWatch-owned source, test, governance, or engineering documentation",false
services/api/cinewatch_api/catalog/service.py,100644,6bc0f9a39c5282834e43da88b196f10984d79380,a7b4e631c7ce8f328d51339bad355ca9ba174628748deed7691273059b9cd81b,58161,1237,Python,backend,SOURCE_CODE,TRAINING_ELIGIBLE,"CineWatch-owned source, test, governance, or engineering documentation",false
services/api/cinewatch_api/catalog/trailer_library.py,100644,5e427a08da2bab8ecf95ab8a16d9aa4b071cd16b,f62bcd0e517c3763d9fd09187fa308e9dda4f6739850381cd8a01fe928c0d14b,5264,77,Python,backend,SOURCE_CODE,TRAINING_ELIGIBLE,"CineWatch-owned source, test, governance, or engineering documentation",false
services/api/cinewatch_api/constants.py,100644,1654d7b61294a955c9c0e6a407b0d3d4371532c3,55be85a8870fd975642e6fe43c57fd290147749f455e597e40dd3fcc46cb8bef,126,5,Python,backend,SOURCE_CODE,TRAINING_ELIGIBLE,"CineWatch-owned source, test, governance, or engineering documentation",false
services/api/cinewatch_api/contracts/__init__.py,100644,170d7e5a3170a41e5ad74819e27ee4c9964ec72c,66e53a3930a5abaeb22ae5568af2aba50fcdb063e2ca3c5ffc6f1060d098c8c2,60,1,Python,backend,SOURCE_CODE,TRAINING_ELIGIBLE,"CineWatch-owned source, test, governance, or engineering documentation",false
services/api/cinewatch_api/contracts/catalog.py,100644,75a341e05daecc157427a4ed18c52c442ba63c50,a48a1260a308b5fd43bd21384960cebb2603da4913341496865f11192f691811,8977,242,Python,backend,SOURCE_CODE,TRAINING_ELIGIBLE,"CineWatch-owned source, test, governance, or engineering documentation",false
services/api/cinewatch_api/contracts/directories.py,100644,906805ced7b22aa1de3a62f6a688fe9c53aa00ad,e44fd01c7e218f8085a748b0d312cbf3a5dda4c66449fbe8ccfa9874c423406b,1653,53,Python,backend,SOURCE_CODE,TRAINING_ELIGIBLE,"CineWatch-owned source, test, governance, or engineering documentation",false
services/api/cinewatch_api/contracts/errors.py,100644,02ffc2f5999110cce4bfd72f137443f2904d287b,d780a2f7c61f2e3381e202efbfd928a0847afd5e8beb9ca403433d8cc5c454c3,317,17,Python,backend,SOURCE_CODE,TRAINING_ELIGIBLE,"CineWatch-owned source, test, governance, or engineering documentation",false
services/api/cinewatch_api/contracts/external.py,100644,aeb1f760d07a2ef5e35cc6a2d331d01fda462474,03a50a9590a6d5403da62ba00ec9a89971a611f41aa19ad46efa4834d8a16b8e,4229,117,Python,backend,SOURCE_CODE,TRAINING_ELIGIBLE,"CineWatch-owned source, test, governance, or engineering documentation",false
services/api/cinewatch_api/contracts/home.py,100644,075e3bd619f35b8d49013a201b2becaf6d8bada0,b04208a5ddbeaf6cbe58f39a224d8e8bbb7a44ea537c4c27591a3a0d7d48de7b,2490,80,Python,backend,SOURCE_CODE,TRAINING_ELIGIBLE,"CineWatch-owned source, test, governance, or engineering documentation",false
services/api/cinewatch_api/contracts/home_experience.py,100644,b80b94a54f5791fe83c2ad4c0928a9f89e806eba,3e54d99969a403e4420ccf8bd6dd0d8612a9e94ad214b8e786d408e3b1e97107,3838,118,Python,backend,SOURCE_CODE,TRAINING_ELIGIBLE,"CineWatch-owned source, test, governance, or engineering documentation",false
services/api/cinewatch_api/contracts/news.py,100644,54852087e7038784eb2f9a38f305bcb901479398,8783180fefe904961e0a699020408ea08418767a1082c610a5551894577aa8af,926,33,Python,backend,SOURCE_CODE,TRAINING_ELIGIBLE,"CineWatch-owned source, test, governance, or engineering documentation",false
services/api/cinewatch_api/contracts/search.py,100644,24d10abdaffa03b3ab43922e3a7000f309f05eed,c37ec9aaa49064833f29e4a478b2766a8e27e6919c178decffd7324a40641f74,974,29,Python,backend,SOURCE_CODE,TRAINING_ELIGIBLE,"CineWatch-owned source, test, governance, or engineering documentation",false
services/api/cinewatch_api/contracts/system.py,100644,aca67bda593d6f69278192624a5cbfbc7b310791,82b7d2d67a9b984c9b9b3460fef7abdea6c8f38401755a8801bd3628584d5f74,528,24,Python,backend,SOURCE_CODE,TRAINING_ELIGIBLE,"CineWatch-owned source, test, governance, or engineering documentation",false
services/api/cinewatch_api/contracts/trailer_library.py,100644,e2830a8735f80e72518d0ec5ecfebf784e59f090,9bba1d7c1bfb3cc69304c252735fbc44ff46f9935589eeb328d2405cc2932b0f,894,25,Python,backend,SOURCE_CODE,TRAINING_ELIGIBLE,"CineWatch-owned source, test, governance, or engineering documentation",false
services/api/cinewatch_api/contracts/voice.py,100644,ae1854442c0d87388ca8bfda97b2fd1754075b76,61f8d8c9081ef2b865c2c7a6bb5306406cd0ab36a05bf4e7d9eb02996ce7d692,1176,35,Python,backend,SOURCE_CODE,TRAINING_ELIGIBLE,"CineWatch-owned source, test, governance, or engineering documentation",false
services/api/cinewatch_api/database/__init__.py,100644,f606da465927ea123f8d51a873d3e21f300d33f6,4e6d71b14cdcf183f9a20154a153b1412aebf8af65b05d01531fcc37e60a2daf,526,19,Python,backend,SOURCE_CODE,TRAINING_ELIGIBLE,"CineWatch-owned source, test, governance, or engineering documentation",false
services/api/cinewatch_api/database/base.py,100644,1dadee3d5b9349c49287ed37f1d1b1222449ecdc,51a333b519ba51eb5d000a60c8a0d06508e1909c4b8103b2317c426b8ee5cd47,582,18,Python,backend,SOURCE_CODE,TRAINING_ELIGIBLE,"CineWatch-owned source, test, governance, or engineering documentation",false
services/api/cinewatch_api/database/engine.py,100644,240e5b6721176721ab1bb474a8b2bc74368481d6,d183e2d8653ad35ab0fb7f566b9c453a449b6baf26281f809f52f6e47d012255,524,17,Python,backend,SOURCE_CODE,TRAINING_ELIGIBLE,"CineWatch-owned source, test, governance, or engineering documentation",false
services/api/cinewatch_api/database/session.py,100644,54af05384f03611ec839b0a4b5d37f04c7b35982,f2cdf35da4a8a8c24ce8d768f460a9c84ba237b1492026748b78c9eb72f92a36,449,17,Python,backend,SOURCE_CODE,TRAINING_ELIGIBLE,"CineWatch-owned source, test, governance, or engineering documentation",false
services/api/cinewatch_api/database/url.py,100644,5ec59f703844f77dc87bd95801cc789e79124f5c,1440ebe2b28e6be3b9d2bb6884a0041338db975830343fc15e59c92a624eff08,1519,45,Python,backend,SOURCE_CODE,TRAINING_ELIGIBLE,"CineWatch-owned source, test, governance, or engineering documentation",false
services/api/cinewatch_api/errors.py,100644,280fda8d754ad33ab1318846da9e146f8390cf08,0a7906c95f2f3b526215d40cfbbe9bfc8a05b500e47940c9185032c638da178a,2348,73,Python,backend,SOURCE_CODE,TRAINING_ELIGIBLE,"CineWatch-owned source, test, governance, or engineering documentation",false
services/api/cinewatch_api/external/__init__.py,100644,2a1c7d9fcb32b5ada3a94c8eb3c2b9cbd677e760,4bc54cd512650477667507f33a0e9b815e6c583ef6012f1cbdba19737c83df4c,86,1,Python,backend,SOURCE_CODE,TRAINING_ELIGIBLE,"CineWatch-owned source, test, governance, or engineering documentation",false
services/api/cinewatch_api/external/service.py,100644,561693e5d5c2fa57231fca4d58f75a3e488b2f00,ee2f1ca28dbef012a296fd2ad33d0f7e80228180a92c81b2906bda4343b7d71c,16432,362,Python,backend,SOURCE_CODE,TRAINING_ELIGIBLE,"CineWatch-owned source, test, governance, or engineering documentation",false
services/api/cinewatch_api/home/__init__.py,100644,267d7279d2038b01b3e17f8bd16dcee6f0b4b48d,f7070892b621e840d3d75d1ebb11e6c3fa0284b59da9a88cf76b1041ead1e458,148,5,Python,backend,SOURCE_CODE,TRAINING_ELIGIBLE,"CineWatch-owned source, test, governance, or engineering documentation",false
services/api/cinewatch_api/home/aggregation.py,100644,5230f6492b8287e3c7cf06463663a051af88d1b8,bd4d87a39e09f52e2d723e0fc32ab73fcde56b4c012b4619e89512092a05f6d3,11528,358,Python,backend,SOURCE_CODE,TRAINING_ELIGIBLE,"CineWatch-owned source, test, governance, or engineering documentation",false
services/api/cinewatch_api/home/experience.py,100644,1c74149ce9420abf7d9c2195eef3a22e7c1d5d2d,e8d07c26c67c0e1ed2c5b86cf84eb7c05563511ff46bd516a690884261e16bb8,26967,685,Python,backend,SOURCE_CODE,TRAINING_ELIGIBLE,"CineWatch-owned source, test, governance, or engineering documentation",false
services/api/cinewatch_api/logging.py,100644,d766d2fd044bbf773c12e4477924e445c41358c5,1159c01ed13baa84c9ede39702fd1e1e46cbc9f63f2efde6d9525428357aa20d,1438,51,Python,backend,SOURCE_CODE,TRAINING_ELIGIBLE,"CineWatch-owned source, test, governance, or engineering documentation",false
services/api/cinewatch_api/main.py,100644,4d7f2b8579d63847114325e1c2042b42dbd39b12,b2bd1e63493c105d5f89a08aa871baea60b5ce8ad67f211bee3b87b8844205ce,111,5,Python,backend,SOURCE_CODE,TRAINING_ELIGIBLE,"CineWatch-owned source, test, governance, or engineering documentation",false
services/api/cinewatch_api/media/__init__.py,100644,4ef484d3aea0395de67300314b01b8a667509882,fe6e33dd716054029c341b2699f85c12c23d1a6905542840613bc038f7fd1770,41,1,Python,backend,SOURCE_CODE,TRAINING_ELIGIBLE,"CineWatch-owned source, test, governance, or engineering documentation",false
services/api/cinewatch_api/media/authority.py,100644,4baea756d799b1421bdbf0317dadfab783fe0fb8,87e8d5b86bc6f88b52f42fce072fa619a0ae653144bf343e55709cc4c9ec4be1,8308,152,Python,backend,SOURCE_CODE,TRAINING_ELIGIBLE,"CineWatch-owned source, test, governance, or engineering documentation",false
services/api/cinewatch_api/media/fallbacks.py,100644,990187c8a2279a1ef8a08a364e12c166fc756e7b,1365b3c294b36f0591d1b4a730241cf0f07a183b9f901739a87bf128afc00960,3197,95,Python,backend,SOURCE_CODE,TRAINING_ELIGIBLE,"CineWatch-owned source, test, governance, or engineering documentation",false
services/api/cinewatch_api/media/models.py,100644,a620144d6d5035cb2b84467489519aabf8182dd9,be2370235bbec31ae16da5eeed1ce76a921b9a68396a638ba7952e4143ae51f9,3104,59,Python,backend,SOURCE_CODE,TRAINING_ELIGIBLE,"CineWatch-owned source, test, governance, or engineering documentation",false
services/api/cinewatch_api/media/repository.py,100644,d0c65987bb271d1dde7aa5b8892ff40718e27699,c5965c70759890f66316765436a2020186c1d75d5b861cff02a5efc59ecfd258,2355,62,Python,backend,SOURCE_CODE,TRAINING_ELIGIBLE,"CineWatch-owned source, test, governance, or engineering documentation",false
services/api/cinewatch_api/middleware/__init__.py,100644,d35b2d5e0ea020ef24b157a4a230f775a96b24de,29136a55325a6d6d6a481e4df39fe1e252b21deb066513c816aae9ca88bc68df,61,1,Python,backend,SOURCE_CODE,TRAINING_ELIGIBLE,"CineWatch-owned source, test, governance, or engineering documentation",false
services/api/cinewatch_api/middleware/request_id.py,100644,2ca70da498de3a7071179f4c168ead44ec805476,24dcb3732bd6a14701933a1376f0682e88c65eae34b6b62255838b83e89d75c2,1405,43,Python,backend,SOURCE_CODE,TRAINING_ELIGIBLE,"CineWatch-owned source, test, governance, or engineering documentation",false
services/api/cinewatch_api/news/__init__.py,100644,5c3c96e0b6de188383a5d033b25ac6cb8b42eab7,f6e1f1969d572f2526971dfe1f5698614b50184784d47b4ba4acc90125900cd0,123,5,Python,backend,SOURCE_CODE,TRAINING_ELIGIBLE,"CineWatch-owned source, test, governance, or engineering documentation",false
services/api/cinewatch_api/news/service.py,100644,8c5331774c0ff2313746901fd439546fe6c72bce,16589ed8fcdc7af2d54f95c603b4d55facde27c1468971f3c118c9c32cd383ad,3279,94,Python,backend,SOURCE_CODE,TRAINING_ELIGIBLE,"CineWatch-owned source, test, governance, or engineering documentation",false
services/api/cinewatch_api/providers/__init__.py,100644,47133efa4e47721a2d1a0216eb252a32a6d72ce3,c701fa9a8d5d1a391a19a4726781c1e232265bb5ab625f0efd190fdb7667a345,60,1,Python,backend,SOURCE_CODE,TRAINING_ELIGIBLE,"CineWatch-owned source, test, governance, or engineering documentation",false
services/api/cinewatch_api/providers/apify.py,100644,8a71d63ed295d5e27a33bd0977664cf27847bf51,f1d08ab5d2f6a46e8f8e1dd98382a83c327ff43d94b783d38dbe6b7593bcb528,4445,112,Python,backend,SOURCE_CODE,TRAINING_ELIGIBLE,"CineWatch-owned source, test, governance, or engineering documentation",false
services/api/cinewatch_api/providers/errors.py,100644,0c483136e40172fb89b2d1df56d0d1175360c07c,3c4a80a5f425fa0873b4c6b6551e77ebb54a50c115b0818bccc4a8be45ca120f,1088,41,Python,backend,SOURCE_CODE,TRAINING_ELIGIBLE,"CineWatch-owned source, test, governance, or engineering documentation",false
services/api/cinewatch_api/providers/kinocheck.py,100644,50f219008ed6b90c835c3585eef09ba4b1257d75,7cbd6bec5a6197158f80e4f40831d9535bdff1e960752ebc81cc06ccc1964530,4197,107,Python,backend,SOURCE_CODE,TRAINING_ELIGIBLE,"CineWatch-owned source, test, governance, or engineering documentation",false
services/api/cinewatch_api/providers/newsapi.py,100644,88d8761a0ca8c39bc4e663424efd1aacf692165d,a27d104999c0706c9e6e089e5e5a83f9c50845d3883a6538194fe833e9659619,4725,128,Python,backend,SOURCE_CODE,TRAINING_ELIGIBLE,"CineWatch-owned source, test, governance, or engineering documentation",false
services/api/cinewatch_api/providers/omdb.py,100644,b0e1e07f3ce303a7a1d14479c3da19d71f77f497,633082b9a73574cc35484d1351cd25e4a710fb38268f6e32b546fa12a3811bc8,4311,113,Python,backend,SOURCE_CODE,TRAINING_ELIGIBLE,"CineWatch-owned source, test, governance, or engineering documentation",false
services/api/cinewatch_api/providers/stands4.py,100644,51c10666c6a309f3c17af350a05fc88de77902aa,e3365727839485ef4c9f6ca5868d63442ec25bca1a5e0df815f409fa0106d39a,4556,117,Python,backend,SOURCE_CODE,TRAINING_ELIGIBLE,"CineWatch-owned source, test, governance, or engineering documentation",false
services/api/cinewatch_api/providers/tmdb.py,100644,ac3e1f92f03beb343ff9e3209b84e473c469c614,83c62a0a6cf636872192e41aa764f8e9dd268ae99473a9d71783cceb9b223f14,4484,120,Python,backend,SOURCE_CODE,TRAINING_ELIGIBLE,"CineWatch-owned source, test, governance, or engineering documentation",false
services/api/cinewatch_api/providers/watchmode.py,100644,43e100e22fe3d5e01e552800f59adf5eace782fc,a793c3373fae3ecc056c4d7ece21aef0957ebcf9f330d4484bb2842f08a4af0c,4485,118,Python,backend,SOURCE_CODE,TRAINING_ELIGIBLE,"CineWatch-owned source, test, governance, or engineering documentation",false
services/api/cinewatch_api/search/__init__.py,100644,7f417766f98833f64dc1a53d94354781dc884a66,624b41b742615499ca874e8885c4cd6e08d53efcfb17caa9bbc4cf8437c132d0,130,5,Python,backend,SOURCE_CODE,TRAINING_ELIGIBLE,"CineWatch-owned source, test, governance, or engineering documentation",false
services/api/cinewatch_api/search/service.py,100644,7396a5dff153aed266d3c411d0232f3c74457193,076c2b681e98c12a8a59e092e9d6dd008ba1f75e8044f8a4d08e9f521d1ede58,8419,220,Python,backend,SOURCE_CODE,TRAINING_ELIGIBLE,"CineWatch-owned source, test, governance, or engineering documentation",false
services/api/cinewatch_api/settings.py,100644,695d788867b87c5133d4f686b14b4c88f9da7f7a,712f51d4fa99cb1d0dfbda17eaad732906445b4db7c1e4fad1637b1af20ac99d,2550,47,Python,backend,SOURCE_CODE,TRAINING_ELIGIBLE,"CineWatch-owned source, test, governance, or engineering documentation",false
services/api/cinewatch_api/voice/__init__.py,100644,d71c9e98d4d0e0e4e16177342d7722cab41684d8,2c130706a75fbe90b351ef8791d3aa7e91be41033678c8be485b23a4f4ec519b,118,5,Python,backend,SOURCE_CODE,TRAINING_ELIGIBLE,"CineWatch-owned source, test, governance, or engineering documentation",false
services/api/cinewatch_api/voice/service.py,100644,6b0acf9bebd2d789797d0b19cd33ad405011642f,1078dfe3224222abcf2d2f778328d7b98b2330d494b4e85292765a1ee433526f,3092,83,Python,backend,SOURCE_CODE,TRAINING_ELIGIBLE,"CineWatch-owned source, test, governance, or engineering documentation",false
services/api/migrations/env.py,100644,ec76e6d6f3957f41ec23bbc87a9d8b16e3861d95,07c2ac31779bc19c6e8cd83b060982360c8dc9beee4ebae1d9cfafdaab56f35c,1693,64,Python,backend,SOURCE_CODE,TRAINING_ELIGIBLE,"CineWatch-owned source, test, governance, or engineering documentation",false
services/api/migrations/script.py.mako,100644,5d6b69d65fda15fe4f617781eba3119dc3c72344,27391b668cbc4b50f443009112940d8afe5221c649fa6238c27bb6ed1e0de679,596,25,Mako,backend,REPOSITORY_SOURCE,TRAINING_ELIGIBLE,"CineWatch-owned source, test, governance, or engineering documentation",false
services/api/migrations/versions/0001_postgresql_migration_foundation.py,100644,190fc8a56fc041ab3feaf7cf106e665e1d325de3,825df3544d866509a0e58a6af0d83a1498aa41560b6a45776f4f8013c32ea675,569,25,Python,backend,SOURCE_CODE,TRAINING_ELIGIBLE,"CineWatch-owned source, test, governance, or engineering documentation",false
services/api/migrations/versions/0002_missing_media_authority.py,100644,b84be5efb1bf4d1261e4e53f6744978380da904f,6159686c9c60dcc6b3abdb6e3b63eafdd8ad0cecf11d4090bb22b3b58ebeec9f,3326,60,Python,backend,SOURCE_CODE,TRAINING_ELIGIBLE,"CineWatch-owned source, test, governance, or engineering documentation",false
services/api/pyproject.toml,100644,5998f1f0f82f70078bfebb28d26aaad04d36245f,c65911532ef5fff2a4e68e2968d1e0cca77bb5ba51c276be78e46d31d5d2de6e,972,49,TOML,backend,REPOSITORY_SOURCE,TRAINING_ELIGIBLE,"CineWatch-owned source, test, governance, or engineering documentation",false
services/api/tests/__init__.py,100644,79e31e482cb43a23421e59ca5ac580d0324fbcad,5537b8b06c8ffac0258c558de0aee5a077b7bdd92db860db9eb7eaca8f28d1bb,38,1,Python,backend,SOURCE_CODE,TRAINING_ELIGIBLE,"CineWatch-owned source, test, governance, or engineering documentation",false
services/api/tests/conftest.py,100644,ec65af14a2198fd00be20cfbf5ba4d9ea83b40df,9f1df859362d3edcaedb0566edd17449a2a8ed76ea812acdbfe1cd1ce5051c76,549,23,Python,backend,SOURCE_CODE,TRAINING_ELIGIBLE,"CineWatch-owned source, test, governance, or engineering documentation",false
services/api/tests/test_catalog_endpoint.py,100644,17792eb8b5ea5a5627709d1fe386434dd8d3cef6,e02498ea4c836327a1535e843b9df9d38a349cb90bfaf60335032995153b57d7,1983,37,Python,backend,SOURCE_CODE,TRAINING_ELIGIBLE,"CineWatch-owned source, test, governance, or engineering documentation",false
services/api/tests/test_catalog_service.py,100644,49dbd41769d978c1c1b4da92c7b05b4fd2b30df1,d21f963bf62ed2e43277e176f580e30aa41f7049a3567c4f4de0fe2b87436d94,15464,330,Python,backend,SOURCE_CODE,TRAINING_ELIGIBLE,"CineWatch-owned source, test, governance, or engineering documentation",false
services/api/tests/test_contract_snapshot.py,100644,da975a020c7f49cf177fed79687e9a585b7c18ac,2bcb2b65956666a5f14ff70405968b18bd8e30d304a5b71e5caaa2e89150e76a,508,16,Python,backend,SOURCE_CODE,TRAINING_ELIGIBLE,"CineWatch-owned source, test, governance, or engineering documentation",false
services/api/tests/test_database_foundation.py,100644,9c95b90cf8e7653cc1803077995750a6a0264cfb,1ce965a7df22be094770ddfe669167269e9395718ce7606cee9c1240cb13089e,1672,57,Python,backend,SOURCE_CODE,TRAINING_ELIGIBLE,"CineWatch-owned source, test, governance, or engineering documentation",false
services/api/tests/test_discovery_directories.py,100644,7abc432757760d55c595b25a181371640e3f88e6,9bcb5e6a5d58eb7fb9fac9144515cbb27c480a9eee33f8c0be787afa0d419b62,2943,48,Python,backend,SOURCE_CODE,TRAINING_ELIGIBLE,"CineWatch-owned source, test, governance, or engineering documentation",false
services/api/tests/test_errors.py,100644,b13f8addf4775a115608d8e8da1e70a13c3437b4,02fc129d29cfb3f96cae0f85a10fc3f97793fde12677916adf2a2258039078fe,1664,53,Python,backend,SOURCE_CODE,TRAINING_ELIGIBLE,"CineWatch-owned source, test, governance, or engineering documentation",false
services/api/tests/test_external_provider_clients.py,100644,e03b94035a4fd493f6d929cb8903de3b2012d9d2,ffee349f0cbd3f67315f7412d5b3f961cd36539a941e0484c2e0f6e98d2b675e,3671,90,Python,backend,SOURCE_CODE,TRAINING_ELIGIBLE,"CineWatch-owned source, test, governance, or engineering documentation",false
services/api/tests/test_external_service.py,100644,26d0bd42c3d02ea1ce51743f8796c6818792035c,08be7c2ef07227ecbc1784b33d47e54613ecaad7419c5cf3285d89ae7132f68d,10292,243,Python,backend,SOURCE_CODE,TRAINING_ELIGIBLE,"CineWatch-owned source, test, governance, or engineering documentation",false
services/api/tests/test_home_aggregation.py,100644,b67fb3dbf804d57aaa8f33b5c91d72c20880699d,ce3e81ee964c3ee75fe0feaee196f5ac015398223db229dbb25d88169adb67f4,5783,175,Python,backend,SOURCE_CODE,TRAINING_ELIGIBLE,"CineWatch-owned source, test, governance, or engineering documentation",false
services/api/tests/test_home_endpoint.py,100644,c96779b81d2b0d376ded13ecff9e0133df3da862,bb0b4187d3d2792ac2f6e153d2a47e36ebde43a2c43935d42905c6912ee9c831,2188,70,Python,backend,SOURCE_CODE,TRAINING_ELIGIBLE,"CineWatch-owned source, test, governance, or engineering documentation",false
services/api/tests/test_home_experience.py,100644,953e4ef462f7a8ec7b7ee5e19e76d08c43f61e51,1714634fef80e277ad6f8cb60676b74563ea6543a866bc8e161d2fe40a008fd1,8041,230,Python,backend,SOURCE_CODE,TRAINING_ELIGIBLE,"CineWatch-owned source, test, governance, or engineering documentation",false
services/api/tests/test_home_experience_endpoint.py,100644,6ff2ec85ade1294662cdd37ec960cda28c6d3204,fdd1171adc156f32f8668b1469107ab84c848c6272e0762d6c08edc5e90e40c6,2819,92,Python,backend,SOURCE_CODE,TRAINING_ELIGIBLE,"CineWatch-owned source, test, governance, or engineering documentation",false
services/api/tests/test_media_authority.py,100644,18b907e812a6d62f5bcf24f746d4adfef184670b,d241ab7389bf0ed0b6194b69731cedcfbdc413edb8060d2ea7409e73f79009d1,2973,78,Python,backend,SOURCE_CODE,TRAINING_ELIGIBLE,"CineWatch-owned source, test, governance, or engineering documentation",false
services/api/tests/test_media_fallbacks.py,100644,cdae3d4efa4826205fbd4380f4f5089bfcb299af,4c159e0d8069db8ce2af70f83130d130fd7c1b62b1c58acad497d346745523b7,882,25,Python,backend,SOURCE_CODE,TRAINING_ELIGIBLE,"CineWatch-owned source, test, governance, or engineering documentation",false
services/api/tests/test_migration_foundation.py,100644,49cf572ad4bc80b26744e9374892dc2487c5db41,3cceb6f022bf42294021cfd19d3718f383ecaf59d914713e3d648de211ea75ee,1052,34,Python,backend,SOURCE_CODE,TRAINING_ELIGIBLE,"CineWatch-owned source, test, governance, or engineering documentation",false
services/api/tests/test_news_provider.py,100644,38b8b36637b8fdf9968ecdeb0df48ec5efa92459,1abfc05f3aa4da4fb3b0758ded69b855d660d085afe7b76066d24fa040fd6417,898,25,Python,backend,SOURCE_CODE,TRAINING_ELIGIBLE,"CineWatch-owned source, test, governance, or engineering documentation",false
services/api/tests/test_news_service.py,100644,3a04c3eacc661da49f424673819e4b7ffd3e523f,41eac1cda181dc7d03c76f910015e394d7fcf5f406993fe557436974a5eaf856,1350,38,Python,backend,SOURCE_CODE,TRAINING_ELIGIBLE,"CineWatch-owned source, test, governance, or engineering documentation",false
services/api/tests/test_openapi.py,100644,088a76ea191728973e5cf3a4e4918235841ca8bc,4cae58c9de93332d16256edd3dc9de7124beea59dad17dc1b8815e28fd6b7635,723,25,Python,backend,SOURCE_CODE,TRAINING_ELIGIBLE,"CineWatch-owned source, test, governance, or engineering documentation",false
services/api/tests/test_provider_clients.py,100644,cacbb182e6296c151dfa0e096581ac971dd669e8,36748d29adf235e99966c250e872b6bc9e79386c86fe5b491bb57052a5b56f99,3294,91,Python,backend,SOURCE_CODE,TRAINING_ELIGIBLE,"CineWatch-owned source, test, governance, or engineering documentation",false
services/api/tests/test_provider_settings.py,100644,58b44a45af3a3b49ff9ff3cfb3749e9eb6dd1ba9,aee0e16c733b3b218e52b0ba1f4d8ca8877b6ec84451d8a33408a4e112cf6700,668,18,Python,backend,SOURCE_CODE,TRAINING_ELIGIBLE,"CineWatch-owned source, test, governance, or engineering documentation",false
services/api/tests/test_request_id.py,100644,1a2483a0d0f6b31b46e89bed34e313d487a2e1ae,3c642ceeedcee50f469ceb6b4ae7eebde695b0a5ae285af9b7541cbdca17ce16,618,17,Python,backend,SOURCE_CODE,TRAINING_ELIGIBLE,"CineWatch-owned source, test, governance, or engineering documentation",false
services/api/tests/test_search_service.py,100644,6c36d1ef9ae3f26e60d66fa0b5eb92c2f2a02c65,976ef6a0e3f3d4625015c79c93bf823a0d0b6dc2aa8f0e13830f2f7dd93b22b9,2261,55,Python,backend,SOURCE_CODE,TRAINING_ELIGIBLE,"CineWatch-owned source, test, governance, or engineering documentation",false
services/api/tests/test_settings.py,100644,ec7b4a2b358834d1d9021f231001906d1327eeac,23a26ce9e97791a6c50e223da016a8b3d5bfa74dbb3857b418dfdf5c4a368cf6,538,17,Python,backend,SOURCE_CODE,TRAINING_ELIGIBLE,"CineWatch-owned source, test, governance, or engineering documentation",false
services/api/tests/test_system_endpoints.py,100644,882e59531dba258c99f564de6744dbdd9a9e4f67,177054f85c1d4d5b5b495ea21c295fe536b515f67eca8788a4b937e28a8e92fc,764,26,Python,backend,SOURCE_CODE,TRAINING_ELIGIBLE,"CineWatch-owned source, test, governance, or engineering documentation",false
services/api/tests/test_trailer_navigation.py,100644,1dd00cda79a12a2d4065ec067e76f6f5a96b4db7,3de6c423fdec7b907f6144c6d17f169baff8fe96d06b3046ad3fd78566065441,6423,136,Python,backend,SOURCE_CODE,TRAINING_ELIGIBLE,"CineWatch-owned source, test, governance, or engineering documentation",false
services/api/tests/test_voice_staging.py,100644,48701614eb7038ec1698e03fdc643b2636ab7c27,b21eb9add009b71f570c9365969f585dce461f3b5dbdfaf0ce40d98ab7b810fd,2008,57,Python,backend,SOURCE_CODE,TRAINING_ELIGIBLE,"CineWatch-owned source, test, governance, or engineering documentation",false
tests/README.md,100644,be2f843e61c45f7f3447bc93e7388ab71020c8d5,bb2ddc9b7252026ad204d56ff6f5c7c3e4d6f0f2434e2cc661b0ea86aea6761c,524,7,Markdown,tests,TEST,TRAINING_ELIGIBLE,"CineWatch-owned source, test, governance, or engineering documentation",false
tests/repository/test_a3_master_geometry_parameterization.py,100644,d523b354c4d1984b0d0ffa6db6136fa8182d8c7f,50e74010f846374ec50d536a6c2aa77bb74f6d07879b1a5f14097a2ad8ddac2b,812,29,Python,tests,TEST,TRAINING_ELIGIBLE,"CineWatch-owned source, test, governance, or engineering documentation",false
tests/repository/test_backend_skeleton.py,100644,61ec9137586da9a3e659a633bf21b1ed2ee5e8b6,30dae9b5bd2e7b16a126f263ec5304781561cad4fee46e32751e929e35e000fe,599,22,Python,tests,TEST,TRAINING_ELIGIBLE,"CineWatch-owned source, test, governance, or engineering documentation",false
tests/repository/test_brand_streaming_signature_selection.py,100644,5b30f02ee1fb9523580fd0d253d1ed44e644257b,94f3dfe831a7537a126d30e4fc1ac3ca72d7f4ad38facb4d262352ff37f855b1,816,29,Python,tests,TEST,TRAINING_ELIGIBLE,"CineWatch-owned source, test, governance, or engineering documentation",false
tests/repository/test_catalog_experience.py,100644,945b9a41ff804b912ec37d0b474e7c37446f7f48,bf5df3f1316fae78ec6e849378e66cf59df13b4229f9b3937b46e8404b441c92,796,26,Python,tests,TEST,TRAINING_ELIGIBLE,"CineWatch-owned source, test, governance, or engineering documentation",false
tests/repository/test_ci_security_quality.py,100644,e3a532bf731e1e29491cdd3ab425f82e568f1909,5600946eff5d4efe5958af50824d610df3d930418d9cd44257a572f53aae7fb0,782,29,Python,tests,TEST,TRAINING_ELIGIBLE,"CineWatch-owned source, test, governance, or engineering documentation",false
tests/repository/test_contract_foundation.py,100644,4d10fa025cb1f3e48a1847744a1ede9bfe0515ff,9004034019fbc27a0da0924c594b7f83b43c484f1e907b277b27aba92d19c777,766,28,Python,tests,TEST,TRAINING_ELIGIBLE,"CineWatch-owned source, test, governance, or engineering documentation",false
tests/repository/test_database_foundation.py,100644,5f2cec48e11ffa1623628a633d696e6ff54a3f4c,e5def7808aa86ffa89a3727b500c8b1a5652a855932e963d41fafd206d3df91f,983,28,Python,tests,TEST,TRAINING_ELIGIBLE,"CineWatch-owned source, test, governance, or engineering documentation",false
tests/repository/test_dependency_security_evidence_eligibility.py,100644,c56b72a7aad3d2847da21a696289f7db17b6e6f4,7e9545e146778ff18993e5b61486669055132965f100eb6d04aac6f41a7bb18c,1068,20,Python,tests,TEST,TRAINING_ELIGIBLE,"CineWatch-owned source, test, governance, or engineering documentation",false
tests/repository/test_engineering_chronicle.py,100644,209e03b1dcfee7b3fb24d58ce52ef4351a321741,1428b867d4863d0d7e1b0f4848016c0dfc20f933f7289288f2e2b13e7df9a119,720,24,Python,tests,TEST,TRAINING_ELIGIBLE,"CineWatch-owned source, test, governance, or engineering documentation",false
tests/repository/test_frontend_skeleton.py,100644,14bf9a87bc158b28c8bc4d8aba6ff28815174a60,547727df89b9edee40cedb8ae534782c8e3b8fa9960f7ad104134e0f1484f706,713,25,Python,tests,TEST,TRAINING_ELIGIBLE,"CineWatch-owned source, test, governance, or engineering documentation",false
tests/repository/test_homepage_data_foundation.py,100644,a79248b3f0a35310c83ddde074e466ebe04ef9ca,2b6aa63267a03dcfcb56e950a30a389ee05f0faa65cc0035cc2f445211de3171,729,27,Python,tests,TEST,TRAINING_ELIGIBLE,"CineWatch-owned source, test, governance, or engineering documentation",false
tests/repository/test_homepage_experience.py,100644,9e95b90976e18cd605e1c8d26d1d9d1e37def395,9f1116f2fff4d539c1348d0fac6a09e299d62d34ca5b8ddba5690403290d64e9,803,26,Python,tests,TEST,TRAINING_ELIGIBLE,"CineWatch-owned source, test, governance, or engineering documentation",false
tests/repository/test_nexvox_ci_checkout_history.py,100644,7f5a497e06dc91c52214d3935ef2988feb358711,7389eebcc82c2f89b6ac8f3c1e36fb395a8d256c5cf0bde47ed2e30000b1ac78,1385,37,Python,tests,TEST,TRAINING_ELIGIBLE,"CineWatch-owned source, test, governance, or engineering documentation",false
tests/repository/test_nexvox_engineering_corpus.py,100644,da4cf90fefeb2a15513cfeacc666298a48472731,908ab26d47ea1faff3e87e672b61078160394b4c950bd7c1116e4df53428a84a,1820,50,Python,tests,TEST,TRAINING_ELIGIBLE,"CineWatch-owned source, test, governance, or engineering documentation",false
tests/repository/test_production_brand_assets.py,100644,ed514c800d7a6f2e6c8fb0f5aa03074459072ec6,b7f1084515b415772c78077e3526bf9dabc9dcb23e519a886a12e3f268d04fb1,805,28,Python,tests,TEST,TRAINING_ELIGIBLE,"CineWatch-owned source, test, governance, or engineering documentation",false
tests/repository/test_provider_runtime.py,100644,47e319d5f50d6cd6039e063f0dbdd1a152e456d6,391ca0af66e47cf61bae7b6befd47c5410eafad57549b3c4ff1014226b50146a,716,27,Python,tests,TEST,TRAINING_ELIGIBLE,"CineWatch-owned source, test, governance, or engineering documentation",false
tests/repository/test_refinement_regression.py,100644,882a41695544cdeb8c23f13ef73b25e68f029f84,d5a241b051e9180fcf36fa16b52a0b0259f0ea01819968346579d3846746dbde,715,25,Python,tests,TEST,TRAINING_ELIGIBLE,"CineWatch-owned source, test, governance, or engineering documentation",false
tests/repository/test_repository_tree.py,100644,ab47b2786f61d784a8ae11bad7c45cc9dd717efa,a37abdf96d1cf965ad0cd18f9b65545704df0db8e01831dae8c19ffc5527d529,596,22,Python,tests,TEST,TRAINING_ELIGIBLE,"CineWatch-owned source, test, governance, or engineering documentation",false
tests/repository/test_ssm_evidence_eligibility.py,100644,1a888667709e8733015f2a9a007400321e5ab7aa,5de9bcf2af9196243ce2cbbbab4d611cf3ef57d1dc6f446c61a69a6415c32036,1007,20,Python,tests,TEST,TRAINING_ELIGIBLE,"CineWatch-owned source, test, governance, or engineering documentation",false
tests/repository/test_termux_linux_workflow.py,100644,6ad974bc0af2c7a1abf3a8f40665931f6e6b2224,e0febded5e9946a5e2cb1c863989e4da93688337f4d1efcc913b8eac406ee2d5,788,29,Python,tests,TEST,TRAINING_ELIGIBLE,"CineWatch-owned source, test, governance, or engineering documentation",false
