version_id,commit,commit_sequence,status,path,blob_sha,sha256,bytes,line_count,training_eligibility,eligibility_reason
CWTV-FVER-000001,56c4ffd711615d94a50d213387a74ce5acd36d09,1,A,.editorconfig,d91a18cdee4c3bee98db2f9ccac86955713a6e34,1779e61b8c5d3f0a4806c26100b33e40c12ca0226a8e094c6b65b5eb02b73d60,285,18,TRAINING_ELIGIBLE,"CineWatch-owned source, test, governance, or engineering documentation"
CWTV-FVER-000002,56c4ffd711615d94a50d213387a74ce5acd36d09,1,A,.env.example,c5bb1907e1ecf13b2300a55cc5dc7bb5f4feedb1,6f4221b2105e934c423060451a4f1cd9015cc7eabdfddfe0b25114c6f263dc15,580,19,TRAINING_ELIGIBLE,"CineWatch-owned source, test, governance, or engineering documentation"
CWTV-FVER-000003,56c4ffd711615d94a50d213387a74ce5acd36d09,1,A,.gitattributes,9c975cdbd2edde393517ce4d52b2ea8aa3c4562d,558f099fc44a26c2c4817ac26c0095c9d1d010a5cf47cfea60b8d304f3e46ad8,338,19,TRAINING_ELIGIBLE,"CineWatch-owned source, test, governance, or engineering documentation"
CWTV-FVER-000004,56c4ffd711615d94a50d213387a74ce5acd36d09,1,A,.gitignore,8056a2dd6038c18ca4107df735d9185c85e9ba25,b1c9b271218954a83f8d13a4495ebc532ad6f679e33f72fe71eb47e33c35c355,848,83,TRAINING_ELIGIBLE,"CineWatch-owned source, test, governance, or engineering documentation"
CWTV-FVER-000005,56c4ffd711615d94a50d213387a74ce5acd36d09,1,A,README.md,57888c0fd660667eab89644cb887ba008fe7b212,8b6a7d631576e7bf358ac8414c50943daf63e1142abb2e6abbeda1db8793c287,4261,86,TRAINING_ELIGIBLE,"CineWatch-owned source, test, governance, or engineering documentation"
CWTV-FVER-000006,56c4ffd711615d94a50d213387a74ce5acd36d09,1,A,docs/blueprints/CineWatch_Tv_V1_Blueprint_001.md,a25e92a4e32599de4bb1c68c5d4460eb518dd462,f3c2ff7ec21de3998605e1a69fb42f7ade891ca6e2fdc3bdea11b46efc389994,35606,1477,TRAINING_ELIGIBLE,"CineWatch-owned source, test, governance, or engineering documentation"
CWTV-FVER-000007,56c4ffd711615d94a50d213387a74ce5acd36d09,1,A,docs/blueprints/CineWatch_Tv_V1_Blueprint_001.pdf,53bd5db0af9716943ecf8e432cdeb230edcd89b7,11be70aa7519ed32128343f862e15deb969744306155b0cf92edcb131a66cdb3,234471,,REFERENCE_ONLY,canonical/reference/generated artifact retained for provenance but excluded from training text
CWTV-FVER-000008,56c4ffd711615d94a50d213387a74ce5acd36d09,1,A,docs/governance/CineWatch_TV_V1_API_Content_Rights_Qualification_Register_001.md,3ad61e3426d4f54ce6686e19a79f926262af35f6,9cbb3d718b888d4a1b259b75ff73a5a298eaff02286e9fc31e34e8c3c3116dc8,14997,452,TRAINING_REVIEW_REQUIRED,contains external/provider research or rights evidence requiring record-level review
CWTV-FVER-000009,fd6e8855b4ddd80feba561bfb22c47380a618f85,2,A,docs/architecture/CineWatch_TV_V1_Engineering_Architecture_Selection_001.md,b44dd3113c21d372670f0ea12733aeb74e0c7184,d474ecbe11dada2566fadec8d583ee0105de4b20c70882f24ec4abd919cc7dd0,13637,377,TRAINING_ELIGIBLE,"CineWatch-owned source, test, governance, or engineering documentation"
CWTV-FVER-000010,d050344387a963e0c3336a010fcef1ab7644eadd,3,M,.editorconfig,89ec8d46c5f8139fda0d8b2eb8508c6c94d5169a,b5d47ae054588234e5fd91512b639b629c0425649fdfe102aae606f172e8e4e5,284,18,TRAINING_ELIGIBLE,"CineWatch-owned source, test, governance, or engineering documentation"
CWTV-FVER-000011,d050344387a963e0c3336a010fcef1ab7644eadd,3,A,.npmrc,4b5b2197dc15bcb9361519ad8c09ad8917b15aa3,3bb96a1a78db16d68bba21839331014b71697da669718bde6644bf736fdf5068,64,4,TRAINING_ELIGIBLE,"CineWatch-owned source, test, governance, or engineering documentation"
CWTV-FVER-000012,d050344387a963e0c3336a010fcef1ab7644eadd,3,A,.nvmrc,ca5c350055ccb6dacb495a786f60c8232abed8f2,55075b5ec4e8b31936cbbc282b8829116d1fd48f2f2f1856dee592a6650700ce,8,1,TRAINING_ELIGIBLE,"CineWatch-owned source, test, governance, or engineering documentation"
CWTV-FVER-000013,d050344387a963e0c3336a010fcef1ab7644eadd,3,A,.python-version,3f0a10fda703c327eb329f869a19cc5cc05af521,3a55324cbeddc91df012407d051dad08c88624c95a82fbdb856728729fbd14ab,7,1,TRAINING_ELIGIBLE,"CineWatch-owned source, test, governance, or engineering documentation"
CWTV-FVER-000014,d050344387a963e0c3336a010fcef1ab7644eadd,3,M,README.md,e30017f78c169d0544c00650d83806d13ea1fd55,2b51fbe0fcc07f3ce3b6b89d22b3ce9d9ff9574b6e82a89c7c25f540eeeb2f20,4972,103,TRAINING_ELIGIBLE,"CineWatch-owned source, test, governance, or engineering documentation"
CWTV-FVER-000015,d050344387a963e0c3336a010fcef1ab7644eadd,3,A,apps/web/README.md,5840889408d5cdbb537897a32a458c681aa81646,d590eff28f8170e264defa788b574a2b6b17b61ba13cca5f319694f87b3ab2f8,433,7,TRAINING_ELIGIBLE,"CineWatch-owned source, test, governance, or engineering documentation"
CWTV-FVER-000016,d050344387a963e0c3336a010fcef1ab7644eadd,3,A,apps/web/package.json,2e41ae4d3e82f07e988f11e8c6bb70f045424868,3e3da00aab4d17bc6e6828995218fff53245455c50f67cc6b402142698b5345f,287,12,TRAINING_ELIGIBLE,"CineWatch-owned source, test, governance, or engineering documentation"
CWTV-FVER-000017,d050344387a963e0c3336a010fcef1ab7644eadd,3,A,docs/architecture/CineWatch_TV_V1_Repository_Tree_and_Toolchain_Foundation_001.md,00d2e993857fc53d168a1436676b6d111c2c1780,c82cfea3ee9a02d9f4fb366aee3ebef1730ba0e6afcb1cb9aa875d9875a01695,6485,182,TRAINING_ELIGIBLE,"CineWatch-owned source, test, governance, or engineering documentation"
CWTV-FVER-000018,d050344387a963e0c3336a010fcef1ab7644eadd,3,A,docs/architecture/decisions/CWTV_ADR_0001_Repository_Service_Boundary_Naming.md,13050bff82b8a81c0fb9090d2c3cb7f8e96ab914,7292929d5a5625520153cd2993ea47d665ca6891407bb80d7af0de1ba8ece22c,1512,44,TRAINING_ELIGIBLE,"CineWatch-owned source, test, governance, or engineering documentation"
CWTV-FVER-000019,d050344387a963e0c3336a010fcef1ab7644eadd,3,A,package-lock.json,62f0b3bd0bcfafcb4af1817fa32605d14dac3fab,92c8b764d391d910266f610ff9800b8788d4d4d346703a900e7a8146b59aff50,1003,47,REFERENCE_ONLY,canonical/reference/generated artifact retained for provenance but excluded from training text
CWTV-FVER-000020,d050344387a963e0c3336a010fcef1ab7644eadd,3,A,package.json,05b88c59cc70c7d5cb0c0227d2c0a54d15638838,2f697901a59d90d43a59f24f0b53359c26fb93589c50a312f38e4692d6d1f515,609,22,TRAINING_ELIGIBLE,"CineWatch-owned source, test, governance, or engineering documentation"
CWTV-FVER-000021,d050344387a963e0c3336a010fcef1ab7644eadd,3,A,packages/contracts/README.md,543fe012b74314be4c01498699a838d9053dad97,cecdef7823922925922e9bba37a593adeba8be8b3245a5f81eb61d7c46fe2d1f,387,7,TRAINING_ELIGIBLE,"CineWatch-owned source, test, governance, or engineering documentation"
CWTV-FVER-000022,d050344387a963e0c3336a010fcef1ab7644eadd,3,A,packages/contracts/package.json,8c35fa733ce6e5679d3eeb267716eb2602ccc89a,18890f3ab3139e2f37d2b85aa81c9413ceb8cfb29c3fe8e75de075417aa839f3,316,12,TRAINING_ELIGIBLE,"CineWatch-owned source, test, governance, or engineering documentation"
CWTV-FVER-000023,d050344387a963e0c3336a010fcef1ab7644eadd,3,A,scripts/README.md,a6193bb94390e9d275b40d33f1a4dcba0751ef99,c28a304b6c8a87b75f89705c57ffd6886a40f93020d5b6b05784decc49e2a8c3,302,5,TRAINING_ELIGIBLE,"CineWatch-owned source, test, governance, or engineering documentation"
CWTV-FVER-000024,d050344387a963e0c3336a010fcef1ab7644eadd,3,A,scripts/check_repository_tree.py,2565b59879dcfef0a768e125ba2ecb7a2f712394,d029d8053800fe40863e095b77749e2d23085ba514489c4d41bff78775315be9,4015,116,TRAINING_ELIGIBLE,"CineWatch-owned source, test, governance, or engineering documentation"
CWTV-FVER-000025,d050344387a963e0c3336a010fcef1ab7644eadd,3,A,scripts/check_runtime.sh,baf0be3b437ceef601fc5bb8c395ee7cc960539d,aff0769a5332825e470a3f0e6dab55bd8a22ad16d926f1193075051547aa7967,1454,47,TRAINING_ELIGIBLE,"CineWatch-owned source, test, governance, or engineering documentation"
CWTV-FVER-000026,d050344387a963e0c3336a010fcef1ab7644eadd,3,A,services/api/README.md,d1f9a306264bd4ec2dd98fc9e63974e161a86984,1f961b807aacfdeffca20a2366b86604bc55f6d0c65b54d272f60aa1f23ff368,446,7,TRAINING_ELIGIBLE,"CineWatch-owned source, test, governance, or engineering documentation"
CWTV-FVER-000027,d050344387a963e0c3336a010fcef1ab7644eadd,3,A,services/api/pyproject.toml,f2fe0e6ae21b5a2d5938dd403d27da7d683a78d1,f5e1867a39238fbdce468bf82f50832d7fb4dbc5fde97403393664a83033a7d9,365,17,TRAINING_ELIGIBLE,"CineWatch-owned source, test, governance, or engineering documentation"
CWTV-FVER-000028,d050344387a963e0c3336a010fcef1ab7644eadd,3,A,tests/README.md,6cc0248c4b3fe5c50756516c84fd72d4daac72c9,2289754771a88f278299b951cd737112f32f91ab63c056b6c0de80b2ab4e0ad4,295,5,TRAINING_ELIGIBLE,"CineWatch-owned source, test, governance, or engineering documentation"
CWTV-FVER-000029,d050344387a963e0c3336a010fcef1ab7644eadd,3,A,tests/repository/test_repository_tree.py,ab47b2786f61d784a8ae11bad7c45cc9dd717efa,a37abdf96d1cf965ad0cd18f9b65545704df0db8e01831dae8c19ffc5527d529,596,22,TRAINING_ELIGIBLE,"CineWatch-owned source, test, governance, or engineering documentation"
CWTV-FVER-000030,c0324fc80fedca08a7a0fa41cb9adef7e7575869,4,M,.env.example,a52e854e4a4fb5a699421450ad27cc0fbd5b2fa2,88ce0be0381edfb68f51922e7f08095e714ec9988f8aeecf0e6fb8d838b42ffd,676,21,TRAINING_ELIGIBLE,"CineWatch-owned source, test, governance, or engineering documentation"
CWTV-FVER-000031,c0324fc80fedca08a7a0fa41cb9adef7e7575869,4,A,docs/architecture/CineWatch_TV_V1_Backend_Service_Skeleton_001.md,f838854b62e2561950959239364414af2fc52658,e3f738c4906bfd9b2403760538b683b0b272f689758ce5f118e138666cd99b89,3724,87,TRAINING_ELIGIBLE,"CineWatch-owned source, test, governance, or engineering documentation"
CWTV-FVER-000032,c0324fc80fedca08a7a0fa41cb9adef7e7575869,4,A,docs/architecture/decisions/CWTV_ADR_0002_Backend_System_Endpoints_and_Request_Identity.md,93f2c3498e6f400fbb416daffd9d2532b4563a39,104c72a2059a9db1af8d555f59e1c100e5294b7ff83857f89570db758a9f1aca,1043,22,TRAINING_ELIGIBLE,"CineWatch-owned source, test, governance, or engineering documentation"
CWTV-FVER-000033,c0324fc80fedca08a7a0fa41cb9adef7e7575869,4,M,scripts/README.md,7b2174ca131ac609705e890a7adbf0f330b8b25e,8f31a3986ebba534ca637caaad39eb4fd7e08ff3ebdeb1e87204d08dd7d80a91,622,10,TRAINING_ELIGIBLE,"CineWatch-owned source, test, governance, or engineering documentation"
CWTV-FVER-000034,c0324fc80fedca08a7a0fa41cb9adef7e7575869,4,A,scripts/check_backend_runtime.sh,2a266385fa924eb9b217c4b4c19ce6aee2693d89,71da54e877d43eed3e43442226ce83a3f2e921cbec78def0c713eea5037af714,2609,94,TRAINING_ELIGIBLE,"CineWatch-owned source, test, governance, or engineering documentation"
CWTV-FVER-000035,c0324fc80fedca08a7a0fa41cb9adef7e7575869,4,A,scripts/check_backend_skeleton.py,42bedf5d5904886b99e9cc8e5f78e8360c0598ec,875774761cef25922e594a53c94ff621340019b4ef8103fdbe4dc421bb1e8f7a,2844,84,TRAINING_ELIGIBLE,"CineWatch-owned source, test, governance, or engineering documentation"
CWTV-FVER-000036,c0324fc80fedca08a7a0fa41cb9adef7e7575869,4,M,services/api/README.md,ecbc42f3f91d013d7491bc16826ac461ce1c3b77,eeb9914fed1ea5b05c301e29fc807427aef1f15ebbeccf1f02717e78f007306e,1223,36,TRAINING_ELIGIBLE,"CineWatch-owned source, test, governance, or engineering documentation"
CWTV-FVER-000037,c0324fc80fedca08a7a0fa41cb9adef7e7575869,4,A,services/api/cinewatch_api/__init__.py,0c7ddbaa52c00f6b824bfdf99c64a43210112ce3,3aedb397c3e72fc9ab891a3b3dceeec45d6458f7670080572ecd76862b672fc8,94,5,TRAINING_ELIGIBLE,"CineWatch-owned source, test, governance, or engineering documentation"
CWTV-FVER-000038,c0324fc80fedca08a7a0fa41cb9adef7e7575869,4,A,services/api/cinewatch_api/api/__init__.py,8f791b4e68a90fbdf9b57161355564517c0da5aa,5989bb3989db2e75ebc42fe0e00ed8a2a7eb14e88f6ca5ddfedca0904ed00be5,28,1,TRAINING_ELIGIBLE,"CineWatch-owned source, test, governance, or engineering documentation"
CWTV-FVER-000039,c0324fc80fedca08a7a0fa41cb9adef7e7575869,4,A,services/api/cinewatch_api/api/system.py,5b8b6f75fb0835cb4103df3e4211d42130983b39,615d74a3cd28ad164e4f634e88efabf8a716041e548d580e64f61a533e560ef7,637,18,TRAINING_ELIGIBLE,"CineWatch-owned source, test, governance, or engineering documentation"
CWTV-FVER-000040,c0324fc80fedca08a7a0fa41cb9adef7e7575869,4,A,services/api/cinewatch_api/api/system_state.py,64c7280f806afabe83b59dbb05a1f5a8db86515f,d489edde1d3ea84b963f802295718b9f6e1ac3bbfc0a5ad6ef78453e17e3dcb3,849,27,TRAINING_ELIGIBLE,"CineWatch-owned source, test, governance, or engineering documentation"
CWTV-FVER-000041,c0324fc80fedca08a7a0fa41cb9adef7e7575869,4,A,services/api/cinewatch_api/api/v1/__init__.py,1045190127fe81cba23b004b744dd42563bebf62,97f1190f643b1e175701901d163d1943422815f627149a4c3c136a2ae3e3efa2,48,1,TRAINING_ELIGIBLE,"CineWatch-owned source, test, governance, or engineering documentation"
CWTV-FVER-000042,c0324fc80fedca08a7a0fa41cb9adef7e7575869,4,A,services/api/cinewatch_api/api/v1/router.py,f21ac1261da0a0773cc5f8702d272f4c766e9e59,68f243da8b3e5d189983002a0a46137840c58f36cbbfdbe443a0fedb3492aa8d,203,8,TRAINING_ELIGIBLE,"CineWatch-owned source, test, governance, or engineering documentation"
CWTV-FVER-000043,c0324fc80fedca08a7a0fa41cb9adef7e7575869,4,A,services/api/cinewatch_api/api/v1/system.py,3589f69dc11b5e19fe19bf91993de9659eeff16e,ae5a49d21cc054b892b75bc879a5cd9a4da49e095d408480c9371daabcde0f13,424,13,TRAINING_ELIGIBLE,"CineWatch-owned source, test, governance, or engineering documentation"
CWTV-FVER-000044,c0324fc80fedca08a7a0fa41cb9adef7e7575869,4,A,services/api/cinewatch_api/application.py,a3ba07be0cac99ce5dd13fcc820c4d99181c19bf,08db95eacbd5f5d54b366ebdbf721e8fbb42148b6a5fe00cd0556dac8065aa7f,2108,65,TRAINING_ELIGIBLE,"CineWatch-owned source, test, governance, or engineering documentation"
CWTV-FVER-000045,c0324fc80fedca08a7a0fa41cb9adef7e7575869,4,A,services/api/cinewatch_api/constants.py,1654d7b61294a955c9c0e6a407b0d3d4371532c3,55be85a8870fd975642e6fe43c57fd290147749f455e597e40dd3fcc46cb8bef,126,5,TRAINING_ELIGIBLE,"CineWatch-owned source, test, governance, or engineering documentation"
CWTV-FVER-000046,c0324fc80fedca08a7a0fa41cb9adef7e7575869,4,A,services/api/cinewatch_api/contracts/__init__.py,170d7e5a3170a41e5ad74819e27ee4c9964ec72c,66e53a3930a5abaeb22ae5568af2aba50fcdb063e2ca3c5ffc6f1060d098c8c2,60,1,TRAINING_ELIGIBLE,"CineWatch-owned source, test, governance, or engineering documentation"
CWTV-FVER-000047,c0324fc80fedca08a7a0fa41cb9adef7e7575869,4,A,services/api/cinewatch_api/contracts/errors.py,02ffc2f5999110cce4bfd72f137443f2904d287b,d780a2f7c61f2e3381e202efbfd928a0847afd5e8beb9ca403433d8cc5c454c3,317,17,TRAINING_ELIGIBLE,"CineWatch-owned source, test, governance, or engineering documentation"
CWTV-FVER-000048,c0324fc80fedca08a7a0fa41cb9adef7e7575869,4,A,services/api/cinewatch_api/contracts/system.py,aca67bda593d6f69278192624a5cbfbc7b310791,82b7d2d67a9b984c9b9b3460fef7abdea6c8f38401755a8801bd3628584d5f74,528,24,TRAINING_ELIGIBLE,"CineWatch-owned source, test, governance, or engineering documentation"
CWTV-FVER-000049,c0324fc80fedca08a7a0fa41cb9adef7e7575869,4,A,services/api/cinewatch_api/errors.py,280fda8d754ad33ab1318846da9e146f8390cf08,0a7906c95f2f3b526215d40cfbbe9bfc8a05b500e47940c9185032c638da178a,2348,73,TRAINING_ELIGIBLE,"CineWatch-owned source, test, governance, or engineering documentation"
CWTV-FVER-000050,c0324fc80fedca08a7a0fa41cb9adef7e7575869,4,A,services/api/cinewatch_api/logging.py,d766d2fd044bbf773c12e4477924e445c41358c5,1159c01ed13baa84c9ede39702fd1e1e46cbc9f63f2efde6d9525428357aa20d,1438,51,TRAINING_ELIGIBLE,"CineWatch-owned source, test, governance, or engineering documentation"
CWTV-FVER-000051,c0324fc80fedca08a7a0fa41cb9adef7e7575869,4,A,services/api/cinewatch_api/main.py,4d7f2b8579d63847114325e1c2042b42dbd39b12,b2bd1e63493c105d5f89a08aa871baea60b5ce8ad67f211bee3b87b8844205ce,111,5,TRAINING_ELIGIBLE,"CineWatch-owned source, test, governance, or engineering documentation"
CWTV-FVER-000052,c0324fc80fedca08a7a0fa41cb9adef7e7575869,4,A,services/api/cinewatch_api/middleware/__init__.py,d35b2d5e0ea020ef24b157a4a230f775a96b24de,29136a55325a6d6d6a481e4df39fe1e252b21deb066513c816aae9ca88bc68df,61,1,TRAINING_ELIGIBLE,"CineWatch-owned source, test, governance, or engineering documentation"
CWTV-FVER-000053,c0324fc80fedca08a7a0fa41cb9adef7e7575869,4,A,services/api/cinewatch_api/middleware/request_id.py,2ca70da498de3a7071179f4c168ead44ec805476,24dcb3732bd6a14701933a1376f0682e88c65eae34b6b62255838b83e89d75c2,1405,43,TRAINING_ELIGIBLE,"CineWatch-owned source, test, governance, or engineering documentation"
CWTV-FVER-000054,c0324fc80fedca08a7a0fa41cb9adef7e7575869,4,A,services/api/cinewatch_api/settings.py,c492f05d4af606e45ea57dd4c5a2fd8aab579908,afeb049a4671a01fdaf59e0184f44876e93aa6081d521541910d7e018ff9b059,1151,33,TRAINING_ELIGIBLE,"CineWatch-owned source, test, governance, or engineering documentation"
CWTV-FVER-000055,c0324fc80fedca08a7a0fa41cb9adef7e7575869,4,M,services/api/pyproject.toml,f3b9a269a6db63dc8f25a6f946e0215bf3e18504,f74d5c4cc38c8f94a2decbdf9438404e37c9d2d7e7e82751eed6c85632bcbd07,882,45,TRAINING_ELIGIBLE,"CineWatch-owned source, test, governance, or engineering documentation"
CWTV-FVER-000056,c0324fc80fedca08a7a0fa41cb9adef7e7575869,4,A,services/api/tests/__init__.py,79e31e482cb43a23421e59ca5ac580d0324fbcad,5537b8b06c8ffac0258c558de0aee5a077b7bdd92db860db9eb7eaca8f28d1bb,38,1,TRAINING_ELIGIBLE,"CineWatch-owned source, test, governance, or engineering documentation"
CWTV-FVER-000057,c0324fc80fedca08a7a0fa41cb9adef7e7575869,4,A,services/api/tests/conftest.py,ec65af14a2198fd00be20cfbf5ba4d9ea83b40df,9f1df859362d3edcaedb0566edd17449a2a8ed76ea812acdbfe1cd1ce5051c76,549,23,TRAINING_ELIGIBLE,"CineWatch-owned source, test, governance, or engineering documentation"
CWTV-FVER-000058,c0324fc80fedca08a7a0fa41cb9adef7e7575869,4,A,services/api/tests/test_errors.py,b13f8addf4775a115608d8e8da1e70a13c3437b4,02fc129d29cfb3f96cae0f85a10fc3f97793fde12677916adf2a2258039078fe,1664,53,TRAINING_ELIGIBLE,"CineWatch-owned source, test, governance, or engineering documentation"
CWTV-FVER-000059,c0324fc80fedca08a7a0fa41cb9adef7e7575869,4,A,services/api/tests/test_openapi.py,58fb042665a9d1e35f2c6a95327c78234621d3fb,d0cfaa1ad936c25e247ec3bd7d502af215913c926e4046458ece9ebf24af1dea,460,11,TRAINING_ELIGIBLE,"CineWatch-owned source, test, governance, or engineering documentation"
CWTV-FVER-000060,c0324fc80fedca08a7a0fa41cb9adef7e7575869,4,A,services/api/tests/test_request_id.py,1a2483a0d0f6b31b46e89bed34e313d487a2e1ae,3c642ceeedcee50f469ceb6b4ae7eebde695b0a5ae285af9b7541cbdca17ce16,618,17,TRAINING_ELIGIBLE,"CineWatch-owned source, test, governance, or engineering documentation"
CWTV-FVER-000061,c0324fc80fedca08a7a0fa41cb9adef7e7575869,4,A,services/api/tests/test_settings.py,ec7b4a2b358834d1d9021f231001906d1327eeac,23a26ce9e97791a6c50e223da016a8b3d5bfa74dbb3857b418dfdf5c4a368cf6,538,17,TRAINING_ELIGIBLE,"CineWatch-owned source, test, governance, or engineering documentation"
CWTV-FVER-000062,c0324fc80fedca08a7a0fa41cb9adef7e7575869,4,A,services/api/tests/test_system_endpoints.py,882e59531dba258c99f564de6744dbdd9a9e4f67,177054f85c1d4d5b5b495ea21c295fe536b515f67eca8788a4b937e28a8e92fc,764,26,TRAINING_ELIGIBLE,"CineWatch-owned source, test, governance, or engineering documentation"
CWTV-FVER-000063,c0324fc80fedca08a7a0fa41cb9adef7e7575869,4,A,tests/repository/test_backend_skeleton.py,61ec9137586da9a3e659a633bf21b1ed2ee5e8b6,30dae9b5bd2e7b16a126f263ec5304781561cad4fee46e32751e929e35e000fe,599,22,TRAINING_ELIGIBLE,"CineWatch-owned source, test, governance, or engineering documentation"
CWTV-FVER-000064,7b6a8392d90fb08be9f522e9a182c723f2719cdd,5,M,.env.example,39c530cccb76c3202f0e5977873e678038a78f5a,2cf6d4e7f243d18fc20b90578e1817c843514eb5fb2af7316411f9ea52a41215,890,25,TRAINING_ELIGIBLE,"CineWatch-owned source, test, governance, or engineering documentation"
CWTV-FVER-000065,7b6a8392d90fb08be9f522e9a182c723f2719cdd,5,M,README.md,116e2d159b76a64f8712106eff5f5a508391cf5a,4c696915603c02169f40d8cb0c800900d535c9833b0163dd97abf3b000be245c,5073,103,TRAINING_ELIGIBLE,"CineWatch-owned source, test, governance, or engineering documentation"
CWTV-FVER-000066,7b6a8392d90fb08be9f522e9a182c723f2719cdd,5,M,apps/web/README.md,cd4d9c3da55170d28698b648859bf5de9e38d87c,6f32263116aa05c803e7ed1c9784cfc5eee8447656c8b832e83d27c4812ca0b3,1117,26,TRAINING_ELIGIBLE,"CineWatch-owned source, test, governance, or engineering documentation"
CWTV-FVER-000067,7b6a8392d90fb08be9f522e9a182c723f2719cdd,5,A,apps/web/eslint.config.mjs,199c0ecf88b9dd695aa06394d4071706e1a648ab,2ac5b4b8898d7b511a7ccca34adc20207610d4e6c347672faeeede7bd35a8314,366,16,TRAINING_ELIGIBLE,"CineWatch-owned source, test, governance, or engineering documentation"
CWTV-FVER-000068,7b6a8392d90fb08be9f522e9a182c723f2719cdd,5,A,apps/web/next-env.d.ts,ce4e94a6b10f160ee021fe18939af160d2927dcf,1862ac4bbbc5192d4bf562161df66ea547ed3e67173100656ab606ae9797db2b,288,7,REFERENCE_ONLY,canonical/reference/generated artifact retained for provenance but excluded from training text
CWTV-FVER-000069,7b6a8392d90fb08be9f522e9a182c723f2719cdd,5,A,apps/web/next.config.ts,dcf478452042490bb80ab95e300ce09d99e7b965,13c14eaf596f16b598a3d8f6c7b061d2f1aeedf14b5afa6624844c83354b9b4c,156,8,TRAINING_ELIGIBLE,"CineWatch-owned source, test, governance, or engineering documentation"
CWTV-FVER-000070,7b6a8392d90fb08be9f522e9a182c723f2719cdd,5,M,apps/web/package.json,2678dffed0d981f2bf8b0bc9262992abfe49a480,f00294c4d7ed15cd17124ebd1d4afa09e531de88318197f042bd6aba8a693501,720,32,TRAINING_ELIGIBLE,"CineWatch-owned source, test, governance, or engineering documentation"
CWTV-FVER-000071,7b6a8392d90fb08be9f522e9a182c723f2719cdd,5,A,apps/web/public/brand/.gitkeep,e69de29bb2d1d6434b8b29ae775ad8c2e48c5391,e3b0c44298fc1c149afbf4c8996fb92427ae41e4649b934ca495991b7852b855,0,0,REFERENCE_ONLY,canonical/reference/generated artifact retained for provenance but excluded from training text
CWTV-FVER-000072,7b6a8392d90fb08be9f522e9a182c723f2719cdd,5,A,apps/web/public/icons/.gitkeep,e69de29bb2d1d6434b8b29ae775ad8c2e48c5391,e3b0c44298fc1c149afbf4c8996fb92427ae41e4649b934ca495991b7852b855,0,0,REFERENCE_ONLY,canonical/reference/generated artifact retained for provenance but excluded from training text
CWTV-FVER-000073,7b6a8392d90fb08be9f522e9a182c723f2719cdd,5,A,apps/web/public/seo/.gitkeep,e69de29bb2d1d6434b8b29ae775ad8c2e48c5391,e3b0c44298fc1c149afbf4c8996fb92427ae41e4649b934ca495991b7852b855,0,0,REFERENCE_ONLY,canonical/reference/generated artifact retained for provenance but excluded from training text
CWTV-FVER-000074,7b6a8392d90fb08be9f522e9a182c723f2719cdd,5,A,apps/web/src/app/error.tsx,bc4132fb55292ca1a8cde65b53a09e9b08289dbf,874240a5297eb59b581e5b17f0efbe06e3d1fb409fae673a1423cfa42bc62a9a,379,18,TRAINING_ELIGIBLE,"CineWatch-owned source, test, governance, or engineering documentation"
CWTV-FVER-000075,7b6a8392d90fb08be9f522e9a182c723f2719cdd,5,A,apps/web/src/app/global-error.tsx,d0a05eb41b8229026e733c6be361aa0a60744e63,86286eabc4a180d851f6800b8d827896ed82e06b9515a48e992de88742d43e2c,421,21,TRAINING_ELIGIBLE,"CineWatch-owned source, test, governance, or engineering documentation"
CWTV-FVER-000076,7b6a8392d90fb08be9f522e9a182c723f2719cdd,5,A,apps/web/src/app/globals.css,ade58cbef5b388152a03cbd7a66c18452dce0f31,20d3dc4461bb6df5ccbdf170a04e242e1edee959515f95f4b288ab4e98356690,351,31,TRAINING_ELIGIBLE,"CineWatch-owned source, test, governance, or engineering documentation"
CWTV-FVER-000077,7b6a8392d90fb08be9f522e9a182c723f2719cdd,5,A,apps/web/src/app/layout.tsx,ae4b211156573d14206dd9ef8c11796ba80d9b7d,41c7d8d3a141c891b4954c13d2c2a217f12e0d8c1069e9c6609c34bb1e202685,644,28,TRAINING_ELIGIBLE,"CineWatch-owned source, test, governance, or engineering documentation"
CWTV-FVER-000078,7b6a8392d90fb08be9f522e9a182c723f2719cdd,5,A,apps/web/src/app/loading.tsx,10d0aeb2d6bc86988f33839eac4a9b054644d4b2,04a016da1b0da8ba26c43cda59bb62748faba49f90a45a0a88eafd3f9f414fae,150,7,TRAINING_ELIGIBLE,"CineWatch-owned source, test, governance, or engineering documentation"
CWTV-FVER-000079,7b6a8392d90fb08be9f522e9a182c723f2719cdd,5,A,apps/web/src/app/manifest.ts,2cdaaaf387ba7f65fd6381ed4f06aef32aa87548,a665ed8d60efd652489d25b4cbced59a17498bcc3ebcaa4d866420291d2e8783,297,11,TRAINING_ELIGIBLE,"CineWatch-owned source, test, governance, or engineering documentation"
CWTV-FVER-000080,7b6a8392d90fb08be9f522e9a182c723f2719cdd,5,A,apps/web/src/app/not-found.tsx,dcc244a2fba81c682c5d5b4b0e5326416d0c9981,b5a8d4d87c4df5b60bae25b3ae432903f77d0259c618a4d426f4b37e68ab72d3,165,8,TRAINING_ELIGIBLE,"CineWatch-owned source, test, governance, or engineering documentation"
CWTV-FVER-000081,7b6a8392d90fb08be9f522e9a182c723f2719cdd,5,A,apps/web/src/app/page.tsx,44458077e9ac4812a0791478cc55b42208c4ad7b,a7d67b77511cabcbeea12c115af8a9a96a6b5e1d47ab66bf5284bcbd04be4bb8,295,12,TRAINING_ELIGIBLE,"CineWatch-owned source, test, governance, or engineering documentation"
CWTV-FVER-000082,7b6a8392d90fb08be9f522e9a182c723f2719cdd,5,A,apps/web/src/app/robots.ts,d35686e07113f7e86c2bd000fe733424c72df2f4,ee236a71493c80ef6db46698ff842d8fe2bceb2b4e7b2273671e60525c895429,182,10,TRAINING_ELIGIBLE,"CineWatch-owned source, test, governance, or engineering documentation"
CWTV-FVER-000083,7b6a8392d90fb08be9f522e9a182c723f2719cdd,5,A,apps/web/src/lib/api/system-client.ts,d888500b7e1ec162f12fe0e70ab2c863429bd1f6,275f1474e018b55769b0a1fdfd86a36c7ac34b55dad4fbb4da2c7d283b1c94eb,1015,45,TRAINING_ELIGIBLE,"CineWatch-owned source, test, governance, or engineering documentation"
CWTV-FVER-000084,7b6a8392d90fb08be9f522e9a182c723f2719cdd,5,A,apps/web/src/lib/config/public-env.ts,83c9bfdf05e8671622e3bf2cff7fc64d0e0a8595,a34421af63e982d0d7f7dccbbea83dcf5212e3ac4baaa8ce02cd2e1c38b2a04d,810,29,TRAINING_ELIGIBLE,"CineWatch-owned source, test, governance, or engineering documentation"
CWTV-FVER-000085,7b6a8392d90fb08be9f522e9a182c723f2719cdd,5,A,apps/web/tsconfig.json,62519eaa90930c0744de10b3a0334ca7d11ce049,8763b09369fa189d9069884994c3a58c53b977d40fbad67646acff788838d421,694,35,TRAINING_ELIGIBLE,"CineWatch-owned source, test, governance, or engineering documentation"
CWTV-FVER-000086,7b6a8392d90fb08be9f522e9a182c723f2719cdd,5,A,docs/architecture/CineWatch_TV_V1_Frontend_Application_Skeleton_001.md,399cfe2025ef75456a8e97c1f1befb7d31d84106,ba82a7f9dd0baee321c654cc6f069ce3c783925b9452a72e2a489df91913fb00,5322,108,TRAINING_ELIGIBLE,"CineWatch-owned source, test, governance, or engineering documentation"
CWTV-FVER-000087,7b6a8392d90fb08be9f522e9a182c723f2719cdd,5,A,docs/architecture/decisions/CWTV_ADR_0003_Frontend_Runtime_and_Build_Portability.md,813c31a55b06749caa1be74bf15e8a3b03604827,138265db27f820c4f55778394bb2542112981718a6c8d9dcd1c97b9d0a20a4e1,1632,27,TRAINING_ELIGIBLE,"CineWatch-owned source, test, governance, or engineering documentation"
CWTV-FVER-000088,7b6a8392d90fb08be9f522e9a182c723f2719cdd,5,M,package-lock.json,df7f2b3cd07dd053ea1e13c00c7422e866d212e6,12e174e4da6f00618256a96e6d7e75f674519990797b672baace452ed2910974,222882,6424,REFERENCE_ONLY,canonical/reference/generated artifact retained for provenance but excluded from training text
CWTV-FVER-000089,7b6a8392d90fb08be9f522e9a182c723f2719cdd,5,M,package.json,9ae03fdb6e6d84806f2653322bd3e427a9f6a931,8a4b8919f6d2cb2c78c36d9a46cc3fb268f08766080b414ddd7a182792374b13,912,27,TRAINING_ELIGIBLE,"CineWatch-owned source, test, governance, or engineering documentation"
CWTV-FVER-000090,7b6a8392d90fb08be9f522e9a182c723f2719cdd,5,M,scripts/README.md,57b367c5aa35982db467624ad0ca152541fa4653,591ee1042d317bfff5710918f29235aee5665f469fec8c8d4f77686c98af5c3c,858,15,TRAINING_ELIGIBLE,"CineWatch-owned source, test, governance, or engineering documentation"
CWTV-FVER-000091,7b6a8392d90fb08be9f522e9a182c723f2719cdd,5,A,scripts/check_frontend_runtime.sh,e08d18d254b7b31a574d2a0f4d574b65a9728ea4,abf5e9a63c33a123eb8bb144b04bb36bdfc8d7aeff379141acc55811844cac0f,2238,75,TRAINING_ELIGIBLE,"CineWatch-owned source, test, governance, or engineering documentation"
CWTV-FVER-000092,7b6a8392d90fb08be9f522e9a182c723f2719cdd,5,A,scripts/check_frontend_skeleton.py,5ee8fd0ce6277ff28f37ac39fb9abb6958d80826,6d64c77bdab44a6086d7d14fa5d98e171742e34d0d1bd7ca2230fc6beff421ea,5238,144,TRAINING_ELIGIBLE,"CineWatch-owned source, test, governance, or engineering documentation"
CWTV-FVER-000093,7b6a8392d90fb08be9f522e9a182c723f2719cdd,5,A,tests/repository/test_frontend_skeleton.py,14bf9a87bc158b28c8bc4d8aba6ff28815174a60,547727df89b9edee40cedb8ae534782c8e3b8fa9960f7ad104134e0f1484f706,713,25,TRAINING_ELIGIBLE,"CineWatch-owned source, test, governance, or engineering documentation"
CWTV-FVER-000094,678500c0160ac002f8e8585ab4f7560ea22e4d6e,6,M,.env.example,92e2c60f391b90ca1b0eee2f67d82a10589f994e,1e8158e11d0ebdece24c71de08dc584ceff9a8b2836bc8a825443d3cd18d98cf,1116,29,TRAINING_ELIGIBLE,"CineWatch-owned source, test, governance, or engineering documentation"
CWTV-FVER-000095,678500c0160ac002f8e8585ab4f7560ea22e4d6e,6,A,docs/architecture/CineWatch_TV_V1_PostgreSQL_and_Migration_Foundation_001.md,099bf77085fe64b35e43f19fbce831dcdd343c78,714a6cdee7f06a18688fc2e0002cbd9a2d93de196c07f0a7309448000acf23de,4745,102,TRAINING_ELIGIBLE,"CineWatch-owned source, test, governance, or engineering documentation"
CWTV-FVER-000096,678500c0160ac002f8e8585ab4f7560ea22e4d6e,6,A,docs/architecture/decisions/CWTV_ADR_0004_PostgreSQL_Authority_and_Migration_Boundary.md,f9f8b6a7da20953d1aae4fcecd048245a03cbbb4,8c3e3b65d912ff59b8dd54a1deed7b082e40ace6adbc0dcb052a8759f21172f7,1484,28,TRAINING_ELIGIBLE,"CineWatch-owned source, test, governance, or engineering documentation"
CWTV-FVER-000097,678500c0160ac002f8e8585ab4f7560ea22e4d6e,6,M,scripts/README.md,c02d0e67a0413cba98615d43863c05a4e118e731,825b1ffcb99a49a151d289f89d2a5637e9e1c9b509c615725e06cdffa2726658,1254,20,TRAINING_ELIGIBLE,"CineWatch-owned source, test, governance, or engineering documentation"
CWTV-FVER-000098,678500c0160ac002f8e8585ab4f7560ea22e4d6e,6,M,scripts/check_backend_skeleton.py,614a4d72bdc495caef275da25738016fda62ed3c,b335eea315dd734ca99e73429f0c571089388ba834ef79562a47df882e29d55c,2823,81,TRAINING_ELIGIBLE,"CineWatch-owned source, test, governance, or engineering documentation"
CWTV-FVER-000099,678500c0160ac002f8e8585ab4f7560ea22e4d6e,6,A,scripts/check_database_foundation.py,f58a0475bc7ec0876869fe480e5d31fd440da496,1d473c59bede9e0f35e0439655ffa06cc699d7590371a360d7ac45da3480840e,4650,105,TRAINING_ELIGIBLE,"CineWatch-owned source, test, governance, or engineering documentation"
CWTV-FVER-000100,678500c0160ac002f8e8585ab4f7560ea22e4d6e,6,A,scripts/check_database_migrations.sh,a68560236ea33585afe8a3656d4eebb7e110c3c4,a16e784b4b156eb0dd870b91ba0107225b608934beb18f05fc9a5887fd214660,2118,56,TRAINING_ELIGIBLE,"CineWatch-owned source, test, governance, or engineering documentation"
CWTV-FVER-000101,678500c0160ac002f8e8585ab4f7560ea22e4d6e,6,M,services/api/README.md,a6b5f4e4e069b92ec5beb6a09014d94a1aa50e0e,3722147a14e5fa98af010182c962c3021c38b70117bdb84f6f5e607f8310cc73,1716,50,TRAINING_ELIGIBLE,"CineWatch-owned source, test, governance, or engineering documentation"
CWTV-FVER-000102,678500c0160ac002f8e8585ab4f7560ea22e4d6e,6,A,services/api/alembic.ini,4e6d493a135a3044c54e21ba3fa3ae5ada9f3abc,a9e7fcb92349dc53a3a657f7aada4bc0e6a282384a74244f718b4d66108596c2,658,40,TRAINING_ELIGIBLE,"CineWatch-owned source, test, governance, or engineering documentation"
CWTV-FVER-000103,678500c0160ac002f8e8585ab4f7560ea22e4d6e,6,A,services/api/cinewatch_api/database/__init__.py,f606da465927ea123f8d51a873d3e21f300d33f6,4e6d71b14cdcf183f9a20154a153b1412aebf8af65b05d01531fcc37e60a2daf,526,19,TRAINING_ELIGIBLE,"CineWatch-owned source, test, governance, or engineering documentation"
CWTV-FVER-000104,678500c0160ac002f8e8585ab4f7560ea22e4d6e,6,A,services/api/cinewatch_api/database/base.py,1dadee3d5b9349c49287ed37f1d1b1222449ecdc,51a333b519ba51eb5d000a60c8a0d06508e1909c4b8103b2317c426b8ee5cd47,582,18,TRAINING_ELIGIBLE,"CineWatch-owned source, test, governance, or engineering documentation"
CWTV-FVER-000105,678500c0160ac002f8e8585ab4f7560ea22e4d6e,6,A,services/api/cinewatch_api/database/engine.py,240e5b6721176721ab1bb474a8b2bc74368481d6,d183e2d8653ad35ab0fb7f566b9c453a449b6baf26281f809f52f6e47d012255,524,17,TRAINING_ELIGIBLE,"CineWatch-owned source, test, governance, or engineering documentation"
CWTV-FVER-000106,678500c0160ac002f8e8585ab4f7560ea22e4d6e,6,A,services/api/cinewatch_api/database/session.py,54af05384f03611ec839b0a4b5d37f04c7b35982,f2cdf35da4a8a8c24ce8d768f460a9c84ba237b1492026748b78c9eb72f92a36,449,17,TRAINING_ELIGIBLE,"CineWatch-owned source, test, governance, or engineering documentation"
CWTV-FVER-000107,678500c0160ac002f8e8585ab4f7560ea22e4d6e,6,A,services/api/cinewatch_api/database/url.py,5ec59f703844f77dc87bd95801cc789e79124f5c,1440ebe2b28e6be3b9d2bb6884a0041338db975830343fc15e59c92a624eff08,1519,45,TRAINING_ELIGIBLE,"CineWatch-owned source, test, governance, or engineering documentation"
CWTV-FVER-000108,678500c0160ac002f8e8585ab4f7560ea22e4d6e,6,M,services/api/cinewatch_api/settings.py,481f605cc402dc2aee9a1e909f125a3a51475192,367e92e3c26808000e47de0860f435f6d48432ecbc6943dd20b9277f7a021657,1252,34,TRAINING_ELIGIBLE,"CineWatch-owned source, test, governance, or engineering documentation"
CWTV-FVER-000109,678500c0160ac002f8e8585ab4f7560ea22e4d6e,6,A,services/api/migrations/env.py,ec76e6d6f3957f41ec23bbc87a9d8b16e3861d95,07c2ac31779bc19c6e8cd83b060982360c8dc9beee4ebae1d9cfafdaab56f35c,1693,64,TRAINING_ELIGIBLE,"CineWatch-owned source, test, governance, or engineering documentation"
CWTV-FVER-000110,678500c0160ac002f8e8585ab4f7560ea22e4d6e,6,A,services/api/migrations/script.py.mako,5d6b69d65fda15fe4f617781eba3119dc3c72344,27391b668cbc4b50f443009112940d8afe5221c649fa6238c27bb6ed1e0de679,596,25,TRAINING_ELIGIBLE,"CineWatch-owned source, test, governance, or engineering documentation"
CWTV-FVER-000111,678500c0160ac002f8e8585ab4f7560ea22e4d6e,6,A,services/api/migrations/versions/0001_postgresql_migration_foundation.py,190fc8a56fc041ab3feaf7cf106e665e1d325de3,825df3544d866509a0e58a6af0d83a1498aa41560b6a45776f4f8013c32ea675,569,25,TRAINING_ELIGIBLE,"CineWatch-owned source, test, governance, or engineering documentation"
CWTV-FVER-000112,678500c0160ac002f8e8585ab4f7560ea22e4d6e,6,M,services/api/pyproject.toml,d08cbd3efe5196d885faeec6ccf3e0f28d9ebb45,ba059adf3c31bb42b29add4f41cc330892714094aac943c3c3fb75ce6aa66859,961,48,TRAINING_ELIGIBLE,"CineWatch-owned source, test, governance, or engineering documentation"
CWTV-FVER-000113,678500c0160ac002f8e8585ab4f7560ea22e4d6e,6,A,services/api/tests/test_database_foundation.py,9c95b90cf8e7653cc1803077995750a6a0264cfb,1ce965a7df22be094770ddfe669167269e9395718ce7606cee9c1240cb13089e,1672,57,TRAINING_ELIGIBLE,"CineWatch-owned source, test, governance, or engineering documentation"
CWTV-FVER-000114,678500c0160ac002f8e8585ab4f7560ea22e4d6e,6,A,services/api/tests/test_migration_foundation.py,4ed8f97f06ec71507575439d23cb8341c2712295,c13c8a26f24854a6cf8cc268fb1c86642768236088373cd7c58879afae35e376,892,30,TRAINING_ELIGIBLE,"CineWatch-owned source, test, governance, or engineering documentation"
CWTV-FVER-000115,678500c0160ac002f8e8585ab4f7560ea22e4d6e,6,A,tests/repository/test_database_foundation.py,5f2cec48e11ffa1623628a633d696e6ff54a3f4c,e5def7808aa86ffa89a3727b500c8b1a5652a855932e963d41fafd206d3df91f,983,28,TRAINING_ELIGIBLE,"CineWatch-owned source, test, governance, or engineering documentation"
CWTV-FVER-000116,50f40cc4c24d829b57c61ccc2939423d0b269e50,7,A,docs/progress/CineWatch_TV_Engineering_Chronicle.md,791c412de94a9e3fe2286d2875ccd0ebf517b4d5,4ed777fe377337f01e589e62422d99c5c7fd17d297259e2d04c90668e16d9b88,17393,130,REFERENCE_ONLY,canonical/reference/generated artifact retained for provenance but excluded from training text
CWTV-FVER-000117,50f40cc4c24d829b57c61ccc2939423d0b269e50,7,A,docs/progress/README.md,0b5c094a32dd5772e528a7c044999fe6e01b955b,315beabcfe6c2958c4e597d8230a9b7a322a603f8c5c1f6ef1da8084574208bc,5441,175,TRAINING_ELIGIBLE,"CineWatch-owned source, test, governance, or engineering documentation"
CWTV-FVER-000118,50f40cc4c24d829b57c61ccc2939423d0b269e50,7,A,docs/progress/activity/EVENT_SCHEMA.md,e22a17f82ea7f677a351d96995efe8df94d38073,5dc274cb3f23da6d087fb3e0056909561f0337fac2b255c0f3532fc39460adb5,2371,60,TRAINING_ELIGIBLE,"CineWatch-owned source, test, governance, or engineering documentation"
CWTV-FVER-000119,50f40cc4c24d829b57c61ccc2939423d0b269e50,7,A,docs/progress/activity/engineering-events.jsonl,9595b839c23d2a3df62f704c580a58aed3ec3974,a10631081ddc5285e621c653a41f4033e1281c0c69f730e42b1c1f0d2b5a4fbe,40828,56,TRAINING_ELIGIBLE,"CineWatch-owned source, test, governance, or engineering documentation"
CWTV-FVER-000120,50f40cc4c24d829b57c61ccc2939423d0b269e50,7,A,docs/progress/dashboard/dashboard.css,3385d5f2aaee3dc695476240f95576d6c912c4a2,8e685a9bd4cf5d7cc5a0cc6c58535001946baac61f52e947a8b5691ad261a5a2,6884,181,TRAINING_ELIGIBLE,"CineWatch-owned source, test, governance, or engineering documentation"
CWTV-FVER-000121,50f40cc4c24d829b57c61ccc2939423d0b269e50,7,A,docs/progress/dashboard/dashboard.js,2e4fea1b2f63704c54bafa70cadc11cf157d41d1,4f1432b1809f86b6bfdb5486a05588993efe7ac13d895c4602595bbf343ada90,8673,199,TRAINING_ELIGIBLE,"CineWatch-owned source, test, governance, or engineering documentation"
CWTV-FVER-000122,50f40cc4c24d829b57c61ccc2939423d0b269e50,7,A,docs/progress/dashboard/index.html,b9d8624787082cf749108b5ab69831fa52a8f3bd,7c8f4f1835a79b55a2c9e7457716500c28923bd3bbe307ba0918355b9f447f3d,4672,120,TRAINING_ELIGIBLE,"CineWatch-owned source, test, governance, or engineering documentation"
CWTV-FVER-000123,50f40cc4c24d829b57c61ccc2939423d0b269e50,7,A,docs/progress/dashboard/progress-data.json,8de789b05cb717259ff2b10ccb34f118343529ba,f2418d0e4718c0ff8f0514f1567f5c086430a6e0099ff5f81188cd9be6aa64f5,78196,2031,REFERENCE_ONLY,canonical/reference/generated artifact retained for provenance but excluded from training text
CWTV-FVER-000124,50f40cc4c24d829b57c61ccc2939423d0b269e50,7,A,scripts/bootstrap_engineering_chronicle.py,792c0b5efa710c9ed27aad185a14728571b6bdc8,4a2841edf5115642cd383b5b5dc20be8281387bee7ed0c0f1a79f14b333f90e7,14345,344,TRAINING_ELIGIBLE,"CineWatch-owned source, test, governance, or engineering documentation"
CWTV-FVER-000125,50f40cc4c24d829b57c61ccc2939423d0b269e50,7,A,scripts/build_progress_dashboard.py,be277f65c68d49a157d1e05a9b164214129b7392,6f18e9e7e1cbacdd5d0d3a604b8f7727381e1911744b4396b81e81662626c3d6,15433,345,TRAINING_ELIGIBLE,"CineWatch-owned source, test, governance, or engineering documentation"
CWTV-FVER-000126,50f40cc4c24d829b57c61ccc2939423d0b269e50,7,A,scripts/check_engineering_chronicle.py,a06729d0f23f94ce16c96d777cc1b442fe02d397,ca813631f61ad678014b60602917803159b010582252fb0921ab1ca4cf32c02c,8035,175,TRAINING_ELIGIBLE,"CineWatch-owned source, test, governance, or engineering documentation"
CWTV-FVER-000127,50f40cc4c24d829b57c61ccc2939423d0b269e50,7,A,scripts/check_progress_dashboard_runtime.sh,bd3ddbea61ad80072d9264fa7f1ce9187ae51959,b1be5d78f550676ccefda933b7c834f8c7f2e818c28f5e2915507a2cd432480e,2849,94,TRAINING_ELIGIBLE,"CineWatch-owned source, test, governance, or engineering documentation"
CWTV-FVER-000128,50f40cc4c24d829b57c61ccc2939423d0b269e50,7,A,scripts/chronicle_core.py,b7ebce26f7ab1d10c81eb93f0e2cf3f8f03a2e91,f6727031a45d9f30d5ebc24bd652f2702c2afb0d980e2d3e8fa7e5bc4c73b4a8,9682,256,TRAINING_ELIGIBLE,"CineWatch-owned source, test, governance, or engineering documentation"
CWTV-FVER-000129,50f40cc4c24d829b57c61ccc2939423d0b269e50,7,A,scripts/record_engineering_activity.py,d1324ab2eb372c171323af98ac4c3a376522bcf0,99269aee52ce88220a22bdf415b252409bc4aac94f8fbbff0280c2249b342107,3656,95,TRAINING_ELIGIBLE,"CineWatch-owned source, test, governance, or engineering documentation"
CWTV-FVER-000130,50f40cc4c24d829b57c61ccc2939423d0b269e50,7,A,scripts/run_and_record.py,fa3400af7d8c9e94ca68fbb067a6845fbe511d8f,1985dd545141e6b90a05ebf4d4419dd4b827a44ae1f73c88f51f7200b5e52ef1,4225,114,TRAINING_ELIGIBLE,"CineWatch-owned source, test, governance, or engineering documentation"
CWTV-FVER-000131,50f40cc4c24d829b57c61ccc2939423d0b269e50,7,A,tests/repository/test_engineering_chronicle.py,209e03b1dcfee7b3fb24d58ce52ef4351a321741,1428b867d4863d0d7e1b0f4848016c0dfc20f933f7289288f2e2b13e7df9a119,720,24,TRAINING_ELIGIBLE,"CineWatch-owned source, test, governance, or engineering documentation"
CWTV-FVER-000132,74856ca2738afaa33d33ed7cb1983967fc0355bd,8,M,docs/progress/CineWatch_TV_Engineering_Chronicle.md,bd0a6996ef9f2b3f105760c195684f58cf455e1c,7f9f1128b2319bd36ec8aeb46a1a4a96cd30bf6cd60e1bb70898332e954181bd,20530,143,REFERENCE_ONLY,canonical/reference/generated artifact retained for provenance but excluded from training text
CWTV-FVER-000133,74856ca2738afaa33d33ed7cb1983967fc0355bd,8,M,docs/progress/README.md,0028b980464f5e6910b19962fbf62df9ed01855d,d0b6b4e7a3cd2a5444e84d95170b55c6f441f1332c05df7d05d028771bb360c8,6508,192,TRAINING_ELIGIBLE,"CineWatch-owned source, test, governance, or engineering documentation"
CWTV-FVER-000134,74856ca2738afaa33d33ed7cb1983967fc0355bd,8,M,docs/progress/activity/engineering-events.jsonl,889e96b357bd959a5d63fe249cb548ef19e0be13,f27c340a5d30fcc5142847f554a87e00bcf95ae48dd4cc812ea1375393075508,48199,65,TRAINING_ELIGIBLE,"CineWatch-owned source, test, governance, or engineering documentation"
CWTV-FVER-000135,74856ca2738afaa33d33ed7cb1983967fc0355bd,8,M,docs/progress/dashboard/dashboard.css,4e3de1d9d81e24d6fc8eec3eeba12852cfd1e4a6,2d7a559ac56a8aaee6cae15f53c5045568b35c72a20b32043decc6dadeec2348,18002,759,TRAINING_ELIGIBLE,"CineWatch-owned source, test, governance, or engineering documentation"
CWTV-FVER-000136,74856ca2738afaa33d33ed7cb1983967fc0355bd,8,M,docs/progress/dashboard/dashboard.js,19d633e5572b7a9f95d297de754931f2aa885901,826038894657f170c938cf9de376ead87ebb1ef697d249c794054b89c60cbad0,11904,275,TRAINING_ELIGIBLE,"CineWatch-owned source, test, governance, or engineering documentation"
CWTV-FVER-000137,74856ca2738afaa33d33ed7cb1983967fc0355bd,8,M,docs/progress/dashboard/index.html,eb6bc61714f1afd327ba8a2e89ab7372637b9470,e56e62bd077b8413f68cbb7e6e6e4fc4507463bc29407572095ee070ccaeb6c8,4718,121,TRAINING_ELIGIBLE,"CineWatch-owned source, test, governance, or engineering documentation"
CWTV-FVER-000138,74856ca2738afaa33d33ed7cb1983967fc0355bd,8,M,docs/progress/dashboard/progress-data.json,92a5069650e50b50a4c8efccda6273e0a05ca36e,70c36cc9a862fa75f5ea7214454d8dcdbe5b872a680bc36a014a04d4a3faf93f,91402,2341,REFERENCE_ONLY,canonical/reference/generated artifact retained for provenance but excluded from training text
CWTV-FVER-000139,74856ca2738afaa33d33ed7cb1983967fc0355bd,8,M,scripts/check_engineering_chronicle.py,8306974660436ddd7f0d503235b4859b085f642b,b2d2249774f32d40ec7accc95e46e944af97742d0102cbcfa922212b40302997,9075,204,TRAINING_ELIGIBLE,"CineWatch-owned source, test, governance, or engineering documentation"
CWTV-FVER-000140,e15752642ed22d30b99caadf546214eea15b730f,9,M,apps/web/README.md,effb2dfddb3a059125c72c04e696533a9ab4c6ec,f687b7452b67331a2ba3dcdeea457b827f5ac7e465505c7b4ec80ad49c504df4,1270,27,TRAINING_ELIGIBLE,"CineWatch-owned source, test, governance, or engineering documentation"
CWTV-FVER-000141,e15752642ed22d30b99caadf546214eea15b730f,9,M,apps/web/package.json,26628b6d8ad841112a7a9ea4193dc1f667296431,d55813482a0023eb39575b7c6e064035edbb9c6db3e137da543b0821cfdde821,757,33,TRAINING_ELIGIBLE,"CineWatch-owned source, test, governance, or engineering documentation"
CWTV-FVER-000142,e15752642ed22d30b99caadf546214eea15b730f,9,M,apps/web/src/lib/api/system-client.ts,7490b98fc40fa16965e0e9628a02567fbc3fbf70,3de980bbce2fc4983f9a5eb0afb2a19df8b7c93b93d0ceee29f566acc5c57a97,747,27,TRAINING_ELIGIBLE,"CineWatch-owned source, test, governance, or engineering documentation"
CWTV-FVER-000143,e15752642ed22d30b99caadf546214eea15b730f,9,A,docs/architecture/CineWatch_TV_V1_OpenAPI_and_Typed_Contract_Foundation_001.md,43b030509eac1899d9db8161bc4c2bc740087ef2,ecc6b4e85bf8a8260af9393bd30b035946d22e4d0c601b18fd81fc609146d784,4238,97,TRAINING_ELIGIBLE,"CineWatch-owned source, test, governance, or engineering documentation"
CWTV-FVER-000144,e15752642ed22d30b99caadf546214eea15b730f,9,A,docs/architecture/decisions/CWTV_ADR_0005_OpenAPI_Canonical_Contract_and_Type_Generation.md,dfc9a113bdc710ae5da043c51f11c7479c304ba5,a09599503ec5dc7578602fa317dcb3a8b4d8a688ae14efcb030894cf4339602d,1510,24,TRAINING_ELIGIBLE,"CineWatch-owned source, test, governance, or engineering documentation"
CWTV-FVER-000145,e15752642ed22d30b99caadf546214eea15b730f,9,M,docs/progress/CineWatch_TV_Engineering_Chronicle.md,0b64dea577fc3581d2ef90b532a016e3b9b3d683,2520866e2c0eac94d868006331ff26eba5628c1c89dafcee752ae98d89bf311f,26216,169,REFERENCE_ONLY,canonical/reference/generated artifact retained for provenance but excluded from training text
CWTV-FVER-000146,e15752642ed22d30b99caadf546214eea15b730f,9,M,docs/progress/activity/engineering-events.jsonl,c4e5d14169df232dc60d6e9a7d8f63c52e88dc87,43a56b5f228551fed155d3b88d470a20ec4ab1083d54c161a2896c2094215b4e,61235,82,TRAINING_ELIGIBLE,"CineWatch-owned source, test, governance, or engineering documentation"
CWTV-FVER-000147,e15752642ed22d30b99caadf546214eea15b730f,9,M,docs/progress/dashboard/progress-data.json,1c70847fb0607af1754462968ae54b07576f7dbe,689d445a3e5a4a42154985e025e471421c958b2c669fb7051eb0ddc6352115ac,115988,2953,REFERENCE_ONLY,canonical/reference/generated artifact retained for provenance but excluded from training text
CWTV-FVER-000148,e15752642ed22d30b99caadf546214eea15b730f,9,M,package-lock.json,6dae9c44b06d75286747d7112d5204ea9eb1e0ee,25903337a379dbf2c2eb51fbf4849b866bb3c82fab0d7276a40110e3eba76e09,234129,6729,REFERENCE_ONLY,canonical/reference/generated artifact retained for provenance but excluded from training text
CWTV-FVER-000149,e15752642ed22d30b99caadf546214eea15b730f,9,M,package.json,aba1048b90449c4b87627a3766994339974da109,7c6551a302e05d740bc1c2cc6b26d828ada9c4448f3fccc3503644a81518043f,1208,31,TRAINING_ELIGIBLE,"CineWatch-owned source, test, governance, or engineering documentation"
CWTV-FVER-000150,e15752642ed22d30b99caadf546214eea15b730f,9,M,packages/contracts/README.md,1a6957d603b67a76a205e79c326d6bed835657a0,8c52fe972fddf6b5064ace128018c95db316456a86a414c6030bb97c63aecd1b,1103,30,TRAINING_ELIGIBLE,"CineWatch-owned source, test, governance, or engineering documentation"
CWTV-FVER-000151,e15752642ed22d30b99caadf546214eea15b730f,9,A,packages/contracts/openapi/cinewatch-v1.openapi.json,ae4952d2ee08cf3c544e1f029c1ff7e7c6bc98d4,0643aee80006e7df984e370a0849740b714ef7cfe7d1c003522e053384d17915,3232,140,REFERENCE_ONLY,canonical/reference/generated artifact retained for provenance but excluded from training text
CWTV-FVER-000152,e15752642ed22d30b99caadf546214eea15b730f,9,M,packages/contracts/package.json,b1a7008d32970eea933073267da78c0969daeb1c,c96a9bcc3cd6dd590d03c3a295a0e3f62904c9857d14e5b94ed4a492d68e6256,595,24,TRAINING_ELIGIBLE,"CineWatch-owned source, test, governance, or engineering documentation"
CWTV-FVER-000153,e15752642ed22d30b99caadf546214eea15b730f,9,A,packages/contracts/src/index.d.ts,8ba2e265a3befc52cc838a13b52b6a7f3002ac22,2878279d83ad38654020d7d26bc6bf199c711fd663f81dc501b7fe38b84df2f0,271,6,TRAINING_ELIGIBLE,"CineWatch-owned source, test, governance, or engineering documentation"
CWTV-FVER-000154,e15752642ed22d30b99caadf546214eea15b730f,9,M,scripts/README.md,20443871a64cb1dea51cc4b0a2bf07ca1d4cfd60,78060452bd1daaf2172d595a9f52104183259f6939d45df6e5802fa00a774a43,1647,31,TRAINING_ELIGIBLE,"CineWatch-owned source, test, governance, or engineering documentation"
CWTV-FVER-000155,e15752642ed22d30b99caadf546214eea15b730f,9,A,scripts/check_contract_foundation.py,f02d3394b46768b3c5cdbcd090bc1a64d7f98c95,5d7556232fe2017545ce108e83644481386edc5a809fb8f95d971460220df527,6417,145,TRAINING_ELIGIBLE,"CineWatch-owned source, test, governance, or engineering documentation"
CWTV-FVER-000156,e15752642ed22d30b99caadf546214eea15b730f,9,A,scripts/check_contract_runtime.sh,9758bdb214b6974dbb413fb84a0570d8c6a28df8,e277ec27d2aba357ca37ee4201b02664a200c1ce5b9ddf53c5dcdaf1c84470d6,2084,74,TRAINING_ELIGIBLE,"CineWatch-owned source, test, governance, or engineering documentation"
CWTV-FVER-000157,e15752642ed22d30b99caadf546214eea15b730f,9,M,scripts/check_frontend_skeleton.py,fae867aa052ab300eca1734bcb3c60fea622729a,ac4216cde774710984042da0e268c56dbde9503a1520b923698c5ae2923621a8,5275,145,TRAINING_ELIGIBLE,"CineWatch-owned source, test, governance, or engineering documentation"
CWTV-FVER-000158,e15752642ed22d30b99caadf546214eea15b730f,9,A,scripts/export_openapi_contract.py,75e1b3511be5b4610a944a2523c0f05da89f24d2,5e54d975cbfaf9373fde9d715de6dfd775366e34b39612b35dfa636adb1d06ae,1850,57,TRAINING_ELIGIBLE,"CineWatch-owned source, test, governance, or engineering documentation"
CWTV-FVER-000159,e15752642ed22d30b99caadf546214eea15b730f,9,A,scripts/update_api_contracts.sh,60ec6844e7777d01b1bdb2986f9505c6853b130a,2aaceb9025b12fa9d4951b7ccc767f16bdc5f2a118a785ceb40d6d98352bd243,352,13,TRAINING_ELIGIBLE,"CineWatch-owned source, test, governance, or engineering documentation"
CWTV-FVER-000160,e15752642ed22d30b99caadf546214eea15b730f,9,M,services/api/README.md,e253e5968d51bccb3394f6357359a860788a584d,30d95005b13ed3728071dfb0dd65f3b8bcab1790999035d62ca38e25cc16a800,2110,54,TRAINING_ELIGIBLE,"CineWatch-owned source, test, governance, or engineering documentation"
CWTV-FVER-000161,e15752642ed22d30b99caadf546214eea15b730f,9,M,services/api/cinewatch_api/api/system.py,9c70a70a2dd1a8cf6986fdc926fb57cdf2fe4265,c281925cbce60156db088e148323ebeea44c9ca3eb296157af4f0a73cff050b1,735,28,TRAINING_ELIGIBLE,"CineWatch-owned source, test, governance, or engineering documentation"
CWTV-FVER-000162,e15752642ed22d30b99caadf546214eea15b730f,9,M,services/api/cinewatch_api/api/v1/system.py,82949fa6e292491d07310bbe5180c1f4075cb44c,90a0de3a51e92ecd9aef1a7ae43f86991fd8cf641f7b9a0ba0e062b964eb8ec2,476,18,TRAINING_ELIGIBLE,"CineWatch-owned source, test, governance, or engineering documentation"
CWTV-FVER-000163,e15752642ed22d30b99caadf546214eea15b730f,9,M,services/api/cinewatch_api/application.py,6d8983fe4b05c17b50c883d37183fc5244bc57e3,61b823ae1089439eeb58f09a27d7bdae51e6072e9effea2437316aa8b192c455,2141,66,TRAINING_ELIGIBLE,"CineWatch-owned source, test, governance, or engineering documentation"
CWTV-FVER-000164,e15752642ed22d30b99caadf546214eea15b730f,9,M,services/api/pyproject.toml,e709f0d3daed2b5007cc92c23260cb036976a530,66121038ce393f1e736a3b354b730391b5894166b5ea47c639d458a8737781ef,972,49,TRAINING_ELIGIBLE,"CineWatch-owned source, test, governance, or engineering documentation"
CWTV-FVER-000165,e15752642ed22d30b99caadf546214eea15b730f,9,A,services/api/tests/test_contract_snapshot.py,da975a020c7f49cf177fed79687e9a585b7c18ac,2bcb2b65956666a5f14ff70405968b18bd8e30d304a5b71e5caaa2e89150e76a,508,16,TRAINING_ELIGIBLE,"CineWatch-owned source, test, governance, or engineering documentation"
CWTV-FVER-000166,e15752642ed22d30b99caadf546214eea15b730f,9,M,services/api/tests/test_openapi.py,2f2fd6237b275621ec4c00ede9eca7cc77b74a3f,cba84eb0b98dd49725f69ba04a70f7313f23ed91710a520769ddd9279b0f72ce,880,26,TRAINING_ELIGIBLE,"CineWatch-owned source, test, governance, or engineering documentation"
CWTV-FVER-000167,e15752642ed22d30b99caadf546214eea15b730f,9,A,tests/repository/test_contract_foundation.py,4d10fa025cb1f3e48a1847744a1ede9bfe0515ff,9004034019fbc27a0da0924c594b7f83b43c484f1e907b277b27aba92d19c777,766,28,TRAINING_ELIGIBLE,"CineWatch-owned source, test, governance, or engineering documentation"
CWTV-FVER-000168,50a453e1efccba0d963d2990b7c6a528fc35ffcf,10,A,docs/architecture/CineWatch_TV_V1_Termux_Linux_Engineering_Workflow_001.md,46cb8e7779e100e0f2d9fb995a1f159ffd1cef55,cbbc4ad853073e8af83ea9d6d49f5091f6d36281d27b2e081dfc874569682a85,6956,267,TRAINING_ELIGIBLE,"CineWatch-owned source, test, governance, or engineering documentation"
CWTV-FVER-000169,50a453e1efccba0d963d2990b7c6a528fc35ffcf,10,A,docs/architecture/decisions/CWTV_ADR_0006_Termux_Host_Linux_Runtime_and_Named_Sessions.md,27807862977cbe7900c11d3c2181430f7c631156,4c3f83baba62a64947a26659223ad2da4ee98762dca05cb56295e4e0ee10cd42,2565,61,TRAINING_ELIGIBLE,"CineWatch-owned source, test, governance, or engineering documentation"
CWTV-FVER-000170,50a453e1efccba0d963d2990b7c6a528fc35ffcf,10,M,docs/progress/CineWatch_TV_Engineering_Chronicle.md,99936ba3b13e00011ad848179fb01d236a7e5a94,168c52df9ce13a149e0fafda2a61ff441a29e62f5bc17551f399e8f7b9eb882b,32014,194,REFERENCE_ONLY,canonical/reference/generated artifact retained for provenance but excluded from training text
CWTV-FVER-000171,50a453e1efccba0d963d2990b7c6a528fc35ffcf,10,M,docs/progress/activity/engineering-events.jsonl,e1b11e9a6d3eeef5cb9a8751b59ff3b04f17dc2b,c11f6ee8920329a249b95393132239079f16e34374994f2126f2143ffc9f9736,74171,99,TRAINING_ELIGIBLE,"CineWatch-owned source, test, governance, or engineering documentation"
CWTV-FVER-000172,50a453e1efccba0d963d2990b7c6a528fc35ffcf,10,M,docs/progress/dashboard/progress-data.json,c00c37694675337257bee208262c681502a7dfab,caabf1cb6eda4a2defa11c89666492a160fcd7165fcf36a51aac6e8881701f86,139345,3532,REFERENCE_ONLY,canonical/reference/generated artifact retained for provenance but excluded from training text
CWTV-FVER-000173,50a453e1efccba0d963d2990b7c6a528fc35ffcf,10,A,scripts/check_termux_linux_runtime.sh,30e928bab4139820614d5ca598c6486ee214bb4c,2c28a5250c2d1e6fed11f25dc5cb0c91c40f6971ca564d63c0c1bf39e2d057c5,2499,70,TRAINING_ELIGIBLE,"CineWatch-owned source, test, governance, or engineering documentation"
CWTV-FVER-000174,50a453e1efccba0d963d2990b7c6a528fc35ffcf,10,A,scripts/check_termux_linux_workflow.py,a32130e125469178b91f58df1a285ec5e5fb99d6,596f9413e5f2ec8594dc60f89ef4b24c467f72c312e71565618b3b81ab7e6505,8932,207,TRAINING_ELIGIBLE,"CineWatch-owned source, test, governance, or engineering documentation"
CWTV-FVER-000175,50a453e1efccba0d963d2990b7c6a528fc35ffcf,10,A,scripts/termux/config/aws.env.example,6130054c2e1e4377b989d91d6e2b8d986120bd92,b9ab122a6e9d3011dd30eeba0cddc4168a2fc9237c0de083601be4fb97c6c476,348,9,TRAINING_ELIGIBLE,"CineWatch-owned source, test, governance, or engineering documentation"
CWTV-FVER-000176,50a453e1efccba0d963d2990b7c6a528fc35ffcf,10,A,scripts/termux/config/postgres.env.example,fadbbca9714820670f404a5e04e3d05c6a155a2f,7389e0b21e53fd5a9c7a2cb3dd308954c33e2e7538e81d7f05ae2aa9b3647496,379,12,TRAINING_ELIGIBLE,"CineWatch-owned source, test, governance, or engineering documentation"
CWTV-FVER-000177,50a453e1efccba0d963d2990b7c6a528fc35ffcf,10,A,scripts/termux/cwtv-enter-linux,c876feed2cca520e1e28009e8026fed09018782b,bf25cfa1ee567f189b6ef17c41047dbe70f3d55059e8ca54b0228060cee52c99,635,33,TRAINING_ELIGIBLE,"CineWatch-owned source, test, governance, or engineering documentation"
CWTV-FVER-000178,50a453e1efccba0d963d2990b7c6a528fc35ffcf,10,A,scripts/termux/cwtv-linux-bootstrap,ac538c747b86572e642506aac6986cd3f9a5d96e,4e9a00ecb3d8cba400d2a83a4a80a5c99770e1f6855d2291d8e5773dd6203d04,1793,80,TRAINING_ELIGIBLE,"CineWatch-owned source, test, governance, or engineering documentation"
CWTV-FVER-000179,50a453e1efccba0d963d2990b7c6a528fc35ffcf,10,A,scripts/termux/cwtv-session,969828b6fc2df4501b49218cfc2d8c19af302cb9,0d2ff3c6eb11b5746d544e1500212ef02a0db2c578a6330fc281310c394dc093,5639,169,TRAINING_ELIGIBLE,"CineWatch-owned source, test, governance, or engineering documentation"
CWTV-FVER-000180,50a453e1efccba0d963d2990b7c6a528fc35ffcf,10,A,scripts/termux/cwtv-session-status,5524d754ec0f039a48340f3625bd186e5ae26ad9,3b1b34167d2905e7222e5c2a67c9a45826e7b002094a33cf1c79fe09e1092368,5646,194,TRAINING_ELIGIBLE,"CineWatch-owned source, test, governance, or engineering documentation"
CWTV-FVER-000181,50a453e1efccba0d963d2990b7c6a528fc35ffcf,10,A,scripts/termux/cwtv-window-bootstrap,a453fb5dcd66d567fa6bf669e39b80c3cfe7e8ec,7886882fffe27d648eafc0da20e1b5ff14188245e8810618adfdd0df5f72333e,2977,127,TRAINING_ELIGIBLE,"CineWatch-owned source, test, governance, or engineering documentation"
CWTV-FVER-000182,50a453e1efccba0d963d2990b7c6a528fc35ffcf,10,A,scripts/termux/install_cwtv_commands.sh,caecf9bea088e65feff2f338d91ad6da7b38e365,28798f313d8cf6953a28609f51782cb1795985be97d33050849b23d7487f7e90,852,33,TRAINING_ELIGIBLE,"CineWatch-owned source, test, governance, or engineering documentation"
CWTV-FVER-000183,50a453e1efccba0d963d2990b7c6a528fc35ffcf,10,A,tests/repository/test_termux_linux_workflow.py,6ad974bc0af2c7a1abf3a8f40665931f6e6b2224,e0febded5e9946a5e2cb1c863989e4da93688337f4d1efcc913b8eac406ee2d5,788,29,TRAINING_ELIGIBLE,"CineWatch-owned source, test, governance, or engineering documentation"
CWTV-FVER-000184,6bd64ebbd5c3cb459871da05be2a97f4f6438246,11,A,.github/dependabot.yml,92b5000b0f991317379cc25a991ad6f82e49a083,0de6290b4348325adf91d9cf328cf6e55ee9b4497ef0d3854d1bcc1a7466cc9c,385,20,TRAINING_ELIGIBLE,"CineWatch-owned source, test, governance, or engineering documentation"
CWTV-FVER-000185,6bd64ebbd5c3cb459871da05be2a97f4f6438246,11,A,.github/workflows/ci.yml,41bc8f72f374e0dd77ae731573fa8be28e06e67f,457d3a03e46ff8ea607d95a3caab62801f9150999843eb15221cd307bb8f8ad7,4272,146,TRAINING_ELIGIBLE,"CineWatch-owned source, test, governance, or engineering documentation"
CWTV-FVER-000186,6bd64ebbd5c3cb459871da05be2a97f4f6438246,11,A,SECURITY.md,2a4da54edd1deb668a78864a7cca1172fcf15237,4e23c18a374aa7af383fc933c459cdc4b186c6aeb511edb8b43272f9b1885b5f,1142,33,TRAINING_ELIGIBLE,"CineWatch-owned source, test, governance, or engineering documentation"
CWTV-FVER-000187,6bd64ebbd5c3cb459871da05be2a97f4f6438246,11,A,docs/architecture/CineWatch_TV_V1_CI_Security_Quality_Foundation_001.md,52bd2a041525604cd82c19a69a060f4796e9ef33,7fd5b350ffa17a88a154f42f5c179bca3b15d8fe7445111e309f10909cf92f67,8192,265,TRAINING_ELIGIBLE,"CineWatch-owned source, test, governance, or engineering documentation"
CWTV-FVER-000188,6bd64ebbd5c3cb459871da05be2a97f4f6438246,11,A,docs/architecture/decisions/CWTV_ADR_0007_Linux_CI_Least_Privilege_and_Supply_Chain_Gates.md,95beea248ae00456ba51273727f7b24939d7c424,b9d5470762a263c0e426d6a088e5ee4e0bef819b7293f439fed6e63010a67a45,2242,58,TRAINING_ELIGIBLE,"CineWatch-owned source, test, governance, or engineering documentation"
CWTV-FVER-000189,6bd64ebbd5c3cb459871da05be2a97f4f6438246,11,M,docs/progress/CineWatch_TV_Engineering_Chronicle.md,d3edaf3925a3e382c6402e4a3a8d098107d30a30,190952f306770aa304f0588e9c9eab9447f7aa9c9c04f00ca6cd25fbc972bd51,40613,232,REFERENCE_ONLY,canonical/reference/generated artifact retained for provenance but excluded from training text
CWTV-FVER-000190,6bd64ebbd5c3cb459871da05be2a97f4f6438246,11,M,docs/progress/activity/engineering-events.jsonl,badbada8826cb02b6a06bf33b9097d4dbb9566cd,102a8387cb8bddc35b17e88336fdd9259517bf426cc32a03505bf2dd8d8dcfc4,92917,123,TRAINING_ELIGIBLE,"CineWatch-owned source, test, governance, or engineering documentation"
CWTV-FVER-000191,6bd64ebbd5c3cb459871da05be2a97f4f6438246,11,M,docs/progress/dashboard/progress-data.json,d94ca9561542990946bb7b2b7bf75a6e762ebb23,c82841dd26009426c80bbf8ec3f5174183bfccb9fce3691b80ce5ff4a6c6a3b4,176137,4425,REFERENCE_ONLY,canonical/reference/generated artifact retained for provenance but excluded from training text
CWTV-FVER-000192,6bd64ebbd5c3cb459871da05be2a97f4f6438246,11,A,scripts/check_ci_security_quality.py,fdb6bda520fd4c6e94065d0c45bfcc98fd625d3c,91e013e5c0c0d894b79654c2e940ae1d1fa69e38ea5c0f132cb80260d0d7f285,10945,292,TRAINING_ELIGIBLE,"CineWatch-owned source, test, governance, or engineering documentation"
CWTV-FVER-000193,6bd64ebbd5c3cb459871da05be2a97f4f6438246,11,A,scripts/check_ci_security_quality_runtime.sh,3b988a2285dadee73e09e23ff2475460ab65d6ff,3bdf3be1a4463d9dd1326827e343ad98c86065067787113b33d36224d7a1e9a2,1524,53,TRAINING_ELIGIBLE,"CineWatch-owned source, test, governance, or engineering documentation"
CWTV-FVER-000194,6bd64ebbd5c3cb459871da05be2a97f4f6438246,11,A,tests/repository/test_ci_security_quality.py,e3a532bf731e1e29491cdd3ab425f82e568f1909,5600946eff5d4efe5958af50824d610df3d930418d9cd44257a572f53aae7fb0,782,29,TRAINING_ELIGIBLE,"CineWatch-owned source, test, governance, or engineering documentation"
CWTV-FVER-000195,a7d907a63796212e763c7ff9e42ba17b73776567,12,M,.github/workflows/ci.yml,a631762e34cbf1f574f72f1cf668ba49dbf9c666,190f0bd7bed4f00f8a507aeb66ccdd75e1fcce35cda4fdbb95968d5d54aa5e78,4432,152,TRAINING_ELIGIBLE,"CineWatch-owned source, test, governance, or engineering documentation"
CWTV-FVER-000196,2b12d282bb43e4c36ff214883ebbe647585ef21d,13,M,.gitignore,a8309647bcac08e0d0f152ad1f9f1017e8dff5d2,46520ee7ae6d857227084895c39c9a76070cee030228dd8f7194e6f48a1775d1,975,87,TRAINING_ELIGIBLE,"CineWatch-owned source, test, governance, or engineering documentation"
CWTV-FVER-000197,2b12d282bb43e4c36ff214883ebbe647585ef21d,13,A,packages/contracts/src/generated/openapi.d.ts,43cb002ca7938681d81f42fb90c8dad4cab30b04,62f2f279a6b6a8a7ad3e91859cf229938cf8739806cdfe8be9138bb27131698e,4140,166,REFERENCE_ONLY,canonical/reference/generated artifact retained for provenance but excluded from training text
CWTV-FVER-000198,9e8a4a2c4b0d7014b3bcba8ef79324f88cb30483,14,M,scripts/check_backend_runtime.sh,1f79f93ffe087443562796a6fd9745ffd314fc40,37726a6e511596a112e93a64054720d344931877ae09cd77181d9152b59e21e7,2787,102,TRAINING_ELIGIBLE,"CineWatch-owned source, test, governance, or engineering documentation"
CWTV-FVER-000199,cf47aa43dcfcdbc5be4159c5a52680e325573eab,15,M,scripts/check_database_migrations.sh,bd11f2f87058be5b0b8d8fd206c1324146e31262,8f1542f445565e3e296dd485492681a386c3ae1b6904b7aa5d9e1c051daebb3d,2295,63,TRAINING_ELIGIBLE,"CineWatch-owned source, test, governance, or engineering documentation"
CWTV-FVER-000200,fdb8311f1b800837a25f1a52fa788cbcf35b53da,16,M,docs/progress/CineWatch_TV_Engineering_Chronicle.md,89868ab2583efac279c0e728ddd904237c923209,f645b3d4aaf5773f90143742e638e48b37d44eb41b3f4b824620ccf238f2ac88,40894,233,REFERENCE_ONLY,canonical/reference/generated artifact retained for provenance but excluded from training text
CWTV-FVER-000201,fdb8311f1b800837a25f1a52fa788cbcf35b53da,16,M,docs/progress/activity/engineering-events.jsonl,9ef5c1ab2e475b9781f13a1e724e3896ce7145e5,fd8e12be3a59e5cf162fbf2dd95ceaffbcdfc9852b4f36f86721fabe0878b4ca,93674,124,TRAINING_ELIGIBLE,"CineWatch-owned source, test, governance, or engineering documentation"
CWTV-FVER-000202,fdb8311f1b800837a25f1a52fa788cbcf35b53da,16,M,docs/progress/dashboard/progress-data.json,4594e7462a15d33cc9605888a9e436c622ea6bb8,968335b74b103ba51cfe5e8d7cb1b12a0aa5e9f7f83fecd8d33b5392962e3b43,177057,4446,REFERENCE_ONLY,canonical/reference/generated artifact retained for provenance but excluded from training text
CWTV-FVER-000203,6b4dc6c318b15a314707776f1884559cc5be0422,17,A,CINEWATCH_ENGINEERING_WORKFLOW.md,0759c7d23d7546ccabd1a0fb0848dfc6b20241e4,e951da41ce204dc75d64c56f83d66941c2619596239fbeffc4d6524990bc4924,21802,957,TRAINING_ELIGIBLE,"CineWatch-owned source, test, governance, or engineering documentation"
CWTV-FVER-000204,75bc959d900cc760339668501b39b91678aafcb1,18,A,docs/architecture/CineWatch_TV_V1_Competitive_Design_Intelligence_001.md,4a9a09e15d953b288cea9234e637ea36d7d66467,e6afd702ab421b3f72f9e6c56d1eb522c6f7eecc8db9e84c57440a2977089109,26190,1003,TRAINING_REVIEW_REQUIRED,contains external/provider research or rights evidence requiring record-level review
CWTV-FVER-000205,75bc959d900cc760339668501b39b91678aafcb1,18,A,docs/architecture/CineWatch_TV_V1_Design_System_and_Asset_Foundation_001.md,38c4feba79750a3147ab2eb8dea0a88693fb4636,ac7c20176beacc8d9d7874c3ddb617394c33643d64e46345d1ecfe85c598e344,21516,978,TRAINING_ELIGIBLE,"CineWatch-owned source, test, governance, or engineering documentation"
CWTV-FVER-000206,75bc959d900cc760339668501b39b91678aafcb1,18,M,docs/progress/CineWatch_TV_Engineering_Chronicle.md,6c81254200b7ed14f86022438ab510f4a469c7e3,b2e36c3f2213991079a7bde3641e295970befb06bb2a675f6079d31552fd7b99,43139,243,REFERENCE_ONLY,canonical/reference/generated artifact retained for provenance but excluded from training text
CWTV-FVER-000207,75bc959d900cc760339668501b39b91678aafcb1,18,M,docs/progress/activity/engineering-events.jsonl,75612a1857daa8c9ef36feb6da20376d1df38602,a018c729de1adfcdfbb5051cd9db5dbdd4af8bab1e100b5fdff567f6c40c4655,98032,129,TRAINING_ELIGIBLE,"CineWatch-owned source, test, governance, or engineering documentation"
CWTV-FVER-000208,75bc959d900cc760339668501b39b91678aafcb1,18,M,docs/progress/dashboard/progress-data.json,4ee59c775f415c00f4ed268c696225f4e1d821cd,45bbc43c50c138ce70f875ab5b9dbf2b226e3dded4ff4099367139918ff08381,187361,4682,REFERENCE_ONLY,canonical/reference/generated artifact retained for provenance but excluded from training text
CWTV-FVER-000209,b087de6409b86314fe7ad59468cb37548ddd64ea,19,M,.github/workflows/ci.yml,99f719e3a6e0de8c95232c7d5ec627f5626e584e,cf12775945fb867b3e5c46627087a18846ed6ee9716791cf3ffd94f1436b1a4e,4492,153,TRAINING_ELIGIBLE,"CineWatch-owned source, test, governance, or engineering documentation"
CWTV-FVER-000210,b087de6409b86314fe7ad59468cb37548ddd64ea,19,M,CINEWATCH_ENGINEERING_WORKFLOW.md,b1aedaa267704c62b972cc5309bdbc954ae771f1,1326b352485ae1f31e0e4450bd74518dad02aa486303899934482d7c8586ea69,25456,1039,TRAINING_ELIGIBLE,"CineWatch-owned source, test, governance, or engineering documentation"
CWTV-FVER-000211,b087de6409b86314fe7ad59468cb37548ddd64ea,19,M,README.md,38e8bacf533ea7bb935ccddbd6c888032abd6b71,a6949d4c3b6096fb10ccb37d6a0c966b8693fe2d71fccb240ab9956cf6925c73,5181,104,TRAINING_ELIGIBLE,"CineWatch-owned source, test, governance, or engineering documentation"
CWTV-FVER-000212,b087de6409b86314fe7ad59468cb37548ddd64ea,19,M,docs/progress/CineWatch_TV_Engineering_Chronicle.md,db8ae4e7b9b2fe5527b7feb08b767f290c0f4bc0,719fe0d77551ed0ed47607cd06739f2db19ba7ae534e0a1400e1eb1b8e24c6a4,43874,246,REFERENCE_ONLY,canonical/reference/generated artifact retained for provenance but excluded from training text
CWTV-FVER-000213,b087de6409b86314fe7ad59468cb37548ddd64ea,19,M,docs/progress/activity/engineering-events.jsonl,445fbc69500815f86c4c387f07adc046a60b4b81,8f211adf1adea487301be139efa200392a76ab686df3f6046cb40222aca3ab24,99731,131,TRAINING_ELIGIBLE,"CineWatch-owned source, test, governance, or engineering documentation"
CWTV-FVER-000214,b087de6409b86314fe7ad59468cb37548ddd64ea,19,M,docs/progress/dashboard/progress-data.json,34932d7845b1c7d825f02df6bdb9a04df274ec1c,ff119b0a6a9d48b06d88a75bcb2ee153430aa978f2177dfd72a5bc8b1d188396,190581,4752,REFERENCE_ONLY,canonical/reference/generated artifact retained for provenance but excluded from training text
CWTV-FVER-000215,b087de6409b86314fe7ad59468cb37548ddd64ea,19,A,nexvox/engineering/DATASET_CARD.md,3371a900492cac0c484ee7d3fd9489d04338c51c,360817337904cc02cde45d2ef7bddc58f5e71f1465d09a84307f56e7a367eb4c,1509,37,REFERENCE_ONLY,NexVox generated projection excluded to prevent recursive training duplication
CWTV-FVER-000216,b087de6409b86314fe7ad59468cb37548ddd64ea,19,A,nexvox/engineering/README.md,41cad6461c475d3efe0ebcffcc59d78b7ee7881b,50adae67b85ba6ab84e2ddc0bd5676d37a0b08c4d5fac928d03bac58746caebd,1638,47,TRAINING_ELIGIBLE,"CineWatch-owned source, test, governance, or engineering documentation"
CWTV-FVER-000217,b087de6409b86314fe7ad59468cb37548ddd64ea,19,A,nexvox/engineering/authority/CineWatch_NexVox_Engineering_Knowledge_Authority_001.md,a7150c32b6b7259e417f4faec8abd08beff05e9d,94b8b315feef37f1d7ae4ad15b8300dfce8656009c017b9fb810c570840fbec0,5873,129,TRAINING_ELIGIBLE,"CineWatch-owned source, test, governance, or engineering documentation"
CWTV-FVER-000218,b087de6409b86314fe7ad59468cb37548ddd64ea,19,A,nexvox/engineering/checksums.sha256,0eb511640c4ecf661e2cc731d578dbe69f928933,f14a6bf85626242fec470bd9597daf1fabacb86aa0e0f2847f3f53e2118dbdb0,2696,,REFERENCE_ONLY,NexVox generated projection excluded to prevent recursive training duplication
CWTV-FVER-000219,b087de6409b86314fe7ad59468cb37548ddd64ea,19,A,nexvox/engineering/datasets/artifacts.csv,0152c4d4ebd5a764cdeab8a59b8bdea0be23fbf3,989b56d5326b5401ac4f100b4a6234c28e28cdb5fa4b6d021ea0c7c587d48cfb,10486,,REFERENCE_ONLY,NexVox generated projection excluded to prevent recursive training duplication
CWTV-FVER-000220,b087de6409b86314fe7ad59468cb37548ddd64ea,19,A,nexvox/engineering/datasets/commit-changes.csv,9508cd76aa360cb3c9b7cf6393d7e98e370364d8,c85fc663d04dc023e178c68fa3abe7798a563ebede756f891459cc2485a6134b,25808,,REFERENCE_ONLY,NexVox generated projection excluded to prevent recursive training duplication
CWTV-FVER-000221,b087de6409b86314fe7ad59468cb37548ddd64ea,19,A,nexvox/engineering/datasets/commits.csv,a2bdad8d9dd57792c0c7beab2953e3055f8f6bd4,b79985fa609e322ce01ad9a57651cf2cfdfa23aece77b9ca23254c730b710668,4033,,REFERENCE_ONLY,NexVox generated projection excluded to prevent recursive training duplication
CWTV-FVER-000222,b087de6409b86314fe7ad59468cb37548ddd64ea,19,A,nexvox/engineering/datasets/conversation-sources.csv,2c9ff5b195015d17f928c6ca0fa9fee092b1a4d7,62566c868ae764b309c6ea03fea3c9b5e370fb7d2bc86244756b3630ca2e9bd8,3888,,REFERENCE_ONLY,NexVox generated projection excluded to prevent recursive training duplication
CWTV-FVER-000223,b087de6409b86314fe7ad59468cb37548ddd64ea,19,A,nexvox/engineering/datasets/decisions.csv,155158dcc5ed931305456982b6f3433c7366575b,a75d0fed921dc37db08462fa84381ca49064804de56aa1f7ce98a56e7bb52192,5921,,REFERENCE_ONLY,NexVox generated projection excluded to prevent recursive training duplication
CWTV-FVER-000224,b087de6409b86314fe7ad59468cb37548ddd64ea,19,A,nexvox/engineering/datasets/dependencies.csv,e2f1e4f55b52f2466bbf1ecb29aeda9ed153ca98,37daf29c34cd3301e8419731f8c4cc2a827360196f9b8be56b60bd46562b165a,23694,,REFERENCE_ONLY,NexVox generated projection excluded to prevent recursive training duplication
CWTV-FVER-000225,b087de6409b86314fe7ad59468cb37548ddd64ea,19,A,nexvox/engineering/datasets/failure-correction-chains.csv,67f96903592c1432ee3efa2440e2263a9385f456,5285917938eab4beee3cb660638c35e7b82c55593df4d87e85f21593bc014a3d,7901,,REFERENCE_ONLY,NexVox generated projection excluded to prevent recursive training duplication
CWTV-FVER-000226,b087de6409b86314fe7ad59468cb37548ddd64ea,19,A,nexvox/engineering/datasets/history-records.jsonl,b0a1498eb7a65dda17d527bcbcf3a7183b40c037,555fd081b5b92128a020cb39799c1bfa30e753bb9ed2c72fb04398a57f60bbd0,775974,184,REFERENCE_ONLY,NexVox generated projection excluded to prevent recursive training duplication
CWTV-FVER-000227,b087de6409b86314fe7ad59468cb37548ddd64ea,19,A,nexvox/engineering/datasets/knowledge-records.jsonl,1efb93e251d70d20e2d82ea3440233d38d1bb436,9237687ef006154fa34904011833d3896b90ceaed496df738044de1ddfd1354c,681267,278,REFERENCE_ONLY,NexVox generated projection excluded to prevent recursive training duplication
CWTV-FVER-000228,b087de6409b86314fe7ad59468cb37548ddd64ea,19,A,nexvox/engineering/datasets/milestones.csv,81761369751cd3d727f3fdd5615fa1a74e59735b,6cb692ccfa2b06c440624a4c5ec25c45519de38d48340b10dc2539f1d76bccf1,1276,,REFERENCE_ONLY,NexVox generated projection excluded to prevent recursive training duplication
CWTV-FVER-000229,b087de6409b86314fe7ad59468cb37548ddd64ea,19,A,nexvox/engineering/datasets/qualifications.csv,0d9a575091a33ae95cc639812c60c9c9596b7157,04ccad7cd842642e770601b648ea16ef1d8a39b8152289d2586fa4d172baaaa5,5856,,REFERENCE_ONLY,NexVox generated projection excluded to prevent recursive training duplication
CWTV-FVER-000230,b087de6409b86314fe7ad59468cb37548ddd64ea,19,A,nexvox/engineering/datasets/repository-file-versions.csv,f30363e473335d549a0ace9b172770dd0d19d412,93f48f25ec50a43b3ba44b5321ff6081d22b5189267576f57e0d78d026b6b995,64066,,REFERENCE_ONLY,NexVox generated projection excluded to prevent recursive training duplication
CWTV-FVER-000231,b087de6409b86314fe7ad59468cb37548ddd64ea,19,A,nexvox/engineering/datasets/repository-files.csv,4068ca3afaf44f936db2a73e222311fcf600fb1d,afee4be1ce3934f3d98ba462902a763cd709fe3af1714fa53a890a4012f49b35,43596,,REFERENCE_ONLY,NexVox generated projection excluded to prevent recursive training duplication
CWTV-FVER-000232,b087de6409b86314fe7ad59468cb37548ddd64ea,19,A,nexvox/engineering/datasets/source-reconciliations.csv,ea9b639608fce4bf01c575fdfd9bfe706cca97c0,20bf034c3c979d458d5eace3653a055c0d9d5bad8e60fc15fb749db8ec1e62cf,3541,,REFERENCE_ONLY,NexVox generated projection excluded to prevent recursive training duplication
CWTV-FVER-000233,b087de6409b86314fe7ad59468cb37548ddd64ea,19,A,nexvox/engineering/datasets/symbols.csv,e99c9bcd1aeb4a2c671d36f5324a145f62e3eee1,32630f4464ea3af64937ec0d75fda073331723df1132d38bceba5becd7805fc5,17691,,REFERENCE_ONLY,NexVox generated projection excluded to prevent recursive training duplication
CWTV-FVER-000234,b087de6409b86314fe7ad59468cb37548ddd64ea,19,A,nexvox/engineering/evals/engineering-knowledge-evals.yaml,b5da9a151af8f462f61db8122bd14cec0c184f61,f20144e6b7e560914c13939c9251522e3538df9bd88dbfbfa74f3106e0d02a8a,1648,35,TRAINING_ELIGIBLE,"CineWatch-owned source, test, governance, or engineering documentation"
CWTV-FVER-000235,b087de6409b86314fe7ad59468cb37548ddd64ea,19,A,nexvox/engineering/manifests/corpus-manifest.yaml,f32ceb2a9390e15bca95bdf239a61407ea9f503d,74225d7b66f1d6ed2406208fab153ac74252f58b7fc78d8e2733d8e3c4f39fd6,521,18,REFERENCE_ONLY,NexVox generated projection excluded to prevent recursive training duplication
CWTV-FVER-000236,b087de6409b86314fe7ad59468cb37548ddd64ea,19,A,nexvox/engineering/manifests/sync-state.yaml,534b7a100e56f0232cb31b858f484d0be1d6e3a6,4287273d08a3b9a5569a066d0bc96ea354853731f2a20bee4a9c149b317b70a9,358,9,REFERENCE_ONLY,NexVox generated projection excluded to prevent recursive training duplication
CWTV-FVER-000237,b087de6409b86314fe7ad59468cb37548ddd64ea,19,A,nexvox/engineering/narratives/architecture-decisions.md,ac8c47fa772f832521bf05a31e236abaf72302a1,c260745f92febad0d0530b33d19b3abf97f85dd4280399ec338df148f5688096,5587,47,REFERENCE_ONLY,NexVox generated projection excluded to prevent recursive training duplication
CWTV-FVER-000238,b087de6409b86314fe7ad59468cb37548ddd64ea,19,A,nexvox/engineering/narratives/engineering-history.md,ebc5db9f654bfdcd1a2ffd31be9a3299e84941ef,c02717d65dcee41c35bf77c797979816454d598bed4356b97c936967d4fdd4bf,2401,42,REFERENCE_ONLY,NexVox generated projection excluded to prevent recursive training duplication
CWTV-FVER-000239,b087de6409b86314fe7ad59468cb37548ddd64ea,19,A,nexvox/engineering/narratives/engineering-methods.md,bf6129e888b6255cb70ac703c738bd16328e5114,256a68132582e524b8dafa4de21c8e20d7f2b429de4d6a29c7fcfa04b774e126,888,15,REFERENCE_ONLY,NexVox generated projection excluded to prevent recursive training duplication
CWTV-FVER-000240,b087de6409b86314fe7ad59468cb37548ddd64ea,19,A,nexvox/engineering/narratives/failures-corrections-lessons.md,46e70cd3765a3ecdc66f890c32a5a267184ec358,7956865b6b980d211c0f0816767488f121132da6377bf306116d38f0e8fb87cb,5092,141,REFERENCE_ONLY,NexVox generated projection excluded to prevent recursive training duplication
CWTV-FVER-000241,b087de6409b86314fe7ad59468cb37548ddd64ea,19,A,nexvox/engineering/narratives/glossary.md,b851e2b7a7c2b946a31f023454a00538cde87d74,5bcca02275d144522d70e7e9eac7ea07edc2c039ce5b9cdd52551e6cebce6188,1238,13,REFERENCE_ONLY,NexVox generated projection excluded to prevent recursive training duplication
CWTV-FVER-000242,b087de6409b86314fe7ad59468cb37548ddd64ea,19,A,nexvox/engineering/policy/corpus-policy.yaml,32a16940ec4effbec775754cd6d658d08f720543,3ab264f624164a0c254254d0e32134f3d60db1934a3eabfe4d06dda19a8ea6e1,2691,86,TRAINING_ELIGIBLE,"CineWatch-owned source, test, governance, or engineering documentation"
CWTV-FVER-000243,b087de6409b86314fe7ad59468cb37548ddd64ea,19,A,nexvox/engineering/schemas/records.schema.yaml,f2e3f3d5f57810c2f625f1c8aec31b53d8dc4f52,82b03f8193a460af64e2ccf0b8c46c5ee5ce116f9ebaf4c2d3d0c223f3ad8839,1427,72,TRAINING_ELIGIBLE,"CineWatch-owned source, test, governance, or engineering documentation"
CWTV-FVER-000244,b087de6409b86314fe7ad59468cb37548ddd64ea,19,M,scripts/README.md,eeb605cc9b97ede304546173b97c72bf16897d3b,9f4802aae2221def54d0b0cdb53952249dfdd76327b1d623717083d561301174,2331,41,TRAINING_ELIGIBLE,"CineWatch-owned source, test, governance, or engineering documentation"
CWTV-FVER-000245,b087de6409b86314fe7ad59468cb37548ddd64ea,19,A,scripts/build_nexvox_engineering_corpus.py,8e9427ad0f04149c293ea2d6090f8f055b85613a,43d9092a82639377877be9e9caa042facae6fbbd5ea0ac53c53b00343a00cb07,52062,896,TRAINING_ELIGIBLE,"CineWatch-owned source, test, governance, or engineering documentation"
CWTV-FVER-000246,b087de6409b86314fe7ad59468cb37548ddd64ea,19,A,scripts/build_nexvox_engineering_pdf.py,d25a338b838eaf58b60715f8c95f783b633aff6c,dd45561f21f643678295f64cb59898b3c9cf40d2a2ea20ee400087de29368d5d,5577,120,TRAINING_ELIGIBLE,"CineWatch-owned source, test, governance, or engineering documentation"
CWTV-FVER-000247,b087de6409b86314fe7ad59468cb37548ddd64ea,19,M,scripts/check_ci_security_quality.py,0a7509e9dfe1e36d394607a0b5db89c0a4d075d8,aea0525a6e8c8e6d67bc6e9ba74f1c4829304047ddcac9e41197cb63a8a137cd,10995,293,TRAINING_ELIGIBLE,"CineWatch-owned source, test, governance, or engineering documentation"
CWTV-FVER-000248,b087de6409b86314fe7ad59468cb37548ddd64ea,19,A,scripts/check_nexvox_engineering_corpus.py,8827273cfdb0efe343dd1a85cb4743cb5b3d1249,2e22c7a60edfc475032f1590608bee6ff0c58cddef1a847023646be4f6ae045a,8579,218,TRAINING_ELIGIBLE,"CineWatch-owned source, test, governance, or engineering documentation"
CWTV-FVER-000249,b087de6409b86314fe7ad59468cb37548ddd64ea,19,M,scripts/check_repository_tree.py,d5d3efa767245c730ad0d1c91ae056e58508eb6b,129b67db79981adfa2aef6d4aa9e1c80ede4e0abc0562fe93f0f68457461108c,4613,127,TRAINING_ELIGIBLE,"CineWatch-owned source, test, governance, or engineering documentation"
CWTV-FVER-000250,b087de6409b86314fe7ad59468cb37548ddd64ea,19,M,tests/README.md,be2f843e61c45f7f3447bc93e7388ab71020c8d5,bb2ddc9b7252026ad204d56ff6f5c7c3e4d6f0f2434e2cc661b0ea86aea6761c,524,7,TRAINING_ELIGIBLE,"CineWatch-owned source, test, governance, or engineering documentation"
CWTV-FVER-000251,b087de6409b86314fe7ad59468cb37548ddd64ea,19,A,tests/repository/test_nexvox_engineering_corpus.py,7839b22e187905891003e000ac5c079d1d687560,66633426bf5096c234ad0c3f0c3e86a231cd813833164098cee9d1276dba9b9e,625,22,TRAINING_ELIGIBLE,"CineWatch-owned source, test, governance, or engineering documentation"
CWTV-FVER-000252,980bf50489ae0a7c0aa216e784145697ca4f1749,20,M,nexvox/engineering/DATASET_CARD.md,6399ed8b7e7a3b29ee3fcc0dcf8a870601c22903,e15ead333f59abefa3d8cabc241422d2ec626da8adf2ef64aebbfadc93a5538c,1510,37,REFERENCE_ONLY,NexVox generated projection excluded to prevent recursive training duplication
CWTV-FVER-000253,980bf50489ae0a7c0aa216e784145697ca4f1749,20,M,nexvox/engineering/checksums.sha256,d3c7ead715f2483f4a41daf4d04938444ec6804a,85a7cf65496de6729010d7c067fce48e5d4f7d5e41a0584a332b05e4fe644384,2696,,REFERENCE_ONLY,NexVox generated projection excluded to prevent recursive training duplication
CWTV-FVER-000254,980bf50489ae0a7c0aa216e784145697ca4f1749,20,M,nexvox/engineering/datasets/artifacts.csv,2daa2fcb2ffa94c2d93e563011e7d3128428ffc1,b43a69a38263bcfa559d7600f2d0fee3afcfac7a4116aec1c0cecb1fc825e0cf,10905,,REFERENCE_ONLY,NexVox generated projection excluded to prevent recursive training duplication
CWTV-FVER-000255,980bf50489ae0a7c0aa216e784145697ca4f1749,20,M,nexvox/engineering/datasets/commit-changes.csv,b0ae61f9aeb11a1c06f1d03437d037e7cb01d85b,4fe67f3c4daa53bdf56a55f841b98f9f063e9e6c69b195b4a402d52f5abbfc1b,31341,,REFERENCE_ONLY,NexVox generated projection excluded to prevent recursive training duplication
CWTV-FVER-000256,980bf50489ae0a7c0aa216e784145697ca4f1749,20,M,nexvox/engineering/datasets/commits.csv,46302893d8985a8c394885262970456721c3419f,03cef3b7ee79bd7ecd5064c280dff95723baa2c02b97d0e972bffa890c131719,4257,,REFERENCE_ONLY,NexVox generated projection excluded to prevent recursive training duplication
CWTV-FVER-000257,980bf50489ae0a7c0aa216e784145697ca4f1749,20,M,nexvox/engineering/datasets/decisions.csv,b3e0940f27684ea1a4a1efc3f9d83940a549e06b,c7e1049a54a9f663a03f5107ea8ddb8a2b7ba2af59a466cdb7be65c313e5ef8b,5921,,REFERENCE_ONLY,NexVox generated projection excluded to prevent recursive training duplication
CWTV-FVER-000258,980bf50489ae0a7c0aa216e784145697ca4f1749,20,M,nexvox/engineering/datasets/dependencies.csv,ba4b9d06ed3640897e738c06b4cc87ae90b7b43b,6cf1abbac13c8966e53c49cc7972d6396b4e791621d4f3cd1973c98b34067442,27275,,REFERENCE_ONLY,NexVox generated projection excluded to prevent recursive training duplication
CWTV-FVER-000259,980bf50489ae0a7c0aa216e784145697ca4f1749,20,M,nexvox/engineering/datasets/failure-correction-chains.csv,d9c4251bab1e822bbec92a261b85933afa580948,d2b0c4c3da24f5fb3c0d888163d1e7013c934d74d5d00d96976966d77eef1e39,8391,,REFERENCE_ONLY,NexVox generated projection excluded to prevent recursive training duplication
CWTV-FVER-000260,980bf50489ae0a7c0aa216e784145697ca4f1749,20,M,nexvox/engineering/datasets/history-records.jsonl,9150631965d8b08efc8bc02db1cc7065259b62a4,4ec1ec465465b2bf3886d3dd0fcf35c9d567c9756d92011c3c922c2a63ef646f,890775,201,REFERENCE_ONLY,NexVox generated projection excluded to prevent recursive training duplication
CWTV-FVER-000261,980bf50489ae0a7c0aa216e784145697ca4f1749,20,M,nexvox/engineering/datasets/knowledge-records.jsonl,e4ab8ddabd4543e0848d508e1df94e18b3920637,e11279d847761f4c5c827a4704fa1c2598601781f4d0097e5f27c066505f0649,785098,304,REFERENCE_ONLY,NexVox generated projection excluded to prevent recursive training duplication
CWTV-FVER-000262,980bf50489ae0a7c0aa216e784145697ca4f1749,20,M,nexvox/engineering/datasets/milestones.csv,2fd52802cf102ce0d007246d16f97c9697d63569,f4f4074eb9bdbbc6f07691a010e83570b064515897018baf8a9aa4c97d88f7fb,1276,,REFERENCE_ONLY,NexVox generated projection excluded to prevent recursive training duplication
CWTV-FVER-000263,980bf50489ae0a7c0aa216e784145697ca4f1749,20,M,nexvox/engineering/datasets/repository-file-versions.csv,14ca700d7cf5e42f89f1fe4023e80415b8afeed9,9a151803ad9668212241c0c4c5bad8b929cf1413ee86b3da23e59b4a4579b864,77608,,REFERENCE_ONLY,NexVox generated projection excluded to prevent recursive training duplication
CWTV-FVER-000264,980bf50489ae0a7c0aa216e784145697ca4f1749,20,M,nexvox/engineering/datasets/repository-files.csv,286a0a67e5eb6919bed9d21f04e84998b2828d1f,c11386b993e2f579caac5e7276034ac8337cec73886dd31f4973b33187f28d43,53874,,REFERENCE_ONLY,NexVox generated projection excluded to prevent recursive training duplication
CWTV-FVER-000265,980bf50489ae0a7c0aa216e784145697ca4f1749,20,M,nexvox/engineering/datasets/source-reconciliations.csv,d4369ec045da0aad3e5b15298e34cb0658c494f9,fb20053be9fddd0734cfffa37622b45043edac43a3b52d84e48bca7f840c8c77,3541,,REFERENCE_ONLY,NexVox generated projection excluded to prevent recursive training duplication
CWTV-FVER-000266,980bf50489ae0a7c0aa216e784145697ca4f1749,20,M,nexvox/engineering/datasets/symbols.csv,069bffdc5bac0c7c7b8a78c668f980a3bb3451f0,8c90a71f570916b3d77137022fe670c5f2a71e8793784707614be7c1476ab3bd,22213,,REFERENCE_ONLY,NexVox generated projection excluded to prevent recursive training duplication
CWTV-FVER-000267,980bf50489ae0a7c0aa216e784145697ca4f1749,20,M,nexvox/engineering/manifests/corpus-manifest.yaml,fd9a99bfcbc7861b2f2212292bc1dd348f4d1976,a40eaad195fa88a3e217d8e0257325ec430fe3a0aad7632ef219f06e5d78a345,521,18,REFERENCE_ONLY,NexVox generated projection excluded to prevent recursive training duplication
CWTV-FVER-000268,980bf50489ae0a7c0aa216e784145697ca4f1749,20,M,nexvox/engineering/manifests/sync-state.yaml,4ba5f946099c262235ce85e5ceed391dce0b6dad,72026e4d5564d9f88cc9a69c3cc8bc0d79550afdd1039dc0d4cdc49c84ff4ac8,358,9,REFERENCE_ONLY,NexVox generated projection excluded to prevent recursive training duplication
CWTV-FVER-000269,980bf50489ae0a7c0aa216e784145697ca4f1749,20,M,nexvox/engineering/narratives/architecture-decisions.md,5ff568beede0188deada35dfdea40353cac64d84,6e815650ad1ce9c8c7153b25339f7d276992c4535222021ac2da73f94c2590f7,5587,47,REFERENCE_ONLY,NexVox generated projection excluded to prevent recursive training duplication
CWTV-FVER-000270,980bf50489ae0a7c0aa216e784145697ca4f1749,20,M,nexvox/engineering/narratives/engineering-history.md,bf5977ffe05455507da2a27723d120dcb2717c0d,7771ac096488d17e99ed2986c2c7f2646e1d223e873402015b8bb7e32af6adf7,2471,43,REFERENCE_ONLY,NexVox generated projection excluded to prevent recursive training duplication
CWTV-FVER-000271,980bf50489ae0a7c0aa216e784145697ca4f1749,20,M,nexvox/engineering/narratives/engineering-methods.md,f087d943133402fbf7a29d480edf3f286bbbc6c6,0fc6fc579380475c1ec19123c72e199c89c214b08b8599c5d7b5debe4bd095a6,888,15,REFERENCE_ONLY,NexVox generated projection excluded to prevent recursive training duplication
CWTV-FVER-000272,980bf50489ae0a7c0aa216e784145697ca4f1749,20,M,nexvox/engineering/narratives/failures-corrections-lessons.md,9c68bc0814a114ec6a6c0052b3eb887b0c2f975c,e9a8b69f6f4b49a5094eaa639e0a97229152aa10e005fc28ca9b89c1253b33b8,5389,149,REFERENCE_ONLY,NexVox generated projection excluded to prevent recursive training duplication
CWTV-FVER-000273,3f9f175407d217e70aeb27420332fe44543e4ea8,21,A,docs/architecture/CineWatch_TV_V1_Brand_and_Streaming_Signature_Authority_001.md,8bbc54d4e266e430dbc7c5b1a9c84326bda1edb1,5aff70dd9c2f2efdd6d555f95359cca591766d686a7d0c65a6265e4396c489aa,21205,943,TRAINING_ELIGIBLE,"CineWatch-owned source, test, governance, or engineering documentation"
CWTV-FVER-000274,3f9f175407d217e70aeb27420332fe44543e4ea8,21,M,docs/progress/CineWatch_TV_Engineering_Chronicle.md,c713bab397154057df8505cae14d933dc2d5727e,52240a2a98e5ca1dc1c1b8d909a7c8eb619a8442096b6c566cc37bd826633c98,45219,250,REFERENCE_ONLY,canonical/reference/generated artifact retained for provenance but excluded from training text
CWTV-FVER-000275,3f9f175407d217e70aeb27420332fe44543e4ea8,21,M,docs/progress/activity/engineering-events.jsonl,8e9a8e1bc741ec9509eb2119f3f3eacdd95b2ed5,4fef3d09f5f4c9deda60e9ea16d7e6f32243881b0e0c3253ba72fd1640aca1f2,102440,134,TRAINING_ELIGIBLE,"CineWatch-owned source, test, governance, or engineering documentation"
CWTV-FVER-000276,3f9f175407d217e70aeb27420332fe44543e4ea8,21,M,docs/progress/dashboard/progress-data.json,05b6b8d9d3b945c2d10140eab045c7727b37a893,7f36af652590f81039a9101ff0e2bb484e5a4f08c038731b7832d54eedef6f78,194948,4842,REFERENCE_ONLY,canonical/reference/generated artifact retained for provenance but excluded from training text
CWTV-FVER-000277,a95c4a2d25c23382fd0196350f9dbe1723be839f,22,M,docs/progress/CineWatch_TV_Engineering_Chronicle.md,095bed0cb061f8b2525ae5cc687f4da22399223c,5823a7b37de03962429f8e205eb7f7df44be9ff6d9e75c115b3729b47c801de3,46323,253,REFERENCE_ONLY,canonical/reference/generated artifact retained for provenance but excluded from training text
CWTV-FVER-000278,a95c4a2d25c23382fd0196350f9dbe1723be839f,22,M,docs/progress/activity/engineering-events.jsonl,0c6947e173fabc7ed8d980d39c1c2068376641d4,67116b641ca40e993151745f09021a2283b1557cb19590a0b440048329f93593,104200,136,TRAINING_ELIGIBLE,"CineWatch-owned source, test, governance, or engineering documentation"
CWTV-FVER-000279,a95c4a2d25c23382fd0196350f9dbe1723be839f,22,M,docs/progress/dashboard/progress-data.json,adaa80f919d50b2a50fe5668b067966e2c443951,b8710dbad21f01615284aa61eae46e886142e15c5487c8c304b21135cf304375,198147,4906,REFERENCE_ONLY,canonical/reference/generated artifact retained for provenance but excluded from training text
CWTV-FVER-000280,2b3c0b7a789a1480c999597c958defa9329feeb5,23,M,nexvox/engineering/DATASET_CARD.md,975c3007ac4e6113fd8270e45c7e582397e68bb9,e2af1b265767e2004907394ce784d9df61bedcc7ffd2e25d20bf2cb8a3c98e11,1510,37,REFERENCE_ONLY,NexVox generated projection excluded to prevent recursive training duplication
CWTV-FVER-000281,2b3c0b7a789a1480c999597c958defa9329feeb5,23,M,nexvox/engineering/checksums.sha256,21e75296cd71a5cfa2319117ca1c2e9cb2151629,1b998432313a0854bc31d655cecc6249459dfcb14f6bcacbd81d1f469482fea0,2696,,REFERENCE_ONLY,NexVox generated projection excluded to prevent recursive training duplication
CWTV-FVER-000282,2b3c0b7a789a1480c999597c958defa9329feeb5,23,M,nexvox/engineering/datasets/artifacts.csv,585394fa3314964fe66735a38c87fd614e301570,0219345af114d217f63516a9eff1e1aa7bc6d41568b97ad686605c162fa9fc88,11394,,REFERENCE_ONLY,NexVox generated projection excluded to prevent recursive training duplication
CWTV-FVER-000283,2b3c0b7a789a1480c999597c958defa9329feeb5,23,M,nexvox/engineering/datasets/commit-changes.csv,f2ec6adfdb55e9fe76e7d4e079b4643c29cbdcc0,d27c9169a30d86ee48c08d903cb4c4c99aae6d4926006015243c73879a3a5ae3,35053,,REFERENCE_ONLY,NexVox generated projection excluded to prevent recursive training duplication
CWTV-FVER-000284,2b3c0b7a789a1480c999597c958defa9329feeb5,23,M,nexvox/engineering/datasets/commits.csv,dfd77433ec1cdde6f4873afd88a6b84c711a8bcc,66b5a0cd27606969895c6f47b5cd5c6085969f7096d84f1de0b1da4338de0d83,4984,,REFERENCE_ONLY,NexVox generated projection excluded to prevent recursive training duplication
CWTV-FVER-000285,2b3c0b7a789a1480c999597c958defa9329feeb5,23,M,nexvox/engineering/datasets/decisions.csv,6e4fc564d8c133419a30f459b02813b71c835fe4,3a5999d32cac14e6b4928f827d7872d7db3557149dc6d4f6c8cda5d2b2dca853,5921,,REFERENCE_ONLY,NexVox generated projection excluded to prevent recursive training duplication
CWTV-FVER-000286,2b3c0b7a789a1480c999597c958defa9329feeb5,23,M,nexvox/engineering/datasets/failure-correction-chains.csv,26e028c1dfd2ac6628e1ec4d6ba1153400f80725,fb06d833f9c17f80c3bc834c870edbe17d06dd2371148e72591af293b54c0e7e,9360,,REFERENCE_ONLY,NexVox generated projection excluded to prevent recursive training duplication
CWTV-FVER-000287,2b3c0b7a789a1480c999597c958defa9329feeb5,23,M,nexvox/engineering/datasets/history-records.jsonl,d766d709f0ceea7b055e2b31478b8fd9498a16cf,e26e0af3b3640c94d1a492d58027f4432477456785e7b14b7463834f22972d68,927004,204,REFERENCE_ONLY,NexVox generated projection excluded to prevent recursive training duplication
CWTV-FVER-000288,2b3c0b7a789a1480c999597c958defa9329feeb5,23,M,nexvox/engineering/datasets/knowledge-records.jsonl,b7e1fe6e2d9a929a6d5973b4dd6305984855e064,40dea4725101ba1e7e0224eb5e767e3f507a9a62d1a49affbb09d7cb02641a60,818308,317,REFERENCE_ONLY,NexVox generated projection excluded to prevent recursive training duplication
CWTV-FVER-000289,2b3c0b7a789a1480c999597c958defa9329feeb5,23,M,nexvox/engineering/datasets/milestones.csv,031f12af06bbcf8b39e6e0679bb3e43265f29970,9853062117e43424eee932964936ca4ab19f54e9790c8f5327cb6f18c6b3af53,1277,,REFERENCE_ONLY,NexVox generated projection excluded to prevent recursive training duplication
CWTV-FVER-000290,2b3c0b7a789a1480c999597c958defa9329feeb5,23,M,nexvox/engineering/datasets/repository-file-versions.csv,18d3a8549592edfc170b090d46efd2caeba257cd,9e2179802c3beb2f84b4bc45fcf305ad493659de8e4c6ca398b04c47f2adbdef,86633,,REFERENCE_ONLY,NexVox generated projection excluded to prevent recursive training duplication
CWTV-FVER-000291,2b3c0b7a789a1480c999597c958defa9329feeb5,23,M,nexvox/engineering/datasets/repository-files.csv,a27355618a8e7a68beca52dc756d94abfe60311d,6cb366c7f48a450ce6e9f6c74e748c0681ce57df17579e29a9baf0c7acc646a1,54221,,REFERENCE_ONLY,NexVox generated projection excluded to prevent recursive training duplication
CWTV-FVER-000292,2b3c0b7a789a1480c999597c958defa9329feeb5,23,M,nexvox/engineering/datasets/source-reconciliations.csv,32e13e30b9eef5fdbcfa88a6d8be3575c819b45a,74a1c71d930119ab1bd81fabd4d23dff77b699eaab076aea93e0940fa932766e,3542,,REFERENCE_ONLY,NexVox generated projection excluded to prevent recursive training duplication
CWTV-FVER-000293,2b3c0b7a789a1480c999597c958defa9329feeb5,23,M,nexvox/engineering/manifests/corpus-manifest.yaml,a65addae633ac0945ec1270b70cd13668923792d,2645a1481620c308745827334484ea395178dad045f84a2164d97a9ba9f5e464,521,18,REFERENCE_ONLY,NexVox generated projection excluded to prevent recursive training duplication
CWTV-FVER-000294,2b3c0b7a789a1480c999597c958defa9329feeb5,23,M,nexvox/engineering/manifests/sync-state.yaml,6d61ab3e6e1d9106c63d45ab68b956595ab3feb4,bbce232bc6ae1907566b74636f8d83bde0670dabb14f95a4e5517e597b0a4981,358,9,REFERENCE_ONLY,NexVox generated projection excluded to prevent recursive training duplication
CWTV-FVER-000295,2b3c0b7a789a1480c999597c958defa9329feeb5,23,M,nexvox/engineering/narratives/architecture-decisions.md,a6362ef179714711e1462f15407292334f87f25a,a5992d03ec846b86baeec952653ced5bfbf1bfc68d99b3a69ad3f2ce7e52090b,5587,47,REFERENCE_ONLY,NexVox generated projection excluded to prevent recursive training duplication
CWTV-FVER-000296,2b3c0b7a789a1480c999597c958defa9329feeb5,23,M,nexvox/engineering/narratives/engineering-history.md,8d7f3d48fc81e989af34c37dff650b0d7e4d020b,fc218193a76eca12095ff70ff1859e43250d7c06e1eac5112f55767c89f67d64,2663,46,REFERENCE_ONLY,NexVox generated projection excluded to prevent recursive training duplication
CWTV-FVER-000297,2b3c0b7a789a1480c999597c958defa9329feeb5,23,M,nexvox/engineering/narratives/engineering-methods.md,e9ffbe7a657c2348d42d693026974e89bbc2a09d,7873f28d7764de02985bafd2c7753e5d00aa5abd7e7c27f7e6f2f7110d525eea,888,15,REFERENCE_ONLY,NexVox generated projection excluded to prevent recursive training duplication
CWTV-FVER-000298,2b3c0b7a789a1480c999597c958defa9329feeb5,23,M,nexvox/engineering/narratives/failures-corrections-lessons.md,53dd96c00bd9588691bb410512376fe37c52c7fa,0fca26e40284114f79f86e7c7adb177473f44850a00454a8aec5954a0dae2f96,6018,157,REFERENCE_ONLY,NexVox generated projection excluded to prevent recursive training duplication
CWTV-FVER-000299,7ce6168a347949c4a4feca5c16baefe1fd9596ea,24,M,CINEWATCH_ENGINEERING_WORKFLOW.md,4b09bf153edc3b918b90e170bcf810cc9bfb9d9e,929a086dac950b95918ef59cc4ccc59f5c455a609814e6688d8b6424db731adf,25937,1041,TRAINING_ELIGIBLE,"CineWatch-owned source, test, governance, or engineering documentation"
CWTV-FVER-000300,7ce6168a347949c4a4feca5c16baefe1fd9596ea,24,M,docs/progress/CineWatch_TV_Engineering_Chronicle.md,745560838715c07aa78bcc78ebee63922ad63c92,f440b7cc3a1a6dbc1ab0ef5295592b870ab8f5be64a6907d88c112d1e119e1de,47136,256,REFERENCE_ONLY,canonical/reference/generated artifact retained for provenance but excluded from training text
CWTV-FVER-000301,7ce6168a347949c4a4feca5c16baefe1fd9596ea,24,M,docs/progress/activity/engineering-events.jsonl,8478f3e67f81362fb4258b6374c61b552b1d6e37,734e36964413f91df640cd0fe5871be8ca0a9d0aa5a3f499d961d24cf544cec3,105972,138,TRAINING_ELIGIBLE,"CineWatch-owned source, test, governance, or engineering documentation"
CWTV-FVER-000302,7ce6168a347949c4a4feca5c16baefe1fd9596ea,24,M,docs/progress/dashboard/progress-data.json,b73d114410bbac6cc159b40ebcf72b2d3879627d,6c0b6a0300e8157f0bd7745826dd44e339b4e1f5bacf4efc64eb1b66dcaf80de,201428,4976,REFERENCE_ONLY,canonical/reference/generated artifact retained for provenance but excluded from training text
CWTV-FVER-000303,7ce6168a347949c4a4feca5c16baefe1fd9596ea,24,M,scripts/check_nexvox_engineering_corpus.py,34ccf7ed2329a36dcd4dc8b767576f0d91cce29a,33af038c69576423eaa640f256d2014e7aa51dfaf4adf8ee6cdd56c1d3243c66,9351,236,TRAINING_ELIGIBLE,"CineWatch-owned source, test, governance, or engineering documentation"
CWTV-FVER-000304,7ce6168a347949c4a4feca5c16baefe1fd9596ea,24,M,tests/repository/test_nexvox_engineering_corpus.py,da4cf90fefeb2a15513cfeacc666298a48472731,908ab26d47ea1faff3e87e672b61078160394b4c950bd7c1116e4df53428a84a,1820,50,TRAINING_ELIGIBLE,"CineWatch-owned source, test, governance, or engineering documentation"
CWTV-FVER-000305,233301bf98da58e7c871a03158518b09e7369c90,25,M,nexvox/engineering/DATASET_CARD.md,9b50829a6798669e289ce7612569e61c1977bb5d,d281a12e58f117451c0ec80d6aa1825c56a8245b33be765d6147e023b95715a2,1510,37,REFERENCE_ONLY,NexVox generated projection excluded to prevent recursive training duplication
CWTV-FVER-000306,233301bf98da58e7c871a03158518b09e7369c90,25,M,nexvox/engineering/checksums.sha256,cefe1efc5e975f74524cce11c8aed14d1647fd47,4596e4e9f63ef991dd37f4af84fdaf1e834cb78fa95791316addae933d61be5f,2696,,REFERENCE_ONLY,NexVox generated projection excluded to prevent recursive training duplication
CWTV-FVER-000307,233301bf98da58e7c871a03158518b09e7369c90,25,M,nexvox/engineering/datasets/artifacts.csv,f418277c3f8ae497a9f02831ee497849d57fea07,2de3a21563f901015832130384e63f8b6f0469cde011a4cb61cba48bb3c8700e,11806,,REFERENCE_ONLY,NexVox generated projection excluded to prevent recursive training duplication
CWTV-FVER-000308,233301bf98da58e7c871a03158518b09e7369c90,25,M,nexvox/engineering/datasets/commit-changes.csv,8e8728523b635b676aa66aab66a00c089a8a52b6,068bcf2c9987e1a6190df98ca6fb6bedde4aa44d714cbfbf3ba1f9fb77a33ff2,38329,,REFERENCE_ONLY,NexVox generated projection excluded to prevent recursive training duplication
CWTV-FVER-000309,233301bf98da58e7c871a03158518b09e7369c90,25,M,nexvox/engineering/datasets/commits.csv,2cea16a2e64f1fc162c11d14325f9dc90934781f,103f7332b68c70d9e48230f3353cebe4d53e745cba6b6e967cba1d73d934207c,5448,,REFERENCE_ONLY,NexVox generated projection excluded to prevent recursive training duplication
CWTV-FVER-000310,233301bf98da58e7c871a03158518b09e7369c90,25,M,nexvox/engineering/datasets/decisions.csv,ee3e3256b3fff275b178e2d36785d199d8043193,3488acb078e9d4bc6a99e69c9640d936f7155f1f68a6d031541e75f4d609b80f,5921,,REFERENCE_ONLY,NexVox generated projection excluded to prevent recursive training duplication
CWTV-FVER-000311,233301bf98da58e7c871a03158518b09e7369c90,25,M,nexvox/engineering/datasets/dependencies.csv,129f2bf88addec411446f4a8a2c88dd250057f82,ca0b8547b7402567e9949bc01aee2e4b905f306aab4fd208c6f61983d5cf1bb9,27374,,REFERENCE_ONLY,NexVox generated projection excluded to prevent recursive training duplication
CWTV-FVER-000312,233301bf98da58e7c871a03158518b09e7369c90,25,M,nexvox/engineering/datasets/failure-correction-chains.csv,7e1ba9b47b2f17a790c91475007cd76c4c2a7ea2,635e4583d027013df34214f547b682aaf65e501ea56fe56a0a0d2a9578dc9aa7,10019,,REFERENCE_ONLY,NexVox generated projection excluded to prevent recursive training duplication
CWTV-FVER-000313,233301bf98da58e7c871a03158518b09e7369c90,25,M,nexvox/engineering/datasets/history-records.jsonl,2963d83602e976b82f7bb4a4d1454134b6f936b3,12b38efb5717be99aa7cd92ac778f1414abd8f8d599be7f290d62e59a6da4bb9,939722,208,REFERENCE_ONLY,NexVox generated projection excluded to prevent recursive training duplication
CWTV-FVER-000314,233301bf98da58e7c871a03158518b09e7369c90,25,M,nexvox/engineering/datasets/knowledge-records.jsonl,ceac6751cba55beedf0f31c244ed9b1d28d4385b,f181e1efc5e7da3cc253abe6526b7d79f0f410ecd173a244deb5399ed821b62d,823187,318,REFERENCE_ONLY,NexVox generated projection excluded to prevent recursive training duplication
CWTV-FVER-000315,233301bf98da58e7c871a03158518b09e7369c90,25,M,nexvox/engineering/datasets/milestones.csv,33cbf25aec55ef42effd66f2f5e55661a6a7da13,dae5d85a1363f1b7d28df841f398c2630509acdc1fe6624484449389af1a56ef,1277,,REFERENCE_ONLY,NexVox generated projection excluded to prevent recursive training duplication
CWTV-FVER-000316,233301bf98da58e7c871a03158518b09e7369c90,25,M,nexvox/engineering/datasets/repository-file-versions.csv,de930ef8d820339c822eac1faaab5b6eae1a9b9d,12e8b1ca3910b517a524a722d0028d5339645f7c162851c7d512568b9c65f213,94624,,REFERENCE_ONLY,NexVox generated projection excluded to prevent recursive training duplication
CWTV-FVER-000317,233301bf98da58e7c871a03158518b09e7369c90,25,M,nexvox/engineering/datasets/repository-files.csv,e0329dd80ccceac1adc053cbe7121317043cc502,3c0fd5d7a747a4dd369ebc3af2bed9b18968ed50021db56121b57219e3f6f16d,54222,,REFERENCE_ONLY,NexVox generated projection excluded to prevent recursive training duplication
CWTV-FVER-000318,233301bf98da58e7c871a03158518b09e7369c90,25,M,nexvox/engineering/datasets/source-reconciliations.csv,f0e85c8dd9af0d85b87d04bdb45b33c2695138d7,eabbe7fbc88c4b36a4340b1e54bec4618a7d79c1722681e9968b02c74f6ccd26,3542,,REFERENCE_ONLY,NexVox generated projection excluded to prevent recursive training duplication
CWTV-FVER-000319,233301bf98da58e7c871a03158518b09e7369c90,25,M,nexvox/engineering/datasets/symbols.csv,d8d053442f032ec8e7605a7ec81af1cb791f45ba,5bbaa574e0820c15554e734c2ae1fec86f3be5612d833a094ad70d741fd474a8,22478,,REFERENCE_ONLY,NexVox generated projection excluded to prevent recursive training duplication
CWTV-FVER-000320,233301bf98da58e7c871a03158518b09e7369c90,25,M,nexvox/engineering/manifests/corpus-manifest.yaml,fd2ded8d83d32c9fa81e0cce21dcbec6462bfd69,655b10c476f5ab54f351171f68b98ca889523b9925fd7ed618d6b2046d14cab4,521,18,REFERENCE_ONLY,NexVox generated projection excluded to prevent recursive training duplication
CWTV-FVER-000321,233301bf98da58e7c871a03158518b09e7369c90,25,M,nexvox/engineering/manifests/sync-state.yaml,24a135101e738f225860207cc6799f46f6cdbd32,843edc114811b71d1cca24da34db93b8820e27884d26c2812fbdd601c5428a55,358,9,REFERENCE_ONLY,NexVox generated projection excluded to prevent recursive training duplication
CWTV-FVER-000322,233301bf98da58e7c871a03158518b09e7369c90,25,M,nexvox/engineering/narratives/architecture-decisions.md,103c4a8db05e2e07e9881a98932dcfa9a14d52dc,f37ab62ba955d535a62f5939e7414c1ff9402929c567b2b92eddd39018f03247,5587,47,REFERENCE_ONLY,NexVox generated projection excluded to prevent recursive training duplication
CWTV-FVER-000323,233301bf98da58e7c871a03158518b09e7369c90,25,M,nexvox/engineering/narratives/engineering-history.md,679992073c15f7b21353d9abfbc396cc66848568,8132c4d8a6804179c9891a1bbe099f39412d1b28a0bcc68790ae147d7f84ad9e,2782,48,REFERENCE_ONLY,NexVox generated projection excluded to prevent recursive training duplication
CWTV-FVER-000324,233301bf98da58e7c871a03158518b09e7369c90,25,M,nexvox/engineering/narratives/engineering-methods.md,8264ddac8665b8b1f35917d5f10dffa8b4b8ff04,85141552392a67986336d81f69ccdb6b5f732076fa627c997413bf61bd0b3594,888,15,REFERENCE_ONLY,NexVox generated projection excluded to prevent recursive training duplication
CWTV-FVER-000325,233301bf98da58e7c871a03158518b09e7369c90,25,M,nexvox/engineering/narratives/failures-corrections-lessons.md,9f14986f401f9fc0191bf05ac12edeedf5871a2c,7718c0aa0ac8add29c2e94978884666c57948b5282183047b870a3baa179b9c2,6400,165,REFERENCE_ONLY,NexVox generated projection excluded to prevent recursive training duplication
CWTV-FVER-000326,974d6b6dcdc15b0b027e265f25fb7686454a878b,26,A,docs/architecture/CineWatch_TV_V1_A3_Signature_Cinematic_Selection_Lock_001.md,fa5b7f4e7370270a068d23749c4b1d33ef836545,7898bd6e2e0a9e3bf26d0f10ce8a086d421d3e216f0c549ca7433d70402dd1c6,6843,218,TRAINING_ELIGIBLE,"CineWatch-owned source, test, governance, or engineering documentation"
CWTV-FVER-000327,974d6b6dcdc15b0b027e265f25fb7686454a878b,26,A,docs/architecture/evidence/CineWatch_TV_V1_A3_Signature_Cinematic_Selected_Direction_001.json,0eb20cc4d0b3852ebff39dd7fc23c1233d5d4594,a484983cc332dc31e5b5eaae4a496d8e294d1cbac63e69e90c19894b0f243010,1439,55,TRAINING_ELIGIBLE,"CineWatch-owned source, test, governance, or engineering documentation"
CWTV-FVER-000328,974d6b6dcdc15b0b027e265f25fb7686454a878b,26,A,docs/architecture/evidence/CineWatch_TV_V1_A3_Signature_Cinematic_Selected_Direction_001.png,c666ba4ed137d2f2798af7b37bef8997da5e8b0e,a0da8a1259fd72886d86af8591f32d32cf90487bc412a8fef07239ef07b0ed1c,1676888,,TRAINING_ELIGIBLE,"CineWatch-owned source, test, governance, or engineering documentation"
CWTV-FVER-000329,974d6b6dcdc15b0b027e265f25fb7686454a878b,26,M,docs/progress/CineWatch_TV_Engineering_Chronicle.md,62795d6f6ca08766881f4c579817d5eedf71e1af,d35fe9ee47a6ab422a98e95dae76f6bcd1dd27ad414071f3e26cb6fb87f77e97,47560,258,REFERENCE_ONLY,canonical/reference/generated artifact retained for provenance but excluded from training text
CWTV-FVER-000330,974d6b6dcdc15b0b027e265f25fb7686454a878b,26,M,docs/progress/activity/engineering-events.jsonl,3ffd76c51d5b636f664f8ea43a485843310a4d23,888ca54ca4a4cb338f28d30d4bbc1cb29ce20a07b2c59f332eb47bf91cdb9121,106831,139,TRAINING_ELIGIBLE,"CineWatch-owned source, test, governance, or engineering documentation"
CWTV-FVER-000331,974d6b6dcdc15b0b027e265f25fb7686454a878b,26,M,docs/progress/dashboard/progress-data.json,82be260cd6da92f61b2e253ac92bbb0356839b19,b2286991826a84a77f238ace1a3bf4724a47f6dfd7f97595d064c3785aa35b86,203524,5024,REFERENCE_ONLY,canonical/reference/generated artifact retained for provenance but excluded from training text
CWTV-FVER-000332,974d6b6dcdc15b0b027e265f25fb7686454a878b,26,A,scripts/check_brand_streaming_signature_selection.py,239a3391eb16377c24bd6015e52b8cafcc820963,32b8d244958ec240317a754393125408808cd20ccd7ca8365abeb3ccc9b90817,6068,147,TRAINING_ELIGIBLE,"CineWatch-owned source, test, governance, or engineering documentation"
CWTV-FVER-000333,974d6b6dcdc15b0b027e265f25fb7686454a878b,26,A,tests/repository/test_brand_streaming_signature_selection.py,5b30f02ee1fb9523580fd0d253d1ed44e644257b,94f3dfe831a7537a126d30e4fc1ac3ca72d7f4ad38facb4d262352ff37f855b1,816,29,TRAINING_ELIGIBLE,"CineWatch-owned source, test, governance, or engineering documentation"
CWTV-FVER-000334,20e851e5eb0577831b0b05bc3cb6c92ee6319e43,27,M,docs/progress/CineWatch_TV_Engineering_Chronicle.md,517d8386f27dcf57a79631359e4a841d08ba24e8,f6af20d2d31d75eb47e5fafdc2d948f81663085ee40edafdb9a6daa2908157ff,48117,259,REFERENCE_ONLY,canonical/reference/generated artifact retained for provenance but excluded from training text
CWTV-FVER-000335,20e851e5eb0577831b0b05bc3cb6c92ee6319e43,27,M,docs/progress/activity/engineering-events.jsonl,aa214fe9adb8822e95e35938ad3280889544ae2d,56e4947ffcb41d6259cb5d06f6b4797a2b5cb7503d8b886305c0f52284aea3a9,107965,140,TRAINING_ELIGIBLE,"CineWatch-owned source, test, governance, or engineering documentation"
CWTV-FVER-000336,20e851e5eb0577831b0b05bc3cb6c92ee6319e43,27,M,docs/progress/dashboard/progress-data.json,804698a03ed6aeb5a2d3ebac6e11db62d9f6aef6,430526bfa49ecb31bed27e2a94bccde0f61abc42d102bca17691c17d1506bf9a,204891,5053,REFERENCE_ONLY,canonical/reference/generated artifact retained for provenance but excluded from training text
CWTV-FVER-000337,eed31123509a5a7410f45d95a815164451055a47,28,M,nexvox/engineering/DATASET_CARD.md,22c2f1e4d4f8a252187d8a8deab73a1ba8a09137,2ca9535fbf273d92f39d35265cd35fbdaeb9fd9ea1dcb80711557f7b28c44405,1511,37,REFERENCE_ONLY,NexVox generated projection excluded to prevent recursive training duplication
CWTV-FVER-000338,eed31123509a5a7410f45d95a815164451055a47,28,M,nexvox/engineering/checksums.sha256,02799682a4d1f3ef63ebb8198fab029629715088,67f8cc536bad72b483c1c355b519d4db3bc443566a59b863bcc0ddcaa09af94a,2696,,REFERENCE_ONLY,NexVox generated projection excluded to prevent recursive training duplication
CWTV-FVER-000339,eed31123509a5a7410f45d95a815164451055a47,28,M,nexvox/engineering/datasets/artifacts.csv,2caa199a8b13060c967b0b84237ba790fa198a03,8bb4c7a04914b67d34eaf6300c9e82a49d07823ab8882461e5e99b06fd153eb5,12163,,REFERENCE_ONLY,NexVox generated projection excluded to prevent recursive training duplication
CWTV-FVER-000340,eed31123509a5a7410f45d95a815164451055a47,28,M,nexvox/engineering/datasets/commit-changes.csv,d9618717ff711e9bfbe3c04e58e7b53d4da073e1,2c1ca70495bbc6cfc448b33cea3cf25b96bef627eb4fc027a0a276de549aa22d,42674,,REFERENCE_ONLY,NexVox generated projection excluded to prevent recursive training duplication
CWTV-FVER-000341,eed31123509a5a7410f45d95a815164451055a47,28,M,nexvox/engineering/datasets/commits.csv,dd479169fb55436c7276863a12c0044f39d71ff9,6db7ba818f1e3ca11e6c10fc7957e1c961aeebfb5889161886400959bde43509,6125,,REFERENCE_ONLY,NexVox generated projection excluded to prevent recursive training duplication
CWTV-FVER-000342,eed31123509a5a7410f45d95a815164451055a47,28,M,nexvox/engineering/datasets/decisions.csv,2700912806db092be88c9871054deffdb4d771fe,a2ab24eeb40314f023e82fe96e89fa7d8e18073e94170d7c8a2a66368958f31c,5921,,REFERENCE_ONLY,NexVox generated projection excluded to prevent recursive training duplication
CWTV-FVER-000343,eed31123509a5a7410f45d95a815164451055a47,28,M,nexvox/engineering/datasets/dependencies.csv,afaddced8c86df976ca38f0d0443fcc80fdaf1b5,692579378ad5ab8354eb729b3785c069cbb2cdb3603ea6f0aeec994861ef5126,28563,,REFERENCE_ONLY,NexVox generated projection excluded to prevent recursive training duplication
CWTV-FVER-000344,eed31123509a5a7410f45d95a815164451055a47,28,M,nexvox/engineering/datasets/history-records.jsonl,64f6fb72240b5a3c5b8bb64cc466cd62d74d4bcc,e789203664af85eb424f01454b72fb527686b982bfa11b8cc7c1c796ff90118e,970216,215,REFERENCE_ONLY,NexVox generated projection excluded to prevent recursive training duplication
CWTV-FVER-000345,eed31123509a5a7410f45d95a815164451055a47,28,M,nexvox/engineering/datasets/knowledge-records.jsonl,ca363c47b6d357f57b8f4caa8c7fe47e20e8281c,a1cfb979b3edb310dee177daebd1afdb541d83973511d0977ce2954f0a36b1c8,845030,326,REFERENCE_ONLY,NexVox generated projection excluded to prevent recursive training duplication
CWTV-FVER-000346,eed31123509a5a7410f45d95a815164451055a47,28,M,nexvox/engineering/datasets/milestones.csv,6a1b03317ef8c59ee784d63efa4d42a0627e38a7,9fe97ca3ce526406fd8cb046dee5e9289aa857f64ba7b96f7d0dfe8068952817,1298,,REFERENCE_ONLY,NexVox generated projection excluded to prevent recursive training duplication
CWTV-FVER-000347,eed31123509a5a7410f45d95a815164451055a47,28,M,nexvox/engineering/datasets/qualifications.csv,90f7640406c1ce4cb7c513e19e71a0fcfc738297,b53db815d045cfbcb2a3e8f076bb4fa0f2a92257896098bcb456f89678a56f25,6129,,REFERENCE_ONLY,NexVox generated projection excluded to prevent recursive training duplication
CWTV-FVER-000348,eed31123509a5a7410f45d95a815164451055a47,28,M,nexvox/engineering/datasets/repository-file-versions.csv,df24b14d682d17798f1dc7d83b5b08788fa19eda,daa647885fea799e622daac887934fc06afd4f1ab6fb0955da94e4ea80a8881a,105021,,REFERENCE_ONLY,NexVox generated projection excluded to prevent recursive training duplication
CWTV-FVER-000349,eed31123509a5a7410f45d95a815164451055a47,28,M,nexvox/engineering/datasets/repository-files.csv,d9739beb5088b3b0089b3867643499494d9b52bd,4fe75ff3f0de49447c3dc70a5426131f712805c96e6a070e36ec254396f91e35,55883,,REFERENCE_ONLY,NexVox generated projection excluded to prevent recursive training duplication
CWTV-FVER-000350,eed31123509a5a7410f45d95a815164451055a47,28,M,nexvox/engineering/datasets/source-reconciliations.csv,8bbb904628aeec35e9792d9154048d826a38c1b8,bef126c6c6db2bd93f9cca1b4f2790f27a4dc79929d4a8188eb3b2a34d1a4895,3542,,REFERENCE_ONLY,NexVox generated projection excluded to prevent recursive training duplication
CWTV-FVER-000351,eed31123509a5a7410f45d95a815164451055a47,28,M,nexvox/engineering/datasets/symbols.csv,b57e1ad289813f8afaecabbc2ed2d7a61776a285,92efe1781ce1465d072e9fa9bbeed262e2d7ec4322930fdbf141263a890c1dfc,23432,,REFERENCE_ONLY,NexVox generated projection excluded to prevent recursive training duplication
CWTV-FVER-000352,eed31123509a5a7410f45d95a815164451055a47,28,M,nexvox/engineering/manifests/corpus-manifest.yaml,8eba9e8c486581be9803ae02854211aa8e285a45,c593c04c6f69c8644f16ebeb0ff7204d34c7cae6d0da3dc157eab70428b32482,521,18,REFERENCE_ONLY,NexVox generated projection excluded to prevent recursive training duplication
CWTV-FVER-000353,eed31123509a5a7410f45d95a815164451055a47,28,M,nexvox/engineering/manifests/sync-state.yaml,2dfcdbb8806d4111f02329946967ce6dfd681e14,d1c8cbf35e57cfe9292996678ba2297b767e5b8a92fd2411a3cae5246932e66f,358,9,REFERENCE_ONLY,NexVox generated projection excluded to prevent recursive training duplication
CWTV-FVER-000354,eed31123509a5a7410f45d95a815164451055a47,28,M,nexvox/engineering/narratives/architecture-decisions.md,04a8ca67a69cfbad819bcf4af0f2820302124131,04610e5bbbcfb4089b0ac89827fe7bb1ed1d05e6edf41534055d8b64b1176c0b,5587,47,REFERENCE_ONLY,NexVox generated projection excluded to prevent recursive training duplication
CWTV-FVER-000355,eed31123509a5a7410f45d95a815164451055a47,28,M,nexvox/engineering/narratives/engineering-history.md,bf573b809265e07de22d8bf6351ad0069b39eb7c,7b845a002208e722612bb3f95b5e5d96e7c05d0b76303fb4a0644c28c08dbf6e,2964,51,REFERENCE_ONLY,NexVox generated projection excluded to prevent recursive training duplication
CWTV-FVER-000356,eed31123509a5a7410f45d95a815164451055a47,28,M,nexvox/engineering/narratives/engineering-methods.md,c7622d4de169d88a5ee211005368ea14ebaa9752,0656a1ca3cf4c42255ac4d570659e7d4516d0dc838af2747ae1eb9235be059c2,888,15,REFERENCE_ONLY,NexVox generated projection excluded to prevent recursive training duplication
CWTV-FVER-000357,eed31123509a5a7410f45d95a815164451055a47,28,M,nexvox/engineering/narratives/failures-corrections-lessons.md,b732de5cfe4d9a09da8dba8a55fe36a25133f956,c54e7033065fc01079250aa179e0173ac2ffa7e41d17458eed25ce2606ac6636,6400,165,REFERENCE_ONLY,NexVox generated projection excluded to prevent recursive training duplication
CWTV-FVER-000358,7f6dc58a51f202991c562255a472f40d00584c58,29,A,docs/architecture/CineWatch_TV_V1_A3_Master_Geometry_Parameterization_001.md,8c457e444f1065dec106b645d38d3cb906f57b60,beebfc7b9262395661e86a6257523156b0b7a74a2336732961a84d32d031a27e,9198,375,TRAINING_ELIGIBLE,"CineWatch-owned source, test, governance, or engineering documentation"
CWTV-FVER-000359,7f6dc58a51f202991c562255a472f40d00584c58,29,A,docs/architecture/geometry/CineWatch_TV_V1_A3_Master_Geometry_Parameters_001.json,911ba5e53888a40136da8d2a630415c2405f2e1e,a0d5768be2fec9b674ffbb55cdf680c878ca78673673b3b27eacac3a40a70e90,3411,135,TRAINING_ELIGIBLE,"CineWatch-owned source, test, governance, or engineering documentation"
CWTV-FVER-000360,7f6dc58a51f202991c562255a472f40d00584c58,29,M,docs/progress/CineWatch_TV_Engineering_Chronicle.md,bbafd086a570751ad9b8d674cec3aed4fae3158f,cf5aa8dd1abff7db242251918140b823a272371e491434e7ed08d29e4b8cdbac,49181,263,REFERENCE_ONLY,canonical/reference/generated artifact retained for provenance but excluded from training text
CWTV-FVER-000361,7f6dc58a51f202991c562255a472f40d00584c58,29,M,docs/progress/activity/engineering-events.jsonl,0652c4233b8cb1cfe3ecbd7746ad3e45778441c4,0dd4a33dd3fdb9a4b1f8db854efc603ff9671b96ff9bfb412cf73e83ce7dada5,109957,142,TRAINING_ELIGIBLE,"CineWatch-owned source, test, governance, or engineering documentation"
CWTV-FVER-000362,7f6dc58a51f202991c562255a472f40d00584c58,29,M,docs/progress/dashboard/progress-data.json,7fbbcde17769103e46566dae86682d7f0c38f3bc,d8093f8a5a93b8b0de7249732a3e9f7036bd139cef83e612635aea5b07079624,209025,5151,REFERENCE_ONLY,canonical/reference/generated artifact retained for provenance but excluded from training text
CWTV-FVER-000363,7f6dc58a51f202991c562255a472f40d00584c58,29,A,scripts/check_a3_master_geometry_parameterization.py,1483dc26ddf288b11ac8c3c697683e07e74c9dc2,f63edcc48ce6ea5d908b5aa942179db6a566ac58e451f70c079591c642a84358,10389,264,TRAINING_ELIGIBLE,"CineWatch-owned source, test, governance, or engineering documentation"
CWTV-FVER-000364,7f6dc58a51f202991c562255a472f40d00584c58,29,A,tests/repository/test_a3_master_geometry_parameterization.py,d523b354c4d1984b0d0ffa6db6136fa8182d8c7f,50e74010f846374ec50d536a6c2aa77bb74f6d07879b1a5f14097a2ad8ddac2b,812,29,TRAINING_ELIGIBLE,"CineWatch-owned source, test, governance, or engineering documentation"
CWTV-FVER-000365,6f140affbeacb646bfd90089b0e9b008e88be955,30,M,nexvox/engineering/DATASET_CARD.md,c8b3123e88615627a2cf3d90c0eb55929197a703,c710db6d849a271d88ec702a57d2eded9bfa251837d17e5b8ea5e42682edc35c,1511,37,REFERENCE_ONLY,NexVox generated projection excluded to prevent recursive training duplication
CWTV-FVER-000366,6f140affbeacb646bfd90089b0e9b008e88be955,30,M,nexvox/engineering/checksums.sha256,07593c324cfa12165796a6f15362742d6209e378,0505d3393c58d76b3bc08f011dd8685d7bbb7f9cfb43cb63ff15daf2b688cab5,2696,,REFERENCE_ONLY,NexVox generated projection excluded to prevent recursive training duplication
CWTV-FVER-000367,6f140affbeacb646bfd90089b0e9b008e88be955,30,M,nexvox/engineering/datasets/artifacts.csv,e84edbc5db257652cfee655b5c1227bdb176d757,be0a4f70a5b072a598b7a61b07a4a8151aab55e1a04115cc6f3fcb7b1595bd82,12527,,REFERENCE_ONLY,NexVox generated projection excluded to prevent recursive training duplication
CWTV-FVER-000368,6f140affbeacb646bfd90089b0e9b008e88be955,30,M,nexvox/engineering/datasets/commit-changes.csv,e68a85d7a0c3498de270b6fd885619809a2a9656,97196bb384b2c549e62c790183d2f36b68ad4101f4ce64583e0dbbebe828ba88,46431,,REFERENCE_ONLY,NexVox generated projection excluded to prevent recursive training duplication
CWTV-FVER-000369,6f140affbeacb646bfd90089b0e9b008e88be955,30,M,nexvox/engineering/datasets/commits.csv,b9109a8231a23ceded46d58cddcd344636941a5e,22b721f98e0f816e0c86500604224ac704b102c5e249f72b0180cd9f88a4f9f2,6587,,REFERENCE_ONLY,NexVox generated projection excluded to prevent recursive training duplication
CWTV-FVER-000370,6f140affbeacb646bfd90089b0e9b008e88be955,30,M,nexvox/engineering/datasets/decisions.csv,61eda42b23a362290d5fd759c136db45e3a85ac4,74b2b197852077299b483cd31f5a9f3c2cd386c27ad3c00af632775a353806af,5921,,REFERENCE_ONLY,NexVox generated projection excluded to prevent recursive training duplication
CWTV-FVER-000371,6f140affbeacb646bfd90089b0e9b008e88be955,30,M,nexvox/engineering/datasets/dependencies.csv,0fb0596750c8103a1793c5cb2e3dacace64a55f4,9ee961d927e1e93a6d2d5c4e0e93cd0db82307fef1475ce0cc369f2cc980179d,29750,,REFERENCE_ONLY,NexVox generated projection excluded to prevent recursive training duplication
CWTV-FVER-000372,6f140affbeacb646bfd90089b0e9b008e88be955,30,M,nexvox/engineering/datasets/history-records.jsonl,3fa07a312e073a3d6418f29fd408f47b6bf9c235,933707ea5c03e79db2b53c35eb90831709dbdbdad18485ab73831280d2163905,1005821,220,REFERENCE_ONLY,NexVox generated projection excluded to prevent recursive training duplication
CWTV-FVER-000373,6f140affbeacb646bfd90089b0e9b008e88be955,30,M,nexvox/engineering/datasets/knowledge-records.jsonl,7122870175f8affccdfc1ad53c040cf7e3266945,d6512b63913ba995a73122af052ff4300dc9b2b0d213b93edbe80a12fec9c7ec,878031,338,REFERENCE_ONLY,NexVox generated projection excluded to prevent recursive training duplication
CWTV-FVER-000374,6f140affbeacb646bfd90089b0e9b008e88be955,30,M,nexvox/engineering/datasets/milestones.csv,30c85d1146cc2dd76dcc1d06de443ed488eea7eb,ae4bab5a008cb378558f41982d8d6b7469e292b40236afb8cd9c12187f7f33b3,1397,,REFERENCE_ONLY,NexVox generated projection excluded to prevent recursive training duplication
CWTV-FVER-000375,6f140affbeacb646bfd90089b0e9b008e88be955,30,M,nexvox/engineering/datasets/qualifications.csv,425fa89e7272b6b63d53472f7233edf4f79419fc,b46fa103c1644c10f09386d68dc12dece8a8a99c80329a35bccc9f02371eceec,6499,,REFERENCE_ONLY,NexVox generated projection excluded to prevent recursive training duplication
CWTV-FVER-000376,6f140affbeacb646bfd90089b0e9b008e88be955,30,M,nexvox/engineering/datasets/repository-file-versions.csv,1b42824c494705b9421a46800ac0e77d1dc2b18d,26be362bdb53d3a068b12cf0961c97f373e1f358a33f0448d2ce7273405edb62,114039,,REFERENCE_ONLY,NexVox generated projection excluded to prevent recursive training duplication
CWTV-FVER-000377,6f140affbeacb646bfd90089b0e9b008e88be955,30,M,nexvox/engineering/datasets/repository-files.csv,dd44e534fed9273c6c549f7d2ecc8b780f0bca1a,e0227e882980aed50434253d3f1d4e079aed89958dbb3032975f585477e657cc,57180,,REFERENCE_ONLY,NexVox generated projection excluded to prevent recursive training duplication
CWTV-FVER-000378,6f140affbeacb646bfd90089b0e9b008e88be955,30,M,nexvox/engineering/datasets/source-reconciliations.csv,24c0cd164bae1c2e0a391e070d4144fbb028ffae,d09b79b56d15abf3de5867238c6a311d4c6f576f1195e30e749baf3f877dee43,3542,,REFERENCE_ONLY,NexVox generated projection excluded to prevent recursive training duplication
CWTV-FVER-000379,6f140affbeacb646bfd90089b0e9b008e88be955,30,M,nexvox/engineering/datasets/symbols.csv,82343320a40bdfcfcd1d0869e8b28f75ef891af0,72af47630f37ac107bc024c42a4fa382e7df04bcea34642ae1283a674900bfff,24259,,REFERENCE_ONLY,NexVox generated projection excluded to prevent recursive training duplication
CWTV-FVER-000380,6f140affbeacb646bfd90089b0e9b008e88be955,30,M,nexvox/engineering/manifests/corpus-manifest.yaml,9a7c5e07ad40a174341399a9553eae1958f689c9,67ed4a821fa129f543881c4beceab7072ef8128d382019a885f522b1e39a899a,521,18,REFERENCE_ONLY,NexVox generated projection excluded to prevent recursive training duplication
CWTV-FVER-000381,6f140affbeacb646bfd90089b0e9b008e88be955,30,M,nexvox/engineering/manifests/sync-state.yaml,add42e953adcc8b41890e65aafb636eddbffece4,3ad7f2daa7b61b5f9abfc6b5fca4d4fe07d4ddb249faf0baea869a2475e114a5,358,9,REFERENCE_ONLY,NexVox generated projection excluded to prevent recursive training duplication
CWTV-FVER-000382,6f140affbeacb646bfd90089b0e9b008e88be955,30,M,nexvox/engineering/narratives/architecture-decisions.md,2b0f16b737991b95c5e85f8988c86783aa3aaf0f,a47fa1e23f1ac7fc45c97f5ad9587e770ef27b4cbba424b49c60e5c2e5327a6e,5587,47,REFERENCE_ONLY,NexVox generated projection excluded to prevent recursive training duplication
CWTV-FVER-000383,6f140affbeacb646bfd90089b0e9b008e88be955,30,M,nexvox/engineering/narratives/engineering-history.md,b06f672161efbd35bb96ae258b40d64f97bec72d,69a1dd8eeaafb00ce861c39273e572c6e9d410e9006bbfde2283127463bea3f6,3152,54,REFERENCE_ONLY,NexVox generated projection excluded to prevent recursive training duplication
CWTV-FVER-000384,6f140affbeacb646bfd90089b0e9b008e88be955,30,M,nexvox/engineering/narratives/engineering-methods.md,a2c7c4be268013b858b88b45e2e78ad58f46718d,e3b019e177e8a5b4a3172fefa0ffb50bcb3ec0c76b012f13d1d385bd2587b6d4,888,15,REFERENCE_ONLY,NexVox generated projection excluded to prevent recursive training duplication
CWTV-FVER-000385,6f140affbeacb646bfd90089b0e9b008e88be955,30,M,nexvox/engineering/narratives/failures-corrections-lessons.md,e5322f3df7e10732621023b0c606e08b8a06ff32,9a6d98f4af214cfba1b44b7f6592c8460e492f626b051d04ff97e75e6e77c4f6,6400,165,REFERENCE_ONLY,NexVox generated projection excluded to prevent recursive training duplication
CWTV-FVER-000386,17a07d1d8625eabb3ed728d55934cf61789c77b0,31,D,apps/web/public/brand/.gitkeep,,,,,REFERENCE_ONLY,canonical/reference/generated artifact retained for provenance but excluded from training text
CWTV-FVER-000387,17a07d1d8625eabb3ed728d55934cf61789c77b0,31,A,apps/web/public/brand/asset-manifest.json,c61e804d82c789d5412e8c95a69f5567ba3114f4,c4b76fb27a7eff3f26bcb247aa6b7f39456eeb9611e1b70f9207e2ad64b61c50,5840,187,TRAINING_ELIGIBLE,"CineWatch-owned source, test, governance, or engineering documentation"
CWTV-FVER-000388,17a07d1d8625eabb3ed728d55934cf61789c77b0,31,A,apps/web/public/brand/cinewatch-lockup-on-dark.svg,faecf7a4d5b6a9b2bd176be266977641afda74f9,511add2c88078605ee08ab6a305755c4d2081c6a0282b0cf0fe13a00cfd82277,8595,,TRAINING_ELIGIBLE,"CineWatch-owned source, test, governance, or engineering documentation"
CWTV-FVER-000389,17a07d1d8625eabb3ed728d55934cf61789c77b0,31,A,apps/web/public/brand/cinewatch-lockup-on-light.svg,de70c903fd0c500192efed08b38c171e034c9514,10f2cb30cda3e5506af2fd6278149a511ff5753610b9f01d3071073ff3c504dc,8595,,TRAINING_ELIGIBLE,"CineWatch-owned source, test, governance, or engineering documentation"
CWTV-FVER-000390,17a07d1d8625eabb3ed728d55934cf61789c77b0,31,A,apps/web/public/brand/cinewatch-mark-m1-full.svg,0ce4f035b9dd1f9a05ae8c890005f9235cd414fe,fc53d6e30e41434858ac1ac3ee96abf9663adf60d2c0f2a0193042e34f3b2b10,2431,,TRAINING_ELIGIBLE,"CineWatch-owned source, test, governance, or engineering documentation"
CWTV-FVER-000391,17a07d1d8625eabb3ed728d55934cf61789c77b0,31,A,apps/web/public/brand/cinewatch-mark-r1a-black.svg,d7567616a405030a3b986d3576d14081f2df4f3f,ea46902a8b712c188016ecfef8410b551a7b1c6c506f0ecbccbc1fd10fbed4d4,1039,,TRAINING_ELIGIBLE,"CineWatch-owned source, test, governance, or engineering documentation"
CWTV-FVER-000392,17a07d1d8625eabb3ed728d55934cf61789c77b0,31,A,apps/web/public/brand/cinewatch-mark-r1a-full.svg,4ea0b3c7c80ea5dff507e425730b9b2ea9518293,6f9d58204588321b5103dc744d0b804818bf94ef7a0bb722892ae6d8ac3da918,2431,,TRAINING_ELIGIBLE,"CineWatch-owned source, test, governance, or engineering documentation"
CWTV-FVER-000393,17a07d1d8625eabb3ed728d55934cf61789c77b0,31,A,apps/web/public/brand/cinewatch-mark-r1a-white.svg,60262cc433bf144694cf55365c242c91294655fd,1a7fa017b645727047a6754642513324fb07890f8089c301fc8f8e7488e57359,1039,,TRAINING_ELIGIBLE,"CineWatch-owned source, test, governance, or engineering documentation"
CWTV-FVER-000394,17a07d1d8625eabb3ed728d55934cf61789c77b0,31,A,apps/web/public/brand/cinewatch-wordmark-on-dark.svg,cde4d4f41d34828f85f186ab2a09816ed888ef01,228522f86176e88f4a2b098928444ee24c6402e214592f053f54d1af352c1413,6232,,TRAINING_ELIGIBLE,"CineWatch-owned source, test, governance, or engineering documentation"
CWTV-FVER-000395,17a07d1d8625eabb3ed728d55934cf61789c77b0,31,A,apps/web/public/brand/cinewatch-wordmark-on-light.svg,51c200c0d0c025d5b69125632a18549202e43967,c64ef1d47ed967a69db10eae8b9c3a3241b465cc3c1b83d4d4e51c2f6dbb1a2f,6232,,TRAINING_ELIGIBLE,"CineWatch-owned source, test, governance, or engineering documentation"
CWTV-FVER-000396,17a07d1d8625eabb3ed728d55934cf61789c77b0,31,D,apps/web/public/icons/.gitkeep,,,,,REFERENCE_ONLY,canonical/reference/generated artifact retained for provenance but excluded from training text
CWTV-FVER-000397,17a07d1d8625eabb3ed728d55934cf61789c77b0,31,A,apps/web/public/icons/cinewatch-app-icon-180.png,8c2786081b10e92fe12527c4fd3858acf0e96610,ed300fc7f4973945b3bcfe488b467f6eb024ce02658826a6d206c1f1d7ce3634,7765,,TRAINING_ELIGIBLE,"CineWatch-owned source, test, governance, or engineering documentation"
CWTV-FVER-000398,17a07d1d8625eabb3ed728d55934cf61789c77b0,31,A,apps/web/public/icons/cinewatch-app-icon-192.png,b170dfc43eda431d54224bcc07a15d4e4f11310d,f855aebf6c737aca595bb5bb3a12b7481cccabb9d08863ebb06c6cd1ac0c69b3,8547,,TRAINING_ELIGIBLE,"CineWatch-owned source, test, governance, or engineering documentation"
CWTV-FVER-000399,17a07d1d8625eabb3ed728d55934cf61789c77b0,31,A,apps/web/public/icons/cinewatch-app-icon-512.png,9a4b372b6f882052c4809d2b6a9e4a812fd53ab0,a9942d2a81449e2d22a0abb2a5a62746508d5fe7e580d87c2971375af9dae582,26814,,TRAINING_ELIGIBLE,"CineWatch-owned source, test, governance, or engineering documentation"
CWTV-FVER-000400,17a07d1d8625eabb3ed728d55934cf61789c77b0,31,A,apps/web/public/icons/cinewatch-app-icon-light-512.png,b6edcbcf76a8ea93876e5e7b08847e09dae21cc1,a206286d0e5d9051788340e7f8b071e8f9a9ed998b070821d1a551cb884b16a3,27984,,TRAINING_ELIGIBLE,"CineWatch-owned source, test, governance, or engineering documentation"
CWTV-FVER-000401,17a07d1d8625eabb3ed728d55934cf61789c77b0,31,A,apps/web/public/icons/cinewatch-favicon-16.png,f3ca337cc8ae2fada6d167c1f06faf52b75b18e3,1a8b2d62a230d9d67aa8323a7ec378d47931d09770a75a3f78a22a90139ddfae,496,,TRAINING_ELIGIBLE,"CineWatch-owned source, test, governance, or engineering documentation"
CWTV-FVER-000402,17a07d1d8625eabb3ed728d55934cf61789c77b0,31,A,apps/web/public/icons/cinewatch-favicon-32.png,a52d549a29ffc32f877f96a41c7f57568baa17a5,a687480b4c15e6fd4fe1e450289a6b76350cb54fec2e34f0d7a07c95178512ef,1127,,TRAINING_ELIGIBLE,"CineWatch-owned source, test, governance, or engineering documentation"
CWTV-FVER-000403,17a07d1d8625eabb3ed728d55934cf61789c77b0,31,A,apps/web/public/icons/cinewatch-favicon-48.png,7074312bf061fe3a8d7a9a87549d4644ecab9c6b,17b979a6e6c9ed837bd33906438ee98301d2021f3cfd3efcbf81dab72196a793,1788,,TRAINING_ELIGIBLE,"CineWatch-owned source, test, governance, or engineering documentation"
CWTV-FVER-000404,17a07d1d8625eabb3ed728d55934cf61789c77b0,31,A,apps/web/public/icons/cinewatch-maskable-icon-512.png,0c1c7967c4c881b1ce5f8ed1798a64a81d950cca,e581ce67daf51456f54d8473a7754d8b893619a5f79d166397aa4694a750283a,17185,,TRAINING_ELIGIBLE,"CineWatch-owned source, test, governance, or engineering documentation"
CWTV-FVER-000405,17a07d1d8625eabb3ed728d55934cf61789c77b0,31,A,apps/web/public/icons/cinewatch-micro-16.png,3eecd2d77592122699621ddf3ceef2fb261d3810,94188854cdbe087de1a62d2db3135443dac771c5e372a1b07107327b652e5fe8,632,,TRAINING_ELIGIBLE,"CineWatch-owned source, test, governance, or engineering documentation"
CWTV-FVER-000406,17a07d1d8625eabb3ed728d55934cf61789c77b0,31,A,apps/web/public/icons/cinewatch-micro-24.png,7c4b116a5a1bfa5720ba1d0552d833256ac3fca0,e2fb2654ecfe0e2c251816abca49c9b03c222454a87b44411d4fb441bd91ca1a,955,,TRAINING_ELIGIBLE,"CineWatch-owned source, test, governance, or engineering documentation"
CWTV-FVER-000407,17a07d1d8625eabb3ed728d55934cf61789c77b0,31,A,apps/web/public/icons/cinewatch-micro-32.png,0eb8ac3721df8b6cc0d908eb0f6d73bbecea536f,bae18edf0cae3ab738fd39717605456d671be08ebfc158b916d72fd6e4d07d0a,1289,,TRAINING_ELIGIBLE,"CineWatch-owned source, test, governance, or engineering documentation"
CWTV-FVER-000408,17a07d1d8625eabb3ed728d55934cf61789c77b0,31,D,apps/web/public/seo/.gitkeep,,,,,REFERENCE_ONLY,canonical/reference/generated artifact retained for provenance but excluded from training text
CWTV-FVER-000409,17a07d1d8625eabb3ed728d55934cf61789c77b0,31,A,apps/web/public/seo/cinewatch-og-1200x630.png,27f2d8c618de09156233e547f7cae614ef315d15,d05a63712ac75e90d8dc2bd7640701486c62bab7e20bcac10654b2b1cd27f91f,34972,,TRAINING_ELIGIBLE,"CineWatch-owned source, test, governance, or engineering documentation"
CWTV-FVER-000410,17a07d1d8625eabb3ed728d55934cf61789c77b0,31,A,apps/web/public/seo/cinewatch-social-1080x1080.png,2015374801ffd2df776cbe416e5549fe620f7f48,a094d2aa6236c56eee1c00d559301c47a8f7f1b397b41616e97f5d63a68f7cac,51997,,TRAINING_ELIGIBLE,"CineWatch-owned source, test, governance, or engineering documentation"
CWTV-FVER-000411,17a07d1d8625eabb3ed728d55934cf61789c77b0,31,A,apps/web/src/app/brand-qualification/brand-qualification.module.css,6c2a55ac03e974acff818564d3225da83c4e6c53,fb2837ec5c30c5439a8ebd6c3c44ec099862833ccea6903e3f6c8e6f703a0b75,6704,432,TRAINING_ELIGIBLE,"CineWatch-owned source, test, governance, or engineering documentation"
CWTV-FVER-000412,17a07d1d8625eabb3ed728d55934cf61789c77b0,31,A,apps/web/src/app/brand-qualification/page.tsx,bbcb9c0bf19f04d1f699d24c4be0ed74fed4f79d,1c004b1a5f50d359dfdf8e1fdef018cd2b14418c4e557d640cd3d262bb31721c,8433,205,TRAINING_ELIGIBLE,"CineWatch-owned source, test, governance, or engineering documentation"
CWTV-FVER-000413,17a07d1d8625eabb3ed728d55934cf61789c77b0,31,M,apps/web/src/app/layout.tsx,0a06e5f5b5a38784638f738377040941f3ebf4da,7e033b3720c6cb3e29609e0f99a7fb56ec8174709458709ae69c9c5497e4f636,1297,51,TRAINING_ELIGIBLE,"CineWatch-owned source, test, governance, or engineering documentation"
CWTV-FVER-000414,17a07d1d8625eabb3ed728d55934cf61789c77b0,31,M,apps/web/src/app/manifest.ts,83c60c96ba5780959f5d3dc36e0f3905ded37207,1be34ce74ae67af188ad9d707ebda1880ce707da677ae9d31ca275cfdea737bd,820,33,TRAINING_ELIGIBLE,"CineWatch-owned source, test, governance, or engineering documentation"
CWTV-FVER-000415,17a07d1d8625eabb3ed728d55934cf61789c77b0,31,A,docs/architecture/CineWatch_TV_V1_Production_Brand_Asset_Browser_Qualification_001.md,f35f4c9c3d268a9cb61c66bd83cc591bb827a45a,425eba83f9edc24bb6df79af6fcabc86e56fe219301e23c11b04b2f6465ff5e7,3705,110,TRAINING_ELIGIBLE,"CineWatch-owned source, test, governance, or engineering documentation"
CWTV-FVER-000416,17a07d1d8625eabb3ed728d55934cf61789c77b0,31,A,docs/architecture/evidence/CineWatch_TV_V1_Production_Brand_Browser_Approval_001.json,7d9df8f81e51385ea58872ac6f604b7181a1e70a,6f0f66f6ee40a36a26049986e7ff5a4559499f8e496e18a65c62df1edcf1b9ac,1412,46,TRAINING_ELIGIBLE,"CineWatch-owned source, test, governance, or engineering documentation"
CWTV-FVER-000417,17a07d1d8625eabb3ed728d55934cf61789c77b0,31,A,docs/architecture/geometry/CineWatch_TV_V1_A3_Production_Geometry_System_001.json,da03cff17fde1ce1046b9fc86c1f46f0b204d16f,c30b8ebc927ae710074aadb65d2c280e367916696d8f044a4f7634762fb16b89,3467,128,TRAINING_ELIGIBLE,"CineWatch-owned source, test, governance, or engineering documentation"
CWTV-FVER-000418,17a07d1d8625eabb3ed728d55934cf61789c77b0,31,M,docs/progress/CineWatch_TV_Engineering_Chronicle.md,5bbaec9d257b3da09c7a68ee0cfbcb385851e8e8,476b9b30a617fcae97db06f14274fd09196525acaabc3aca7cd7d2ee56b150ee,52088,273,REFERENCE_ONLY,canonical/reference/generated artifact retained for provenance but excluded from training text
CWTV-FVER-000419,17a07d1d8625eabb3ed728d55934cf61789c77b0,31,M,docs/progress/activity/engineering-events.jsonl,9b483be55f6a3f6e03cf07d58d869eaf5ca27335,fa34ab531822e66f7fb692ee2bedb60b78f74c4cc1cc34cb88d65508e73e69a3,115808,148,TRAINING_ELIGIBLE,"CineWatch-owned source, test, governance, or engineering documentation"
CWTV-FVER-000420,17a07d1d8625eabb3ed728d55934cf61789c77b0,31,M,docs/progress/dashboard/progress-data.json,73cfc15f832ccd6263f4af1ed6e1928d126cf827,41af77bf393a44fe41261a55bfce37629c1e64f309c6f7a6063aa1bb8fb8662b,220277,5416,REFERENCE_ONLY,canonical/reference/generated artifact retained for provenance but excluded from training text
CWTV-FVER-000421,17a07d1d8625eabb3ed728d55934cf61789c77b0,31,M,scripts/check_frontend_skeleton.py,32b5393491dcf36c7b326334cc827b6eb01b6549,991c316760e72a054b94fb206c9dc71e8403b428a9436a044febbce36a888a5c,7065,180,TRAINING_ELIGIBLE,"CineWatch-owned source, test, governance, or engineering documentation"
CWTV-FVER-000422,17a07d1d8625eabb3ed728d55934cf61789c77b0,31,A,scripts/check_production_brand_assets.py,231363a6fbe766bf19eb8b7f60a8cd4327fd91e4,46d792ec7339e7d49363dec7219d9d6219671b91c1767ce80bf5d9bc5318b609,8687,213,TRAINING_ELIGIBLE,"CineWatch-owned source, test, governance, or engineering documentation"
CWTV-FVER-000423,17a07d1d8625eabb3ed728d55934cf61789c77b0,31,A,tests/repository/test_production_brand_assets.py,ed514c800d7a6f2e6c8fb0f5aa03074459072ec6,b7f1084515b415772c78077e3526bf9dabc9dcb23e519a886a12e3f268d04fb1,805,28,TRAINING_ELIGIBLE,"CineWatch-owned source, test, governance, or engineering documentation"
CWTV-FVER-000424,67709f5400b692d400f1be8ac27f15cb2c0d659c,32,M,nexvox/engineering/DATASET_CARD.md,8493a45cb94560e1fb00fa2eede663704384c36b,834d344547783b0507dd3ca49dfe9200bef64a699130656e49cf2b15e131d526,1511,37,REFERENCE_ONLY,NexVox generated projection excluded to prevent recursive training duplication
CWTV-FVER-000425,67709f5400b692d400f1be8ac27f15cb2c0d659c,32,M,nexvox/engineering/checksums.sha256,49f04e11d8dcee80ddd77cb2da89fcb12bb3d205,97513470c4d61ee674f2633ba326392e966a7fc85d106c237a32d7a3acd953c2,2696,,REFERENCE_ONLY,NexVox generated projection excluded to prevent recursive training duplication
CWTV-FVER-000426,67709f5400b692d400f1be8ac27f15cb2c0d659c,32,M,nexvox/engineering/datasets/artifacts.csv,582a633e501b2c89349fa7267517d771a983f9f1,e41e243ab3ae707007ac265a1c0cac9e59c6f1b13e2233197da8d7fb43820268,13618,,REFERENCE_ONLY,NexVox generated projection excluded to prevent recursive training duplication
CWTV-FVER-000427,67709f5400b692d400f1be8ac27f15cb2c0d659c,32,M,nexvox/engineering/datasets/commit-changes.csv,032ca79d170074ac12e97729b58472c283340f96,ef815efc5f28f25269425dfee0f47dfe85903c055f1012b25a92b59a7c12d8cc,54249,,REFERENCE_ONLY,NexVox generated projection excluded to prevent recursive training duplication
CWTV-FVER-000428,67709f5400b692d400f1be8ac27f15cb2c0d659c,32,M,nexvox/engineering/datasets/commits.csv,5a248803f0e4190842a9ec9b2eba3eba0d49a241,be3496c457403617fe22fbd386f0ac1a764ba126bebdf14a4a5bdf9c8474428b,7061,,REFERENCE_ONLY,NexVox generated projection excluded to prevent recursive training duplication
CWTV-FVER-000429,67709f5400b692d400f1be8ac27f15cb2c0d659c,32,M,nexvox/engineering/datasets/decisions.csv,96cbdccf5c2196d596cada027c43c4665240fe37,37505f8f1c9d5d18311af641cad3fb854da357b7bde1e4a1a46f2284fe4da9ab,5921,,REFERENCE_ONLY,NexVox generated projection excluded to prevent recursive training duplication
CWTV-FVER-000430,67709f5400b692d400f1be8ac27f15cb2c0d659c,32,M,nexvox/engineering/datasets/dependencies.csv,98e8344a74f28d36711b461e9dca6441107e5b69,80b9fe14cd1f9c4f761ef176bf5db7ddcb8d6c366fc6bf7759f56b913fa838f1,31085,,REFERENCE_ONLY,NexVox generated projection excluded to prevent recursive training duplication
CWTV-FVER-000431,67709f5400b692d400f1be8ac27f15cb2c0d659c,32,M,nexvox/engineering/datasets/history-records.jsonl,21e3a5aeec05a6d5f6bba1119600e3bada85a655,6ec94c04a4403b769105d539582b9f6bbc8510ac96ef625888a68aaed9872130,1128764,253,REFERENCE_ONLY,NexVox generated projection excluded to prevent recursive training duplication
CWTV-FVER-000432,67709f5400b692d400f1be8ac27f15cb2c0d659c,32,M,nexvox/engineering/datasets/knowledge-records.jsonl,b80999f421bf42af45795c7536a9fcc87b77b5d4,d65425ca9c21adf1f9847d240b80946d0eb46270d11fd73fc0d4b32f5e1f2bb8,939571,361,REFERENCE_ONLY,NexVox generated projection excluded to prevent recursive training duplication
CWTV-FVER-000433,67709f5400b692d400f1be8ac27f15cb2c0d659c,32,M,nexvox/engineering/datasets/milestones.csv,834ed95b15127bf017f1c4aee2c990519394e705,6013cd537f4f95a4b67fd964bfe7e5474f82440e45045dfe1b490696b3d4e00a,1477,,REFERENCE_ONLY,NexVox generated projection excluded to prevent recursive training duplication
CWTV-FVER-000434,67709f5400b692d400f1be8ac27f15cb2c0d659c,32,M,nexvox/engineering/datasets/qualifications.csv,18748963b1abed6a18b543e08974ddb703fcf209,9b1dadfbf84218e21c3d65a833d11eef7899976997b28be70d10f928ae1050f5,6750,,REFERENCE_ONLY,NexVox generated projection excluded to prevent recursive training duplication
CWTV-FVER-000435,67709f5400b692d400f1be8ac27f15cb2c0d659c,32,M,nexvox/engineering/datasets/repository-file-versions.csv,62851d59fb2e65e4a05a29d59e245153e144f86d,601cc2852793e893fa1cb930c505de26713ca29525b9604c099cc7f6dfe62f50,132505,,REFERENCE_ONLY,NexVox generated projection excluded to prevent recursive training duplication
CWTV-FVER-000436,67709f5400b692d400f1be8ac27f15cb2c0d659c,32,M,nexvox/engineering/datasets/repository-files.csv,19cee56df73e40517aecd35005dcacb4fe384f8b,d4f886f124abcbf187bf404ad924f3b5d71721ddc08410c254b57c5fc075bae1,65039,,REFERENCE_ONLY,NexVox generated projection excluded to prevent recursive training duplication
CWTV-FVER-000437,67709f5400b692d400f1be8ac27f15cb2c0d659c,32,M,nexvox/engineering/datasets/source-reconciliations.csv,c7f18081c0a2f85e5b1571bab11efb64bb6b8bab,73df9ebbe60e7a1eef148841d333a07e8f76298317a036fe5e4bd1320ad8c1d2,3542,,REFERENCE_ONLY,NexVox generated projection excluded to prevent recursive training duplication
CWTV-FVER-000438,67709f5400b692d400f1be8ac27f15cb2c0d659c,32,M,nexvox/engineering/datasets/symbols.csv,1750a0e6dd4ae809e8055dd9b082c478f1710fec,faa4d16668d7fdb47f15c66138a4894810fca71b1eb6cf5a230f7ade0496634c,25125,,REFERENCE_ONLY,NexVox generated projection excluded to prevent recursive training duplication
CWTV-FVER-000439,67709f5400b692d400f1be8ac27f15cb2c0d659c,32,M,nexvox/engineering/manifests/corpus-manifest.yaml,018cd53bae33eeaec8f2526da5b609a6958825d5,a0b0c575d2eeddb93927ffec88e398bb591d911734fb301d6a614f17e46b344c,521,18,REFERENCE_ONLY,NexVox generated projection excluded to prevent recursive training duplication
CWTV-FVER-000440,67709f5400b692d400f1be8ac27f15cb2c0d659c,32,M,nexvox/engineering/manifests/sync-state.yaml,e2b5bab5da02264d634e55caac61c5dd17e5e3d3,0a77e5450a1a6e75a9abc6a33cb61c85cff4fc88c566880688a50c9b639a5728,358,9,REFERENCE_ONLY,NexVox generated projection excluded to prevent recursive training duplication
CWTV-FVER-000441,67709f5400b692d400f1be8ac27f15cb2c0d659c,32,M,nexvox/engineering/narratives/architecture-decisions.md,5e68b0bb086f1d26b418ae357b3bc38858c76de2,eecff0a9eaadb7858ea109e08f010740d131f45f246119df16d20424c91277a0,5587,47,REFERENCE_ONLY,NexVox generated projection excluded to prevent recursive training duplication
CWTV-FVER-000442,67709f5400b692d400f1be8ac27f15cb2c0d659c,32,M,nexvox/engineering/narratives/engineering-history.md,68b43021d36b391d75b134295ef486dfe7eac7ce,7d308ed9f58f9028d4b29e0198b1b5bd0b6dc62f0dd2626446c67300634238ba,3351,57,REFERENCE_ONLY,NexVox generated projection excluded to prevent recursive training duplication
CWTV-FVER-000443,67709f5400b692d400f1be8ac27f15cb2c0d659c,32,M,nexvox/engineering/narratives/engineering-methods.md,387d10f251e32d93252d1668cf024ddeee9fe1c0,210e7c8c74deef95955420320954b78d0255357b147f398cb3fb8c2739d060c6,888,15,REFERENCE_ONLY,NexVox generated projection excluded to prevent recursive training duplication
CWTV-FVER-000444,67709f5400b692d400f1be8ac27f15cb2c0d659c,32,M,nexvox/engineering/narratives/failures-corrections-lessons.md,5f8cbdb1d95ff0f3baa3b1c11d083114b4764a30,90bfea09b4047ebed7ba2fc65976192e454b39cf9b0a136d00e985de8ffcdc1b,6400,165,REFERENCE_ONLY,NexVox generated projection excluded to prevent recursive training duplication
CWTV-FVER-000445,66ab95a0580dbad3fb19e325c32fe20280ac3314,33,M,docs/progress/CineWatch_TV_Engineering_Chronicle.md,a5a518e42a6f989b3fe55f103d7f5242d53a13e4,d48418f000b4d80cfe10bbb80d86a583f454d7ec7d0fe24301bd91e21a6e5250,53291,276,REFERENCE_ONLY,canonical/reference/generated artifact retained for provenance but excluded from training text
CWTV-FVER-000446,66ab95a0580dbad3fb19e325c32fe20280ac3314,33,M,docs/progress/activity/engineering-events.jsonl,43c0471cb0bed92e5ead4acae701508d0faa42db,a61bb5b85fdf4ab4782f06aa6da1c01b4e7a281718df4353e1fadf9b70b67150,118680,151,TRAINING_ELIGIBLE,"CineWatch-owned source, test, governance, or engineering documentation"
CWTV-FVER-000447,66ab95a0580dbad3fb19e325c32fe20280ac3314,33,M,docs/progress/dashboard/progress-data.json,aa8b631c7084fa63edb2d7ef29d8398fea94eb7e,478b862642dc58f61a99302927ef3c8dc1c74f77fb64347afeab5f8405c0e9c4,224994,5510,REFERENCE_ONLY,canonical/reference/generated artifact retained for provenance but excluded from training text
CWTV-FVER-000448,66ab95a0580dbad3fb19e325c32fe20280ac3314,33,M,scripts/build_progress_dashboard.py,1f6b4c6302e905b08be560af1e6603543b9c0908,18e5b20f69ecd311e97d212df7b09774b009544f610bea8ac44853e78c90e81f,15619,363,TRAINING_ELIGIBLE,"CineWatch-owned source, test, governance, or engineering documentation"
CWTV-FVER-000449,66ab95a0580dbad3fb19e325c32fe20280ac3314,33,M,scripts/check_engineering_chronicle.py,641a0e2d7341ff4f21caee30d11f0472152f1017,3b82f292d78fb583df476288faab1f0572f4df2846eeb120b87e4364575e1b02,10591,250,TRAINING_ELIGIBLE,"CineWatch-owned source, test, governance, or engineering documentation"
CWTV-FVER-000450,6ecb5ad5d7dd1cd6e45534c6e92318e4ad9dd15d,34,M,nexvox/engineering/DATASET_CARD.md,85bc343e83579e3e85b254dd91708e40f5c981ab,0c800df2879c2674ee240bac32d1bc4f94a55097e256d73a2dbb4f0bce8737e0,1511,37,REFERENCE_ONLY,NexVox generated projection excluded to prevent recursive training duplication
CWTV-FVER-000451,6ecb5ad5d7dd1cd6e45534c6e92318e4ad9dd15d,34,M,nexvox/engineering/checksums.sha256,d3a1d4d62c11755847216a1a6ddd9eb8164f9c30,9a79f1f681a56374032a8ce5e25a21bc749ab67755685bc72ef60b83f2dff550,2696,,REFERENCE_ONLY,NexVox generated projection excluded to prevent recursive training duplication
CWTV-FVER-000452,6ecb5ad5d7dd1cd6e45534c6e92318e4ad9dd15d,34,M,nexvox/engineering/datasets/commit-changes.csv,027dfbfe40f1049039ca88932a3db90a22bd6c62,e19ac62570c183b9b0c336fbc1e94ec3e638558a2da9ed90e1d7ff4647e53e56,57636,,REFERENCE_ONLY,NexVox generated projection excluded to prevent recursive training duplication
CWTV-FVER-000453,6ecb5ad5d7dd1cd6e45534c6e92318e4ad9dd15d,34,M,nexvox/engineering/datasets/commits.csv,883058ffad6b1bca014d2fe7b036e316bf9f6f46,ea456afb6f19238fe7718139e010b0d3a682ebf7479d12fcad8dafa14eb67f89,7536,,REFERENCE_ONLY,NexVox generated projection excluded to prevent recursive training duplication
CWTV-FVER-000454,6ecb5ad5d7dd1cd6e45534c6e92318e4ad9dd15d,34,M,nexvox/engineering/datasets/decisions.csv,bc47ce5446a3149d70a3b9faa5c239ac5a1346b2,b372b037142cb66df40813d7d53d119eb07f8abd724e4e7176f1e5d86d364f29,5921,,REFERENCE_ONLY,NexVox generated projection excluded to prevent recursive training duplication
CWTV-FVER-000455,6ecb5ad5d7dd1cd6e45534c6e92318e4ad9dd15d,34,M,nexvox/engineering/datasets/history-records.jsonl,50252b5b63dd40611b5d11dbbf3dea7baae22bde,3ba3bf53939a407c388b6bfdaa76bde4f388dbb7e3ce720f8df78db17b8de9e9,1142818,256,REFERENCE_ONLY,NexVox generated projection excluded to prevent recursive training duplication
CWTV-FVER-000456,6ecb5ad5d7dd1cd6e45534c6e92318e4ad9dd15d,34,M,nexvox/engineering/datasets/knowledge-records.jsonl,d454577e29851e83c1a6993a02e222c3e59a7bca,2683a34b94dd16ef3bb7873de572cdaa3d285f47c26ef5178091012cf35266b2,945379,363,REFERENCE_ONLY,NexVox generated projection excluded to prevent recursive training duplication
CWTV-FVER-000457,6ecb5ad5d7dd1cd6e45534c6e92318e4ad9dd15d,34,M,nexvox/engineering/datasets/milestones.csv,d158cda6ff22ea3f1a3c65b1b2b29c54d1c179c6,97ad5657d072d7c6ada529f95ddc9fb51828384d725e880e6104b03013100ca8,1498,,REFERENCE_ONLY,NexVox generated projection excluded to prevent recursive training duplication
CWTV-FVER-000458,6ecb5ad5d7dd1cd6e45534c6e92318e4ad9dd15d,34,M,nexvox/engineering/datasets/qualifications.csv,16c4f3d312d1930e7e7ab71149e2ef6d574793d2,dee6a9caca3b7f1d1c91070a6fa3a1f3b49cef07fdfe23e4de8f103a5409e2b3,6961,,REFERENCE_ONLY,NexVox generated projection excluded to prevent recursive training duplication
CWTV-FVER-000459,6ecb5ad5d7dd1cd6e45534c6e92318e4ad9dd15d,34,M,nexvox/engineering/datasets/repository-file-versions.csv,ee585fa58add25911d591b804e91b58f9ff4868f,0f67ce97c595d75b1ffd570038bebe52d4117f4ebcded049800b43fc091f3f9a,140791,,REFERENCE_ONLY,NexVox generated projection excluded to prevent recursive training duplication
CWTV-FVER-000460,6ecb5ad5d7dd1cd6e45534c6e92318e4ad9dd15d,34,M,nexvox/engineering/datasets/repository-files.csv,d7f2f754cf8e746b19d604958be2c781ed87013e,281c94f88770ee76f6e1c2da21c183ab84ac17eab7833f83d8ae88100a32a5bb,65040,,REFERENCE_ONLY,NexVox generated projection excluded to prevent recursive training duplication
CWTV-FVER-000461,6ecb5ad5d7dd1cd6e45534c6e92318e4ad9dd15d,34,M,nexvox/engineering/datasets/source-reconciliations.csv,775612442b8d56737518f0aafbebe6b81a8525c4,f76bdf10fb414ed7b9b44ae9b863303d08c9bdb860efd799622989c520bb7dbb,3542,,REFERENCE_ONLY,NexVox generated projection excluded to prevent recursive training duplication
CWTV-FVER-000462,6ecb5ad5d7dd1cd6e45534c6e92318e4ad9dd15d,34,M,nexvox/engineering/datasets/symbols.csv,795aa94d207894f656f62f96d790e914f7db5d74,4f6cbd0625b0863687ce8dfe5d21ea5aab77b34d94b35011a2708ab1b733221f,25332,,REFERENCE_ONLY,NexVox generated projection excluded to prevent recursive training duplication
CWTV-FVER-000463,6ecb5ad5d7dd1cd6e45534c6e92318e4ad9dd15d,34,M,nexvox/engineering/manifests/corpus-manifest.yaml,bd5cdcdd9bbc7727d6a498717d46027a2d550b5c,a4950e566c17124fbfe7485621be8eee69b0a7d2f28ef176bdaf156138cdee67,521,18,REFERENCE_ONLY,NexVox generated projection excluded to prevent recursive training duplication
CWTV-FVER-000464,6ecb5ad5d7dd1cd6e45534c6e92318e4ad9dd15d,34,M,nexvox/engineering/manifests/sync-state.yaml,caebd75d9472d77431f31eb86a47329949667af5,f8647d971e825483b25d5c323ada543b17afa0f40e514caf1540de3bec2cae0f,358,9,REFERENCE_ONLY,NexVox generated projection excluded to prevent recursive training duplication
CWTV-FVER-000465,6ecb5ad5d7dd1cd6e45534c6e92318e4ad9dd15d,34,M,nexvox/engineering/narratives/architecture-decisions.md,8b9971b19114df71875fcaa950280d9f37e4ae7c,94511f8e0e481a563fdca95741153b47ca1e656cefe9fca5600d122ff1b7dd7d,5587,47,REFERENCE_ONLY,NexVox generated projection excluded to prevent recursive training duplication
CWTV-FVER-000466,6ecb5ad5d7dd1cd6e45534c6e92318e4ad9dd15d,34,M,nexvox/engineering/narratives/engineering-history.md,b2e9e1cc7e2cdc5c9e6d8f583bf0db1659f04a09,51deb333bcaab2e2eeeffb4021e8c876fd149e42ded953fe7fcd2c93c0d04ca4,3479,59,REFERENCE_ONLY,NexVox generated projection excluded to prevent recursive training duplication
CWTV-FVER-000467,6ecb5ad5d7dd1cd6e45534c6e92318e4ad9dd15d,34,M,nexvox/engineering/narratives/engineering-methods.md,b2b42595ca3fdc41af5cf44e94e5ed84c9578717,4b52764728832525495641707a173b139e26ebc7ba293bcf299d3631b7c6c03f,888,15,REFERENCE_ONLY,NexVox generated projection excluded to prevent recursive training duplication
CWTV-FVER-000468,6ecb5ad5d7dd1cd6e45534c6e92318e4ad9dd15d,34,M,nexvox/engineering/narratives/failures-corrections-lessons.md,6837eac22e58b1cb4828de3156d0efee76404b6b,fb54051cfec1ad9ca85225a123b0626bdb018cb61a1bf4c8da152f026034ce34,6400,165,REFERENCE_ONLY,NexVox generated projection excluded to prevent recursive training duplication
CWTV-FVER-000469,3b65789d8888a7765e2747dbd9cbd1730e4fd4c2,35,M,.env.example,2c64f58f701d83022f3b592a6891aea3e53b7817,86138bc7003e332c5759bcd5ec944bb7c698dc7762c804b3184623bc013eef16,1352,33,TRAINING_ELIGIBLE,"CineWatch-owned source, test, governance, or engineering documentation"
CWTV-FVER-000470,3b65789d8888a7765e2747dbd9cbd1730e4fd4c2,35,M,.github/workflows/ci.yml,85d059c02998d386ba121f9b23a267d70ae2d762,11dc455bbba854784d2863d8fae0d3a4e021fd6df275cde8705e2463eaeecedc,4543,154,TRAINING_ELIGIBLE,"CineWatch-owned source, test, governance, or engineering documentation"
CWTV-FVER-000471,3b65789d8888a7765e2747dbd9cbd1730e4fd4c2,35,M,SECURITY.md,5dfde8bf2b29d97ff207a7cde5d1ba8dc6a35dd8,f1ca05b8cc486e2f11772fe1fc90de8f953e9902c0337b5417f7ec5ef0fa0d63,1648,37,TRAINING_ELIGIBLE,"CineWatch-owned source, test, governance, or engineering documentation"
CWTV-FVER-000472,3b65789d8888a7765e2747dbd9cbd1730e4fd4c2,35,A,apps/web/public/provider-fallbacks/backdrops/.gitkeep,e69de29bb2d1d6434b8b29ae775ad8c2e48c5391,e3b0c44298fc1c149afbf4c8996fb92427ae41e4649b934ca495991b7852b855,0,0,REFERENCE_ONLY,canonical/reference/generated artifact retained for provenance but excluded from training text
CWTV-FVER-000473,3b65789d8888a7765e2747dbd9cbd1730e4fd4c2,35,A,apps/web/public/provider-fallbacks/manifest.json,ca34a8f467041b24b49b55444a36f0424b52e04f,7afc296e79f696eead74e9e5ca8feb8d5ba137d4fc1a5423ea853e75e11caea1,105,5,TRAINING_ELIGIBLE,"CineWatch-owned source, test, governance, or engineering documentation"
CWTV-FVER-000474,3b65789d8888a7765e2747dbd9cbd1730e4fd4c2,35,A,apps/web/public/provider-fallbacks/networks/.gitkeep,e69de29bb2d1d6434b8b29ae775ad8c2e48c5391,e3b0c44298fc1c149afbf4c8996fb92427ae41e4649b934ca495991b7852b855,0,0,REFERENCE_ONLY,canonical/reference/generated artifact retained for provenance but excluded from training text
CWTV-FVER-000475,3b65789d8888a7765e2747dbd9cbd1730e4fd4c2,35,A,apps/web/public/provider-fallbacks/people/.gitkeep,e69de29bb2d1d6434b8b29ae775ad8c2e48c5391,e3b0c44298fc1c149afbf4c8996fb92427ae41e4649b934ca495991b7852b855,0,0,REFERENCE_ONLY,canonical/reference/generated artifact retained for provenance but excluded from training text
CWTV-FVER-000476,3b65789d8888a7765e2747dbd9cbd1730e4fd4c2,35,A,apps/web/public/provider-fallbacks/posters/.gitkeep,e69de29bb2d1d6434b8b29ae775ad8c2e48c5391,e3b0c44298fc1c149afbf4c8996fb92427ae41e4649b934ca495991b7852b855,0,0,REFERENCE_ONLY,canonical/reference/generated artifact retained for provenance but excluded from training text
CWTV-FVER-000477,3b65789d8888a7765e2747dbd9cbd1730e4fd4c2,35,A,docs/architecture/CineWatch_TV_V1_Local_Provider_Runtime_Secret_Boundary_and_Media_Fallback_Authority_001.md,8e44065fc9726f409bb1695b62fe9279803e7d7a,1bc330424541632a380a8a5fdcc87d18c3b7b62e125242df873a5a53a2aa3cd2,6081,116,TRAINING_ELIGIBLE,"CineWatch-owned source, test, governance, or engineering documentation"
CWTV-FVER-000478,3b65789d8888a7765e2747dbd9cbd1730e4fd4c2,35,A,docs/architecture/decisions/CWTV_ADR_0008_Provider_Runtime_and_Media_Fallback_Authority.md,b0cfe91bebb761053cd724b2def346d62438d8cc,931341bbae03a6dba16b4e5903ec4c5aa5fed1aa26a7a25324dd759196cdb334,1792,19,TRAINING_ELIGIBLE,"CineWatch-owned source, test, governance, or engineering documentation"
CWTV-FVER-000479,3b65789d8888a7765e2747dbd9cbd1730e4fd4c2,35,M,package.json,ce6dc39ca177ce39682c25045f01408a96fcd89d,95fff1b17d9629cb13b57203d5c9e845bada7bb587d3ace1bd4a74cdac3472a1,1452,34,TRAINING_ELIGIBLE,"CineWatch-owned source, test, governance, or engineering documentation"
CWTV-FVER-000480,3b65789d8888a7765e2747dbd9cbd1730e4fd4c2,35,M,scripts/README.md,cb9a8009b45b2e4fd66c4328522663d6061cf3d9,8d238368626f61dce059f8ff002a5ae930e55d9b3f41376adc6e3209f6809649,2677,46,TRAINING_ELIGIBLE,"CineWatch-owned source, test, governance, or engineering documentation"
CWTV-FVER-000481,3b65789d8888a7765e2747dbd9cbd1730e4fd4c2,35,M,scripts/check_ci_security_quality.py,45f8b08f4804078e261ad609946c5ad219753c3a,9b95989b86cf0bd039a69612069066f9635bb8cb8be3ee66de7dc31aeb83e060,11522,304,TRAINING_ELIGIBLE,"CineWatch-owned source, test, governance, or engineering documentation"
CWTV-FVER-000482,3b65789d8888a7765e2747dbd9cbd1730e4fd4c2,35,A,scripts/check_provider_runtime.py,cb5a8a50426a46a69b45530e9ada8df27989a51c,5aab14306b1c9bd31e351cf9d4f64929e9e0fafba2956a28cde222eed211d1c2,5174,132,TRAINING_ELIGIBLE,"CineWatch-owned source, test, governance, or engineering documentation"
CWTV-FVER-000483,3b65789d8888a7765e2747dbd9cbd1730e4fd4c2,35,A,scripts/probe_provider_runtime.py,a2c68af36ae5159bded91e1bdd90d96df05aa4a9,dc5626ffa3f33aab7d9741edf6fae5aa7d0583c02818c54e83ae3e79a069ec55,1971,57,TRAINING_ELIGIBLE,"CineWatch-owned source, test, governance, or engineering documentation"
CWTV-FVER-000484,3b65789d8888a7765e2747dbd9cbd1730e4fd4c2,35,A,scripts/reconcile_provider_fallbacks.py,0873b5612e3c347a995772b719a36e127589025c,d29c42073d24ef36d1b06fbb3f4c9c32a3efb32e21d86ac31af457fefc12063d,3919,112,TRAINING_ELIGIBLE,"CineWatch-owned source, test, governance, or engineering documentation"
CWTV-FVER-000485,3b65789d8888a7765e2747dbd9cbd1730e4fd4c2,35,M,services/api/README.md,2363aa82025d5261337d8fb0d1b2400c652b90bf,8b5eceefa5720c6f159262e12dfa82e0bef5b32a36406f9dcee34c247b659ef5,2897,75,TRAINING_ELIGIBLE,"CineWatch-owned source, test, governance, or engineering documentation"
CWTV-FVER-000486,3b65789d8888a7765e2747dbd9cbd1730e4fd4c2,35,A,services/api/cinewatch_api/media/__init__.py,4ef484d3aea0395de67300314b01b8a667509882,fe6e33dd716054029c341b2699f85c12c23d1a6905542840613bc038f7fd1770,41,1,TRAINING_ELIGIBLE,"CineWatch-owned source, test, governance, or engineering documentation"
CWTV-FVER-000487,3b65789d8888a7765e2747dbd9cbd1730e4fd4c2,35,A,services/api/cinewatch_api/media/fallbacks.py,517189166262586e317c3bbdc98ed1da74c4632e,ec41e2fb00752154a965858c6a60c5c920d67864eacb1347c3399f85dae5abc6,2758,90,TRAINING_ELIGIBLE,"CineWatch-owned source, test, governance, or engineering documentation"
CWTV-FVER-000488,3b65789d8888a7765e2747dbd9cbd1730e4fd4c2,35,A,services/api/cinewatch_api/providers/__init__.py,47133efa4e47721a2d1a0216eb252a32a6d72ce3,c701fa9a8d5d1a391a19a4726781c1e232265bb5ab625f0efd190fdb7667a345,60,1,TRAINING_ELIGIBLE,"CineWatch-owned source, test, governance, or engineering documentation"
CWTV-FVER-000489,3b65789d8888a7765e2747dbd9cbd1730e4fd4c2,35,A,services/api/cinewatch_api/providers/errors.py,0c483136e40172fb89b2d1df56d0d1175360c07c,3c4a80a5f425fa0873b4c6b6551e77ebb54a50c115b0818bccc4a8be45ca120f,1088,41,TRAINING_ELIGIBLE,"CineWatch-owned source, test, governance, or engineering documentation"
CWTV-FVER-000490,3b65789d8888a7765e2747dbd9cbd1730e4fd4c2,35,A,services/api/cinewatch_api/providers/omdb.py,b0e1e07f3ce303a7a1d14479c3da19d71f77f497,633082b9a73574cc35484d1351cd25e4a710fb38268f6e32b546fa12a3811bc8,4311,113,TRAINING_ELIGIBLE,"CineWatch-owned source, test, governance, or engineering documentation"
CWTV-FVER-000491,3b65789d8888a7765e2747dbd9cbd1730e4fd4c2,35,A,services/api/cinewatch_api/providers/tmdb.py,ac3e1f92f03beb343ff9e3209b84e473c469c614,83c62a0a6cf636872192e41aa764f8e9dd268ae99473a9d71783cceb9b223f14,4484,120,TRAINING_ELIGIBLE,"CineWatch-owned source, test, governance, or engineering documentation"
CWTV-FVER-000492,3b65789d8888a7765e2747dbd9cbd1730e4fd4c2,35,M,services/api/cinewatch_api/settings.py,6cb2e9cd1e695a4f2576a704ce0b6be9f712ea51,c3ce296d3db6c0cd26d1d6be68389140e379ebb3bceeafb6653c44f050cb3ecf,1448,36,TRAINING_ELIGIBLE,"CineWatch-owned source, test, governance, or engineering documentation"
CWTV-FVER-000493,3b65789d8888a7765e2747dbd9cbd1730e4fd4c2,35,M,services/api/pyproject.toml,5998f1f0f82f70078bfebb28d26aaad04d36245f,c65911532ef5fff2a4e68e2968d1e0cca77bb5ba51c276be78e46d31d5d2de6e,972,49,TRAINING_ELIGIBLE,"CineWatch-owned source, test, governance, or engineering documentation"
CWTV-FVER-000494,3b65789d8888a7765e2747dbd9cbd1730e4fd4c2,35,A,services/api/tests/test_media_fallbacks.py,503cfaf1bc2877e550f65985183274a403878ac5,5074be0af877f5f908e0199718116ceb30e3a3b85ca8eb01b873553c2da45542,896,25,TRAINING_ELIGIBLE,"CineWatch-owned source, test, governance, or engineering documentation"
CWTV-FVER-000495,3b65789d8888a7765e2747dbd9cbd1730e4fd4c2,35,A,services/api/tests/test_provider_clients.py,cacbb182e6296c151dfa0e096581ac971dd669e8,36748d29adf235e99966c250e872b6bc9e79386c86fe5b491bb57052a5b56f99,3294,91,TRAINING_ELIGIBLE,"CineWatch-owned source, test, governance, or engineering documentation"
CWTV-FVER-000496,3b65789d8888a7765e2747dbd9cbd1730e4fd4c2,35,A,services/api/tests/test_provider_settings.py,58b44a45af3a3b49ff9ff3cfb3749e9eb6dd1ba9,aee0e16c733b3b218e52b0ba1f4d8ca8877b6ec84451d8a33408a4e112cf6700,668,18,TRAINING_ELIGIBLE,"CineWatch-owned source, test, governance, or engineering documentation"
CWTV-FVER-000497,3b65789d8888a7765e2747dbd9cbd1730e4fd4c2,35,A,tests/repository/test_provider_runtime.py,47e319d5f50d6cd6039e063f0dbdd1a152e456d6,391ca0af66e47cf61bae7b6befd47c5410eafad57549b3c4ff1014226b50146a,716,27,TRAINING_ELIGIBLE,"CineWatch-owned source, test, governance, or engineering documentation"
CWTV-FVER-000498,c6d5c298de22d88b818c854240b29b1cee2cc4e1,36,M,nexvox/engineering/DATASET_CARD.md,c8c3e0eec6b202832d3325cb2451b879bac2144a,a47834ae3c13c1b0137476dc6d8e07e4bcd1e6a0b764f26b600ccd8738c65faf,1511,37,REFERENCE_ONLY,NexVox generated projection excluded to prevent recursive training duplication
CWTV-FVER-000499,c6d5c298de22d88b818c854240b29b1cee2cc4e1,36,M,nexvox/engineering/checksums.sha256,d7ada5d110aa10c9d60eb90f37931ef6c68347ec,c95798fcaefd6e98645fbb8474f634e92c78dbb52766bc1fceffb8c2eab00ece,2696,,REFERENCE_ONLY,NexVox generated projection excluded to prevent recursive training duplication
CWTV-FVER-000500,c6d5c298de22d88b818c854240b29b1cee2cc4e1,36,M,nexvox/engineering/datasets/commit-changes.csv,eb33963fd44d9625b1fcd603988e282ffd07de06,426e94e1175b883e6009cf52abdc8b1431fa4170540635931a078904f8307a17,63821,,REFERENCE_ONLY,NexVox generated projection excluded to prevent recursive training duplication
CWTV-FVER-000501,c6d5c298de22d88b818c854240b29b1cee2cc4e1,36,M,nexvox/engineering/datasets/commits.csv,93bdbd6615a1527a5687f10fc55e2c4eb2e8096b,d62f483ca0330503c255f428af94ca190e3cc91652a3e2d96834223901d8c229,8023,,REFERENCE_ONLY,NexVox generated projection excluded to prevent recursive training duplication
CWTV-FVER-000502,c6d5c298de22d88b818c854240b29b1cee2cc4e1,36,M,nexvox/engineering/datasets/decisions.csv,4a78dfb72c2964b17a0a931204a4229e44c2bb4c,88029f06472d88c693516171ea553c242a49206ae492ae2da9990977024f8e2a,7122,,REFERENCE_ONLY,NexVox generated projection excluded to prevent recursive training duplication
CWTV-FVER-000503,c6d5c298de22d88b818c854240b29b1cee2cc4e1,36,M,nexvox/engineering/datasets/dependencies.csv,aeed33adcf74f8a10dc9c784c3424734609398d6,4faaa087805802c58991cd7ce5f46bab03434ddb6f3c485aa6aecbc68e543f87,36099,,REFERENCE_ONLY,NexVox generated projection excluded to prevent recursive training duplication
CWTV-FVER-000504,c6d5c298de22d88b818c854240b29b1cee2cc4e1,36,M,nexvox/engineering/datasets/history-records.jsonl,63f397cddffe29cc02d4a889a46155cd467dd559,87433b9f2b9633131e0fd80780c07c529731045465917342e7dfa7dcfcc2440a,1211174,281,REFERENCE_ONLY,NexVox generated projection excluded to prevent recursive training duplication
CWTV-FVER-000505,c6d5c298de22d88b818c854240b29b1cee2cc4e1,36,M,nexvox/engineering/datasets/knowledge-records.jsonl,aa24efc03cf35fb8c1100c759b40b7dfd1c805ab,76df607854bd6d01b62cff242df6625d22245a9eead60c20a41daf5ce8896439,997687,386,REFERENCE_ONLY,NexVox generated projection excluded to prevent recursive training duplication
CWTV-FVER-000506,c6d5c298de22d88b818c854240b29b1cee2cc4e1,36,M,nexvox/engineering/datasets/repository-file-versions.csv,8bf9b9c7f24f7a89a6a4f7851392b8baf57d8abf,5fa8952d10c413822012bbb347743cb9f3197de92d68220bd1292b84441ee6c6,155895,,REFERENCE_ONLY,NexVox generated projection excluded to prevent recursive training duplication
CWTV-FVER-000507,c6d5c298de22d88b818c854240b29b1cee2cc4e1,36,M,nexvox/engineering/datasets/repository-files.csv,dbcd923600010a803652cc862efe4820d24fe0c4,797dfd76f55bec0f3e7b35fa3a793ad8f4da48dcd998a7f1309092ca61ba0d1a,71113,,REFERENCE_ONLY,NexVox generated projection excluded to prevent recursive training duplication
CWTV-FVER-000508,c6d5c298de22d88b818c854240b29b1cee2cc4e1,36,M,nexvox/engineering/datasets/source-reconciliations.csv,ef795f83c83b6be01fc57d4a3a4b32d68e68596b,36c73fc40a4b41ac7d835ee076122e57bc69566c844e9cf04dcb3ce5715fe4dd,3542,,REFERENCE_ONLY,NexVox generated projection excluded to prevent recursive training duplication
CWTV-FVER-000509,c6d5c298de22d88b818c854240b29b1cee2cc4e1,36,M,nexvox/engineering/datasets/symbols.csv,72f9e986ba7310941707fbc70c264a78d51e9f24,e45bec44f5c0059bbb97df998b6371d46d9774889794fbeb670ca0410e35f956,30999,,REFERENCE_ONLY,NexVox generated projection excluded to prevent recursive training duplication
CWTV-FVER-000510,c6d5c298de22d88b818c854240b29b1cee2cc4e1,36,M,nexvox/engineering/manifests/corpus-manifest.yaml,e2b2df39a08bab6ad1e04bfa8bdc4be8257abe42,67d2e4b6b1f401e4da334c2177a5f5505a7eab9a8410c97629b4318e9f38dc13,521,18,REFERENCE_ONLY,NexVox generated projection excluded to prevent recursive training duplication
CWTV-FVER-000511,c6d5c298de22d88b818c854240b29b1cee2cc4e1,36,M,nexvox/engineering/manifests/sync-state.yaml,fe66dfa093c1b15805f0408301652b77aea81e3c,3b6e0301b3137e9d7397ff6e8fcc9148735b0d7e1f12662e33a8b63e00e10951,358,9,REFERENCE_ONLY,NexVox generated projection excluded to prevent recursive training duplication
CWTV-FVER-000512,c6d5c298de22d88b818c854240b29b1cee2cc4e1,36,M,nexvox/engineering/narratives/architecture-decisions.md,bd3c4bcf1814b1d10e8becb179e07c748299a75e,58894365acbbe0a72f3f2b1befe18e27c9e398efc5d18977ed8adb7b90925825,6732,53,REFERENCE_ONLY,NexVox generated projection excluded to prevent recursive training duplication
CWTV-FVER-000513,c6d5c298de22d88b818c854240b29b1cee2cc4e1,36,M,nexvox/engineering/narratives/engineering-history.md,07a1b0a9d323ca92679c5b2db879bc0e115fca4d,61f50da4a79948aec36b04bc7a6ca96ceed7966b0e4489d4cf473940850aaf7b,3620,61,REFERENCE_ONLY,NexVox generated projection excluded to prevent recursive training duplication
CWTV-FVER-000514,c6d5c298de22d88b818c854240b29b1cee2cc4e1,36,M,nexvox/engineering/narratives/engineering-methods.md,183a0b4922888434bbb8b05e3d2a54c561b5717b,9deb32f5f933608bf79733e38820e5836e4a79629de7958dc66eb51c14d5be5c,888,15,REFERENCE_ONLY,NexVox generated projection excluded to prevent recursive training duplication
CWTV-FVER-000515,c6d5c298de22d88b818c854240b29b1cee2cc4e1,36,M,nexvox/engineering/narratives/failures-corrections-lessons.md,29e2dc71df3b47dea317f6af6d38a058513f27ff,8adb57fc1472b4c931fbc9fb4d8ca68c435049b85f0ed26c3a6080b917701fb9,6400,165,REFERENCE_ONLY,NexVox generated projection excluded to prevent recursive training duplication
CWTV-FVER-000516,e40a70abc4e36dd38eb9309238b4fbf390205141,37,M,.github/workflows/ci.yml,56082d8e1b1ec2f50a33b29a644ab03b5c39e4c4,a2e7c8fde18f5d2aa95f5ee5ed864c276b188c73da3ea2c2ce727739d00bbb7c,4568,155,TRAINING_ELIGIBLE,"CineWatch-owned source, test, governance, or engineering documentation"
CWTV-FVER-000517,e40a70abc4e36dd38eb9309238b4fbf390205141,37,A,docs/architecture/evidence/CineWatch_TV_V1_3_3_1_R1_NexVox_CI_Projection_History_Checkout_Correction_001.md,26217c07f320e233d5bf51c210329a2bc282523d,f379975367a7a1c8b1b7cf93048fe9480bcd1c92d52d32962f03ba822c24cee0,1971,50,TRAINING_ELIGIBLE,"CineWatch-owned source, test, governance, or engineering documentation"
CWTV-FVER-000518,e40a70abc4e36dd38eb9309238b4fbf390205141,37,M,docs/progress/CineWatch_TV_Engineering_Chronicle.md,dd98014e603cedce969474bc50bc09a723c8ddba,a3542671e0d3f8803eb3eb2474f8f65c0a2b64b094a0134c9456f49cb8736bc1,53729,278,REFERENCE_ONLY,canonical/reference/generated artifact retained for provenance but excluded from training text
CWTV-FVER-000519,e40a70abc4e36dd38eb9309238b4fbf390205141,37,M,docs/progress/activity/engineering-events.jsonl,8e38876437603624a5c7aec785031e84c30614ed,15fc232f4e56a6677055d0d56c05e0001fd7e9a78871870c5ab575b0b4259f21,119902,152,TRAINING_ELIGIBLE,"CineWatch-owned source, test, governance, or engineering documentation"
CWTV-FVER-000520,e40a70abc4e36dd38eb9309238b4fbf390205141,37,M,docs/progress/dashboard/progress-data.json,675333becbdd74dabeb51453bd0c125404d7de07,404160442b3ae3b0743b440f059d6f4a97d6c0a09a318d7f680a82e703f502f8,227147,5560,REFERENCE_ONLY,canonical/reference/generated artifact retained for provenance but excluded from training text
CWTV-FVER-000521,e40a70abc4e36dd38eb9309238b4fbf390205141,37,A,tests/repository/test_nexvox_ci_checkout_history.py,7f5a497e06dc91c52214d3935ef2988feb358711,7389eebcc82c2f89b6ac8f3c1e36fb395a8d256c5cf0bde47ed2e30000b1ac78,1385,37,TRAINING_ELIGIBLE,"CineWatch-owned source, test, governance, or engineering documentation"
CWTV-FVER-000522,a2cfb4efe2c9743d6b2fa44b51b1abe42f268c81,38,M,nexvox/engineering/DATASET_CARD.md,d9ea13ec904e31b6d6e71b7df9c152ebed17d12c,158a615d4b730c2b1948158bfc5daf64322811072450f196b0001a7fccd0895e,1511,37,REFERENCE_ONLY,NexVox generated projection excluded to prevent recursive training duplication
CWTV-FVER-000523,a2cfb4efe2c9743d6b2fa44b51b1abe42f268c81,38,M,nexvox/engineering/checksums.sha256,ac7bfeedd600982197f7a248cfb078f92908b7b4,7f2dcc2458c2b631e1e5b613503b1ccb73944bcf0b935a4b7e7c6b80dee76d40,2696,,REFERENCE_ONLY,NexVox generated projection excluded to prevent recursive training duplication
CWTV-FVER-000524,a2cfb4efe2c9743d6b2fa44b51b1abe42f268c81,38,M,nexvox/engineering/datasets/commit-changes.csv,57c70638d63e6a2cbbf81e778268c94446749466,3542bb5c6e3ea48010570348ee6d952a5f61c9698834da6b3b0a747a3a94d1e9,67022,,REFERENCE_ONLY,NexVox generated projection excluded to prevent recursive training duplication
CWTV-FVER-000525,a2cfb4efe2c9743d6b2fa44b51b1abe42f268c81,38,M,nexvox/engineering/datasets/commits.csv,e6ac9afca75507b53c9fbd13f45a020693db772a,02ba8910b0493a384e78ea6bd482e6663bbd9f0abbfcb52006c52ad8285f9ece,8490,,REFERENCE_ONLY,NexVox generated projection excluded to prevent recursive training duplication
CWTV-FVER-000526,a2cfb4efe2c9743d6b2fa44b51b1abe42f268c81,38,M,nexvox/engineering/datasets/decisions.csv,7b8cc18d499890b4eb88caabfe8e2b8825ef0814,ccf39f4db41d0222e2903a7830b92f837e083f7161ec706165bd9231bbeaad10,7122,,REFERENCE_ONLY,NexVox generated projection excluded to prevent recursive training duplication
CWTV-FVER-000527,a2cfb4efe2c9743d6b2fa44b51b1abe42f268c81,38,M,nexvox/engineering/datasets/dependencies.csv,c372ffc8d7b8269ac7ae6e666606f541f8099e71,aa133b57634bed7e121725ab6626d27c67abf791ed96778f54e01dfa02353ee4,36480,,REFERENCE_ONLY,NexVox generated projection excluded to prevent recursive training duplication
CWTV-FVER-000528,a2cfb4efe2c9743d6b2fa44b51b1abe42f268c81,38,M,nexvox/engineering/datasets/history-records.jsonl,358b3300c6584c2b5ce73afbdf051a6becac58b8,8164276cbbf8c94b5799dcc60be260b4b9901e171562e936b141ffefbeeccf31,1222861,285,REFERENCE_ONLY,NexVox generated projection excluded to prevent recursive training duplication
CWTV-FVER-000529,a2cfb4efe2c9743d6b2fa44b51b1abe42f268c81,38,M,nexvox/engineering/datasets/knowledge-records.jsonl,5d27eeb7459f132e25eab34e4004509c6e7c2546,2f61d371a4aac80a4d8c9da5ab5b9eaef8280fe5c8a7ca2322d0f4f2bf1a06c9,1003436,388,REFERENCE_ONLY,NexVox generated projection excluded to prevent recursive training duplication
CWTV-FVER-000530,a2cfb4efe2c9743d6b2fa44b51b1abe42f268c81,38,M,nexvox/engineering/datasets/milestones.csv,aacd0ac1d0770ab71bc96d058537f02b1e78e0b7,fa2fa40fad9b7f93b6ff6c2992a6e91c20ba61432a783537eae52228f2ce4422,1573,,REFERENCE_ONLY,NexVox generated projection excluded to prevent recursive training duplication
CWTV-FVER-000531,a2cfb4efe2c9743d6b2fa44b51b1abe42f268c81,38,M,nexvox/engineering/datasets/repository-file-versions.csv,657551c3a394f7f684c352571ade5d3cab3be1c4,89ad2aa372f3c2a015d535e1e0f6113dd1fc5d8d48fb912bedefeb9abae21b73,163616,,REFERENCE_ONLY,NexVox generated projection excluded to prevent recursive training duplication
CWTV-FVER-000532,a2cfb4efe2c9743d6b2fa44b51b1abe42f268c81,38,M,nexvox/engineering/datasets/repository-files.csv,191dde7e3d4bfdfab07fd64d7c4b172b8ebcc868,18b1503e28269605e9c5b69ff7aba261ea9896407d751b1fbb0a54a7f9c19faa,71772,,REFERENCE_ONLY,NexVox generated projection excluded to prevent recursive training duplication
CWTV-FVER-000533,a2cfb4efe2c9743d6b2fa44b51b1abe42f268c81,38,M,nexvox/engineering/datasets/source-reconciliations.csv,e977ff7ef686e903f93efd2bdaa015ab73603f91,73624deeafc94ff598204107c64e83f39ac428c4b9decf082e509e2e6603f9be,3542,,REFERENCE_ONLY,NexVox generated projection excluded to prevent recursive training duplication
CWTV-FVER-000534,a2cfb4efe2c9743d6b2fa44b51b1abe42f268c81,38,M,nexvox/engineering/datasets/symbols.csv,aca4901383df7c8ea5ae4299e3011791ea77e758,04c20e4c9ea1b026a38f64d36f45bdbd56d18d709c7295d132f75c87cd21a27b,31431,,REFERENCE_ONLY,NexVox generated projection excluded to prevent recursive training duplication
CWTV-FVER-000535,a2cfb4efe2c9743d6b2fa44b51b1abe42f268c81,38,M,nexvox/engineering/manifests/corpus-manifest.yaml,d185d7303596d81266ba163c1c43a686eb4657d2,461f52c0f8bf832f31782475c73deb6a7ebf2e1d6a6fd48d47b91c38c1151028,521,18,REFERENCE_ONLY,NexVox generated projection excluded to prevent recursive training duplication
CWTV-FVER-000536,a2cfb4efe2c9743d6b2fa44b51b1abe42f268c81,38,M,nexvox/engineering/manifests/sync-state.yaml,c7174a306940f2c532ae84453621a8f348438b48,a3b440d9153c21c6eb8430bcc3f45891d3ea580ba14efcc2e65e860b16b855f0,358,9,REFERENCE_ONLY,NexVox generated projection excluded to prevent recursive training duplication
CWTV-FVER-000537,a2cfb4efe2c9743d6b2fa44b51b1abe42f268c81,38,M,nexvox/engineering/narratives/architecture-decisions.md,12f9abebdeadf3fd32fc40b4d504c39e66e55a82,6315340efef25d3ee6a4ed1f7dcbd774bf0d040d136b0c523d7636a0eb892afb,6732,53,REFERENCE_ONLY,NexVox generated projection excluded to prevent recursive training duplication
CWTV-FVER-000538,a2cfb4efe2c9743d6b2fa44b51b1abe42f268c81,38,M,nexvox/engineering/narratives/engineering-history.md,89f01348b02cb2af910a012f55d17c594b757233,00c351e655c00780cf561f5a63b21672bfe7cac86b4aa5eaf216d3ad4628e672,3813,64,REFERENCE_ONLY,NexVox generated projection excluded to prevent recursive training duplication
CWTV-FVER-000539,a2cfb4efe2c9743d6b2fa44b51b1abe42f268c81,38,M,nexvox/engineering/narratives/engineering-methods.md,cbcd88b823846a00a9449e9dd9ee91f318d5abe1,016452548f41c9728bcf1c38d75954157cb1edcd33b1818114d2fff751a02f4f,888,15,REFERENCE_ONLY,NexVox generated projection excluded to prevent recursive training duplication
CWTV-FVER-000540,a2cfb4efe2c9743d6b2fa44b51b1abe42f268c81,38,M,nexvox/engineering/narratives/failures-corrections-lessons.md,1641de34b516d95055dc7089a7eb68efe0da35c2,573e417fab1de3067602a0f74470a0404a06b9f9f4fbd3843b24179212694174,6400,165,REFERENCE_ONLY,NexVox generated projection excluded to prevent recursive training duplication
CWTV-FVER-000541,8482db2168531bcc290a6f051743605d9aab4d11,39,M,docs/progress/CineWatch_TV_Engineering_Chronicle.md,f3c1a3650894806d0565bcd14c8452e6df04aecc,94d7d6f746ed869f7e32b16b319100cb8c4c15846b60e70e6efaec1833d4efce,54051,279,REFERENCE_ONLY,canonical/reference/generated artifact retained for provenance but excluded from training text
CWTV-FVER-000542,8482db2168531bcc290a6f051743605d9aab4d11,39,M,docs/progress/activity/engineering-events.jsonl,81004a735ac17573c9f7446c9844657f5f98a8f3,68066ad698b282699fc918d0c691c14c12ac41ec72362cfca8585d0a3db8f325,120906,153,TRAINING_ELIGIBLE,"CineWatch-owned source, test, governance, or engineering documentation"
CWTV-FVER-000543,8482db2168531bcc290a6f051743605d9aab4d11,39,M,docs/progress/dashboard/progress-data.json,4446b12e136321247ad4be76621ec1f7c5dfa691,5dca02a983030f1a33b37ddc231f5e6ee3b8f2d7c28924f8c346f819c31c4204,228386,5590,REFERENCE_ONLY,canonical/reference/generated artifact retained for provenance but excluded from training text
CWTV-FVER-000544,c44735c40484c9ce3b878d6fd8f2087eb221d9bd,40,M,nexvox/engineering/DATASET_CARD.md,e8980b340cb0687d5ea5425fb9066c20ce4cdd71,dac49556abd4c8f3773cb13c4455f25d3905e511436ba2f8bf3400bbf497f78b,1511,37,REFERENCE_ONLY,NexVox generated projection excluded to prevent recursive training duplication
CWTV-FVER-000545,c44735c40484c9ce3b878d6fd8f2087eb221d9bd,40,M,nexvox/engineering/checksums.sha256,3db31a999ca1b1656e628beac5490cbbd50c1e18,7468a9b207d300152b2d272f56f143d0930649d4b8d0d4ed1f3cb5a989fb0b7a,2696,,REFERENCE_ONLY,NexVox generated projection excluded to prevent recursive training duplication
CWTV-FVER-000546,c44735c40484c9ce3b878d6fd8f2087eb221d9bd,40,M,nexvox/engineering/datasets/commit-changes.csv,cc400d7d57067144d599d23f4289207aa4f9693b,eb7fd10bff2d4ac06025a0d2fc80a4801f7063cfb3ab9eba3dbea7d217df8033,69902,,REFERENCE_ONLY,NexVox generated projection excluded to prevent recursive training duplication
CWTV-FVER-000547,c44735c40484c9ce3b878d6fd8f2087eb221d9bd,40,M,nexvox/engineering/datasets/commits.csv,630ee92a24e2fc19c71a80b94687c0f17e32af6e,0af7736613a1b1940946cf5f9e1c0c1d921e56ad3013be0f76b74e2c93b27239,8964,,REFERENCE_ONLY,NexVox generated projection excluded to prevent recursive training duplication
CWTV-FVER-000548,c44735c40484c9ce3b878d6fd8f2087eb221d9bd,40,M,nexvox/engineering/datasets/decisions.csv,c843cb581916a513333208809494886b6d664c35,f45af8bf7d899ee22f113e6c886747500fee6f6959177710a9b8bedad869b4bb,7122,,REFERENCE_ONLY,NexVox generated projection excluded to prevent recursive training duplication
CWTV-FVER-000549,c44735c40484c9ce3b878d6fd8f2087eb221d9bd,40,M,nexvox/engineering/datasets/history-records.jsonl,850c7d509e2688802c81d016080faccedbaf18ff,bf0751b88c7140a7d96f2eb26bcced0eab1754c0fc33f6dde0523f854f32b4e2,1228173,286,REFERENCE_ONLY,NexVox generated projection excluded to prevent recursive training duplication
CWTV-FVER-000550,c44735c40484c9ce3b878d6fd8f2087eb221d9bd,40,M,nexvox/engineering/datasets/knowledge-records.jsonl,1c14a817922c1c588a98f04f2c712127adf2af60,d867c866d1d8ea4df14909ac6c6dbad3ccab55be4dba1c032d12407899f6d819,1004529,388,REFERENCE_ONLY,NexVox generated projection excluded to prevent recursive training duplication
CWTV-FVER-000551,c44735c40484c9ce3b878d6fd8f2087eb221d9bd,40,M,nexvox/engineering/datasets/milestones.csv,39ef0c034465c34ddec46d2e904a1777ec63a5f2,6b073156369de4a5c87762b65a55aadba24b185730d5c45789f958cdb60c6477,1579,,REFERENCE_ONLY,NexVox generated projection excluded to prevent recursive training duplication
CWTV-FVER-000552,c44735c40484c9ce3b878d6fd8f2087eb221d9bd,40,M,nexvox/engineering/datasets/qualifications.csv,3d5e652bd3feb9263c6e901f8c51aeebdb5d8183,1ab16ea9840eb01485dece4f6164c93ed1dd60056573c0d4cce704569d27fe77,7169,,REFERENCE_ONLY,NexVox generated projection excluded to prevent recursive training duplication
CWTV-FVER-000553,c44735c40484c9ce3b878d6fd8f2087eb221d9bd,40,M,nexvox/engineering/datasets/repository-file-versions.csv,7b05068290c3af3f33c2faef1dfaed5ed1f941bd,8cd9eb5637bd0ea8513c371ce8e5dfb768b52d4cf0aaab025cf38ed013115524,170660,,REFERENCE_ONLY,NexVox generated projection excluded to prevent recursive training duplication
CWTV-FVER-000554,c44735c40484c9ce3b878d6fd8f2087eb221d9bd,40,M,nexvox/engineering/datasets/repository-files.csv,3f421501f7204788d697be7a101c801b69c64bfa,4bed9c37bc30d6181615e870186424b046d853f0bebfc1f29405ca8c4ff25e7a,71773,,REFERENCE_ONLY,NexVox generated projection excluded to prevent recursive training duplication
CWTV-FVER-000555,c44735c40484c9ce3b878d6fd8f2087eb221d9bd,40,M,nexvox/engineering/datasets/source-reconciliations.csv,891ef01447cda1a0da1169a626c6d7c97ec22aea,de6a86d9a182986e6fe0ad9d232f3b19393c9c24e5baa51c532d3413e185b610,3679,,REFERENCE_ONLY,NexVox generated projection excluded to prevent recursive training duplication
CWTV-FVER-000556,c44735c40484c9ce3b878d6fd8f2087eb221d9bd,40,M,nexvox/engineering/manifests/corpus-manifest.yaml,92876f216d641dc94d3bad79710f6bf8824cce46,6e2da715970e48a78b2f6f0dde140c8b7ab16d3555ffc1a9c8cf170eae87a33c,521,18,REFERENCE_ONLY,NexVox generated projection excluded to prevent recursive training duplication
CWTV-FVER-000557,c44735c40484c9ce3b878d6fd8f2087eb221d9bd,40,M,nexvox/engineering/manifests/sync-state.yaml,3c1b0fa1a2699d2fae0e5b4c90675ba01a800016,172070326460955343f1d2ba27268cc53e7a03c45eaaaaf84426327792daad95,358,9,REFERENCE_ONLY,NexVox generated projection excluded to prevent recursive training duplication
CWTV-FVER-000558,c44735c40484c9ce3b878d6fd8f2087eb221d9bd,40,M,nexvox/engineering/narratives/architecture-decisions.md,40935bacc3bce74ac9eca14a0e0144c69c9fbf8c,f315722c7935d635065aa74cce8c42378f9a4af60a6a59ff965954328b785a86,6732,53,REFERENCE_ONLY,NexVox generated projection excluded to prevent recursive training duplication
CWTV-FVER-000559,c44735c40484c9ce3b878d6fd8f2087eb221d9bd,40,M,nexvox/engineering/narratives/engineering-history.md,e9be62f1d5d42d09b0b852993e789f704a30de90,2e5289628f40002e855faa2c82b13a98ca89f9b90a729a56bf5cfb5b9cac52eb,3942,66,REFERENCE_ONLY,NexVox generated projection excluded to prevent recursive training duplication
CWTV-FVER-000560,c44735c40484c9ce3b878d6fd8f2087eb221d9bd,40,M,nexvox/engineering/narratives/engineering-methods.md,9e5d89c9103703bf2af477074803e4a347e088d6,534ef132d43249cda13a153d0f2a34475d343fd2368fb4589c17e833f7945873,888,15,REFERENCE_ONLY,NexVox generated projection excluded to prevent recursive training duplication
CWTV-FVER-000561,c44735c40484c9ce3b878d6fd8f2087eb221d9bd,40,M,nexvox/engineering/narratives/failures-corrections-lessons.md,7db4be74692088011e3dd560d35bf6dfffc36696,5f8dc2ce853836de687d261adefa8d7020f4d737eb94d5da7778125e778f0d63,6400,165,REFERENCE_ONLY,NexVox generated projection excluded to prevent recursive training duplication
CWTV-FVER-000562,06d6e0ad6753eb676104fc5c1de900d261209f52,41,A,docs/architecture/CineWatch_TV_V1_TMDb_Real_Data_Homepage_Foundation_001.md,b55c979f6ed4e4b9a5accc73c272b4eaae964abd,a308f73bdf7eb276784b36fb8c59dc490309b702d3e64a668f4af14e2584109f,4668,93,TRAINING_ELIGIBLE,"CineWatch-owned source, test, governance, or engineering documentation"
CWTV-FVER-000563,06d6e0ad6753eb676104fc5c1de900d261209f52,41,A,docs/architecture/decisions/CWTV_ADR_0009_Homepage_Data_Contract_and_TMDb_Aggregation_Authority.md,51d5990a7f8c5f77cf1b9bd7eea8d72370dd8426,40a16cbfb8441937ebfd78abd53ac21da8727c254ebce07d466499c9177607c2,3565,63,TRAINING_ELIGIBLE,"CineWatch-owned source, test, governance, or engineering documentation"
CWTV-FVER-000564,06d6e0ad6753eb676104fc5c1de900d261209f52,41,A,docs/architecture/evidence/CineWatch_TV_V1_3_3_2_1_R1_OpenAPI_Foundation_Test_Neutralization_Correction_001.md,e59eef6dafef44c2553644e71080bcfa62e1e37c,80ae7ca495afa4728afbab6cf21c7c59ecdb88b4abca278c00227dfcf364056b,2885,82,TRAINING_ELIGIBLE,"CineWatch-owned source, test, governance, or engineering documentation"
CWTV-FVER-000565,06d6e0ad6753eb676104fc5c1de900d261209f52,41,M,docs/progress/CineWatch_TV_Engineering_Chronicle.md,c1cf06a02df8c7be34dfee9136233e61b1ae27e7,a98201cd6c4aa7d03c4c3d8b354f9daf902a22f6a353757a9cde9d5e86fa4f8c,55316,284,REFERENCE_ONLY,canonical/reference/generated artifact retained for provenance but excluded from training text
CWTV-FVER-000566,06d6e0ad6753eb676104fc5c1de900d261209f52,41,M,docs/progress/activity/engineering-events.jsonl,2ca5c8a6adc3afae75787335a9eb89aaf8cead78,08f693208416f97e5a45282887ff6a2a4c73e6b5fbb165d76887af2761ee5846,123922,156,TRAINING_ELIGIBLE,"CineWatch-owned source, test, governance, or engineering documentation"
CWTV-FVER-000567,06d6e0ad6753eb676104fc5c1de900d261209f52,41,M,docs/progress/dashboard/progress-data.json,59a26dd3d181678a0628d47fb6a9a5b967745a4c,0edb100f1ba68158c22972e81cf56e99927e8b7eb8c61c7b0a29e740a795bc8f,233470,5718,REFERENCE_ONLY,canonical/reference/generated artifact retained for provenance but excluded from training text
CWTV-FVER-000568,06d6e0ad6753eb676104fc5c1de900d261209f52,41,M,packages/contracts/openapi/cinewatch-v1.openapi.json,2764926ca87ece688877c0cef8ac19c53c845d08,99af56b603051effc9d39a04203c0276252095ff4ba853bfa5492873c110d82b,11607,472,REFERENCE_ONLY,canonical/reference/generated artifact retained for provenance but excluded from training text
CWTV-FVER-000569,06d6e0ad6753eb676104fc5c1de900d261209f52,41,M,packages/contracts/src/generated/openapi.d.ts,88b3220a6fcaa31704a35596853c6d30dd8e0c32,3ab9a182de081ad092810a7676a5e266e983f64be6f979e3b15cf8d186657718,9073,335,REFERENCE_ONLY,canonical/reference/generated artifact retained for provenance but excluded from training text
CWTV-FVER-000570,06d6e0ad6753eb676104fc5c1de900d261209f52,41,M,packages/contracts/src/index.d.ts,f5df417986be77839c707d4203d326adfdd84255,e7a9122de9f6979a46e279527ebb6bbb59d961686e7449d06c09ecf6e071eb1c,590,12,TRAINING_ELIGIBLE,"CineWatch-owned source, test, governance, or engineering documentation"
CWTV-FVER-000571,06d6e0ad6753eb676104fc5c1de900d261209f52,41,M,scripts/check_contract_foundation.py,fa0616fb1aa9e628dd520f9cbc67aae10f9eb200,a700c919fe100d34a523c3ffd6dfb7f89cc397c0e602fd7281b78e02fcb615c6,6963,182,TRAINING_ELIGIBLE,"CineWatch-owned source, test, governance, or engineering documentation"
CWTV-FVER-000572,06d6e0ad6753eb676104fc5c1de900d261209f52,41,A,scripts/check_homepage_data_foundation.py,c77713959bd0c11db6fc72a8abc33069cd8a3f31,260c7096b5579bf789da44f075d2779268d468b0698856752b9f05b586063cec,5801,137,TRAINING_ELIGIBLE,"CineWatch-owned source, test, governance, or engineering documentation"
CWTV-FVER-000573,06d6e0ad6753eb676104fc5c1de900d261209f52,41,A,services/api/cinewatch_api/api/v1/home.py,7090bcd571c4cd7c92de2c8035610c2f8fbc3d41,864997644907cef5ce7e300158a289a402f93df82d001bf0d96cf1097e05aa83,1148,39,TRAINING_ELIGIBLE,"CineWatch-owned source, test, governance, or engineering documentation"
CWTV-FVER-000574,06d6e0ad6753eb676104fc5c1de900d261209f52,41,M,services/api/cinewatch_api/api/v1/router.py,767c7e97de9d8a977aefe3537d01960ea32d6ff1,c665b47c6549f209799ab5453521d903460686cdc0d75c0b45020599b8026fa7,298,10,TRAINING_ELIGIBLE,"CineWatch-owned source, test, governance, or engineering documentation"
CWTV-FVER-000575,06d6e0ad6753eb676104fc5c1de900d261209f52,41,A,services/api/cinewatch_api/contracts/home.py,e4196e583158d9b6dda0914e6a7de8d5bb7eee21,21ff5157315a43924b3ff0efbb2feeb2da912c645122e34f2a0065a2363dda3d,2400,78,TRAINING_ELIGIBLE,"CineWatch-owned source, test, governance, or engineering documentation"
CWTV-FVER-000576,06d6e0ad6753eb676104fc5c1de900d261209f52,41,A,services/api/cinewatch_api/home/__init__.py,267d7279d2038b01b3e17f8bd16dcee6f0b4b48d,f7070892b621e840d3d75d1ebb11e6c3fa0284b59da9a88cf76b1041ead1e458,148,5,TRAINING_ELIGIBLE,"CineWatch-owned source, test, governance, or engineering documentation"
CWTV-FVER-000577,06d6e0ad6753eb676104fc5c1de900d261209f52,41,A,services/api/cinewatch_api/home/aggregation.py,384ada117490c7b7504532d2f5fd7ae3faa0affe,66d1fc7ec7795dcd2841f30b075cddc48346a122e918cdd2d6ad569ceff2685c,10900,339,TRAINING_ELIGIBLE,"CineWatch-owned source, test, governance, or engineering documentation"
CWTV-FVER-000578,06d6e0ad6753eb676104fc5c1de900d261209f52,41,A,services/api/tests/test_home_aggregation.py,1a7288e18dfd9583112aca26f70c8ece434f476b,9921ef2ed3bc0d0e4e2700256edf6ba6b45a773f6c6eba4833fd804e01cf0a94,5790,175,TRAINING_ELIGIBLE,"CineWatch-owned source, test, governance, or engineering documentation"
CWTV-FVER-000579,06d6e0ad6753eb676104fc5c1de900d261209f52,41,A,services/api/tests/test_home_endpoint.py,c96779b81d2b0d376ded13ecff9e0133df3da862,bb0b4187d3d2792ac2f6e153d2a47e36ebde43a2c43935d42905c6912ee9c831,2188,70,TRAINING_ELIGIBLE,"CineWatch-owned source, test, governance, or engineering documentation"
CWTV-FVER-000580,06d6e0ad6753eb676104fc5c1de900d261209f52,41,M,services/api/tests/test_openapi.py,088a76ea191728973e5cf3a4e4918235841ca8bc,4cae58c9de93332d16256edd3dc9de7124beea59dad17dc1b8815e28fd6b7635,723,25,TRAINING_ELIGIBLE,"CineWatch-owned source, test, governance, or engineering documentation"
CWTV-FVER-000581,06d6e0ad6753eb676104fc5c1de900d261209f52,41,A,tests/repository/test_homepage_data_foundation.py,a79248b3f0a35310c83ddde074e466ebe04ef9ca,2b6aa63267a03dcfcb56e950a30a389ee05f0faa65cc0035cc2f445211de3171,729,27,TRAINING_ELIGIBLE,"CineWatch-owned source, test, governance, or engineering documentation"
CWTV-FVER-000582,68a32afa2606ec9536f2259f7ef327f9a42a48ff,42,M,nexvox/engineering/DATASET_CARD.md,2a85be1ab7af584261c37ba11d899da61b7731c8,9bd55890773a68ef6081fc3838fffe4e6bbe1a1caef95b859ee3a9912be80f46,1511,37,REFERENCE_ONLY,NexVox generated projection excluded to prevent recursive training duplication
CWTV-FVER-000583,68a32afa2606ec9536f2259f7ef327f9a42a48ff,42,M,nexvox/engineering/checksums.sha256,a6263d5f316c5487d64841708c14bc5be7085e20,3b82700fe399bc559f2e7120382094bb4715f25f0f0c825a25d5e0037c9ecce2,2696,,REFERENCE_ONLY,NexVox generated projection excluded to prevent recursive training duplication
CWTV-FVER-000584,68a32afa2606ec9536f2259f7ef327f9a42a48ff,42,M,nexvox/engineering/datasets/commit-changes.csv,066d757841459574e3b0ac942f24308c3c287a60,1a2e7cc80132104b39666c798714241588b39dc025d6ffaa014c2d05d81613eb,75004,,REFERENCE_ONLY,NexVox generated projection excluded to prevent recursive training duplication
CWTV-FVER-000585,68a32afa2606ec9536f2259f7ef327f9a42a48ff,42,M,nexvox/engineering/datasets/commits.csv,b34faff25a5788ec68d141f082b21e012f8df711,55147f9767ad5878575462a13920f466ff2c1a602e342265170e362b527ad611,9436,,REFERENCE_ONLY,NexVox generated projection excluded to prevent recursive training duplication
CWTV-FVER-000586,68a32afa2606ec9536f2259f7ef327f9a42a48ff,42,M,nexvox/engineering/datasets/decisions.csv,e47a6fc0677806b0d662470a4c4e1eab4f00c210,a36db84930099d4f24bb94a06fa65d5c10e5b5945d68cd6436dae0d9e2aa29c0,8082,,REFERENCE_ONLY,NexVox generated projection excluded to prevent recursive training duplication
CWTV-FVER-000587,68a32afa2606ec9536f2259f7ef327f9a42a48ff,42,M,nexvox/engineering/datasets/dependencies.csv,4234cd421ab5644ac5e5e4547863be579ac720a8,baa3ef526b246b8fad9d975e2fae71b00debc7e7f30f224cfa669789c332ebd3,40541,,REFERENCE_ONLY,NexVox generated projection excluded to prevent recursive training duplication
CWTV-FVER-000588,68a32afa2606ec9536f2259f7ef327f9a42a48ff,42,M,nexvox/engineering/datasets/failure-correction-chains.csv,a88ca97d0feca9a5d642ec14eff89c2940102a6f,24a71edf9d3861be9347ffa539c4940954002b391fae54ed29af1cdf1c9c0f0b,10340,,REFERENCE_ONLY,NexVox generated projection excluded to prevent recursive training duplication
CWTV-FVER-000589,68a32afa2606ec9536f2259f7ef327f9a42a48ff,42,M,nexvox/engineering/datasets/history-records.jsonl,4293ab867c90d654caaf5282373a4a523953645a,5c1ab3c49a38efc22d03c144624ad9f06fafd277ecc9d8debdda0494519149ca,1299014,302,REFERENCE_ONLY,NexVox generated projection excluded to prevent recursive training duplication
CWTV-FVER-000590,68a32afa2606ec9536f2259f7ef327f9a42a48ff,42,M,nexvox/engineering/datasets/knowledge-records.jsonl,1837affe74b066b928177845378795e322927fab,823f1cd9074f3b323a056822d71a7cd66007935a92c023fef3e62d73c1841f9a,1060661,410,REFERENCE_ONLY,NexVox generated projection excluded to prevent recursive training duplication
CWTV-FVER-000591,68a32afa2606ec9536f2259f7ef327f9a42a48ff,42,M,nexvox/engineering/datasets/milestones.csv,fe8c25c3fcb276724a9cea7bfe24c8812a6ead49,81da84231f19dcb98eaa610dec4ed1aa7a178ec4cd18533ad08da34d5f58e20c,1762,,REFERENCE_ONLY,NexVox generated projection excluded to prevent recursive training duplication
CWTV-FVER-000592,68a32afa2606ec9536f2259f7ef327f9a42a48ff,42,M,nexvox/engineering/datasets/qualifications.csv,6c2c53aa4cc00f05230c756182c36af2d564f5fc,0ddc12b4cabb39740e393f3418bca7b4313df18f5e6622d7559e73aedfcd6ae3,7465,,REFERENCE_ONLY,NexVox generated projection excluded to prevent recursive training duplication
CWTV-FVER-000593,68a32afa2606ec9536f2259f7ef327f9a42a48ff,42,M,nexvox/engineering/datasets/repository-file-versions.csv,fe4a1b3d0cfcf60b1ac0c744a600e607f70fc25e,f2ecae8237bc4f940722519defeb43733fc3f2ee2d45460a57bb6ae7a7fb0264,182881,,REFERENCE_ONLY,NexVox generated projection excluded to prevent recursive training duplication
CWTV-FVER-000594,68a32afa2606ec9536f2259f7ef327f9a42a48ff,42,M,nexvox/engineering/datasets/repository-files.csv,ba4190fb0110a41885f58381dc2337b8afd3c169,710638d67be752d7cba4bafc38336420b2407690707cf6c6c656bb8466562a1a,75165,,REFERENCE_ONLY,NexVox generated projection excluded to prevent recursive training duplication
CWTV-FVER-000595,68a32afa2606ec9536f2259f7ef327f9a42a48ff,42,M,nexvox/engineering/datasets/source-reconciliations.csv,0ed42cef0e2034c620100364d6b4ffc35e8270ad,52e46d7320a90c5c12b5cd509aeb199620112dadcf0d0e3d221857903cb9f7b1,3918,,REFERENCE_ONLY,NexVox generated projection excluded to prevent recursive training duplication
CWTV-FVER-000596,68a32afa2606ec9536f2259f7ef327f9a42a48ff,42,M,nexvox/engineering/datasets/symbols.csv,d16473ac7a01d04bdf31bd0e6910db9a879f716e,11e48bcc3b5f0ec10e1765a8f6b5185a9ae044082795477a611a7f3efd28d64b,35896,,REFERENCE_ONLY,NexVox generated projection excluded to prevent recursive training duplication
CWTV-FVER-000597,68a32afa2606ec9536f2259f7ef327f9a42a48ff,42,M,nexvox/engineering/manifests/corpus-manifest.yaml,dcf415acb5a9c6d79c8ba501803a66d36b05b777,2e638fa44bce75c9a9f5d522602f37e5ef940722b40af3cc95a243ac8e64a613,521,18,REFERENCE_ONLY,NexVox generated projection excluded to prevent recursive training duplication
CWTV-FVER-000598,68a32afa2606ec9536f2259f7ef327f9a42a48ff,42,M,nexvox/engineering/manifests/sync-state.yaml,1eb6af1c25ea9705482f104373865d1bcef1ce65,1687791c810ce4551e84eb8456a042b831c2b19996d6068825a4b9e6adfd2040,358,9,REFERENCE_ONLY,NexVox generated projection excluded to prevent recursive training duplication
CWTV-FVER-000599,68a32afa2606ec9536f2259f7ef327f9a42a48ff,42,M,nexvox/engineering/narratives/architecture-decisions.md,b2503e19a53fd8088a1906ec01d2082cf4a3757d,4883e6ac7de5a4d2747b4bf51ae579e50670a4188831f07ab317d4468add245e,7622,59,REFERENCE_ONLY,NexVox generated projection excluded to prevent recursive training duplication
CWTV-FVER-000600,68a32afa2606ec9536f2259f7ef327f9a42a48ff,42,M,nexvox/engineering/narratives/engineering-history.md,b66d909ee9c454053bff71f320fdbddc2602006f,d9417138216cc90eb4d8e98cdff06d302ccdede8fbdfcf68db51dc16d5192dfa,4212,70,REFERENCE_ONLY,NexVox generated projection excluded to prevent recursive training duplication
CWTV-FVER-000601,68a32afa2606ec9536f2259f7ef327f9a42a48ff,42,M,nexvox/engineering/narratives/engineering-methods.md,57657d3c1d67e33d5ee36f6c5e5e64a6b680b44a,28b8dce157fd2d3d8ff7095c0fa1931329b37e9014c78fc6e7771d1298a38105,888,15,REFERENCE_ONLY,NexVox generated projection excluded to prevent recursive training duplication
CWTV-FVER-000602,68a32afa2606ec9536f2259f7ef327f9a42a48ff,42,M,nexvox/engineering/narratives/failures-corrections-lessons.md,c98845d32ec7dee586bf948f00142d85b1d8195d,b878658822a902af1b0af0cd038993588c47a3ede2304d663f6a71c4953c779d,6628,173,REFERENCE_ONLY,NexVox generated projection excluded to prevent recursive training duplication
CWTV-FVER-000603,2549f45bdd89436061bbeb77ae523ba24622a755,43,M,.env.example,5c07db1b0a2bcaf38a00c731b91a7b49d9c548c9,ba4fc1adb02214fef05367b749613806dc016796db59387d308a4a48a586c6f7,1671,44,TRAINING_ELIGIBLE,"CineWatch-owned source, test, governance, or engineering documentation"
CWTV-FVER-000604,2549f45bdd89436061bbeb77ae523ba24622a755,43,M,apps/web/next-env.d.ts,a419cbe4e3a5e8d4b481b851dbf4ac767de069e6,0f70629890b72a0a82e91972cc032c04b658b26c265373cb711cf576bfbf8fcc,296,7,REFERENCE_ONLY,canonical/reference/generated artifact retained for provenance but excluded from training text
CWTV-FVER-000605,2549f45bdd89436061bbeb77ae523ba24622a755,43,M,apps/web/next.config.ts,d24675cc75d67ce0977872a66f5e02a0c66ef437,b2714280526d034c4dbb3b08d8efd1303f721231388d4e51ea43d3b00260c6b5,481,21,TRAINING_ELIGIBLE,"CineWatch-owned source, test, governance, or engineering documentation"
CWTV-FVER-000606,2549f45bdd89436061bbeb77ae523ba24622a755,43,A,apps/web/public/brand/ratings/imdb.jpg,a114691e98307f47c981e649df4678b8b2fee69e,5c4b6a6383bb2b44bdf77856136459bff6797f2e38bab748df08c7aaa61c923b,44010,,TRAINING_ELIGIBLE,"CineWatch-owned source, test, governance, or engineering documentation"
CWTV-FVER-000607,2549f45bdd89436061bbeb77ae523ba24622a755,43,A,apps/web/public/brand/ratings/metacritic.jpg,095b3ddce1886e5f76c9f9978e8bf57704abd2f9,d33aded2cae490874bf426367096c2ee8b1a74580e2098014f6c80fed5e7a49d,86762,,TRAINING_ELIGIBLE,"CineWatch-owned source, test, governance, or engineering documentation"
CWTV-FVER-000608,2549f45bdd89436061bbeb77ae523ba24622a755,43,A,apps/web/public/brand/ratings/rotten-tomatoes.jpg,5efc96d1d6da1fdfa35cc93dd7c44bfe7bb10792,1d13bc7211aa3f493b832855c0b797f593e715ad2d646c9ba2e2db77b9933be2,55081,,TRAINING_ELIGIBLE,"CineWatch-owned source, test, governance, or engineering documentation"
CWTV-FVER-000609,2549f45bdd89436061bbeb77ae523ba24622a755,43,A,apps/web/public/brand/ratings/tmdb.jpg,663e8e39e92f75fc19e01718383baf6d4e927ea9,5e29d146d85671f77ed0a573d7acc074a4116534f15a1cd2bc6ee04628ce9b11,65858,,TRAINING_ELIGIBLE,"CineWatch-owned source, test, governance, or engineering documentation"
CWTV-FVER-000610,2549f45bdd89436061bbeb77ae523ba24622a755,43,A,apps/web/src/app/cinema-guide/page.tsx,04029918b5c8895b4d8453a79c8f1910a57d2af5,837c5d2328c6b40986072db67f07ac897e10deb6bb1beb38908c7f89a819c51d,183,5,TRAINING_ELIGIBLE,"CineWatch-owned source, test, governance, or engineering documentation"
CWTV-FVER-000611,2549f45bdd89436061bbeb77ae523ba24622a755,43,A,apps/web/src/app/contact/page.tsx,9c6df5263399b0c443f622de8c8c2c9f2725ac7a,ca412790e82742f885bedfa43b8f2334ba1a391e1cadc334d17db96c41a29ae8,1061,25,TRAINING_ELIGIBLE,"CineWatch-owned source, test, governance, or engineering documentation"
CWTV-FVER-000612,2549f45bdd89436061bbeb77ae523ba24622a755,43,A,apps/web/src/app/country/[code]/page.tsx,483735ea4265db2eb8bacb3cb196820c7e88fae0,eb9385f622138fd0cd0ba6591a26bdd66a535e72424cb50e43b902dcbab21219,622,13,TRAINING_ELIGIBLE,"CineWatch-owned source, test, governance, or engineering documentation"
CWTV-FVER-000613,2549f45bdd89436061bbeb77ae523ba24622a755,43,A,apps/web/src/app/discover/[slug]/page.tsx,d30b16c8a3f145c51ad784fe8a842485cd23c155,6011d23fab8bbff2ff9832252b08169da9034482e8f87b4d9b1f79ce442c5349,626,13,TRAINING_ELIGIBLE,"CineWatch-owned source, test, governance, or engineering documentation"
CWTV-FVER-000614,2549f45bdd89436061bbeb77ae523ba24622a755,43,A,apps/web/src/app/genre/[slug]/page.tsx,c3abc830d7d516552eb21335f7bfe553514b871f,d8945b2e3da5b030947b7a76bdda92a1f9e61033ace0e85a2b940cfa800c355f,618,13,TRAINING_ELIGIBLE,"CineWatch-owned source, test, governance, or engineering documentation"
CWTV-FVER-000615,2549f45bdd89436061bbeb77ae523ba24622a755,43,A,apps/web/src/app/genres/page.tsx,e36803f5ffc7d2d4ba9fd7f2d0c1aa9d0536b46a,604c94571166e78de9f4002ce8fc7df487b3d5f8f59a1cddd4784ff29a8e11e5,1188,17,TRAINING_ELIGIBLE,"CineWatch-owned source, test, governance, or engineering documentation"
CWTV-FVER-000616,2549f45bdd89436061bbeb77ae523ba24622a755,43,M,apps/web/src/app/globals.css,723175e340bf3482642c5130a9e14f73d4788b6f,efbc6f867502a2bb6e9d0c3f1b70230d5cb574d8c8eb81bf8811ff2cade391d2,1178,41,TRAINING_ELIGIBLE,"CineWatch-owned source, test, governance, or engineering documentation"
CWTV-FVER-000617,2549f45bdd89436061bbeb77ae523ba24622a755,43,M,apps/web/src/app/layout.tsx,1f498aff34b477f5f665344dcbfe5b0db2a7d33c,7bd50d1a5e312d54f5ca4c98d7ba27426c989c96d21b790ac5aa00eba8ec16b0,1392,52,TRAINING_ELIGIBLE,"CineWatch-owned source, test, governance, or engineering documentation"
CWTV-FVER-000618,2549f45bdd89436061bbeb77ae523ba24622a755,43,A,apps/web/src/app/loading.module.css,14d31f6eaca4771b33d59fac877aa1057da53c5b,8fe54a1c4a601af64f960e759ff213051f2828b275d2bcfbde0ac8cc3d1ff257,307,1,TRAINING_ELIGIBLE,"CineWatch-owned source, test, governance, or engineering documentation"
CWTV-FVER-000619,2549f45bdd89436061bbeb77ae523ba24622a755,43,M,apps/web/src/app/loading.tsx,84f39cbf772842735d97207724182f1882cfe807,a28bb36f0993f3049482e16dca2650220476e74268a7278323f4c9ca6e14135c,223,5,TRAINING_ELIGIBLE,"CineWatch-owned source, test, governance, or engineering documentation"
CWTV-FVER-000620,2549f45bdd89436061bbeb77ae523ba24622a755,43,A,apps/web/src/app/lyrics/page.tsx,a41091985a4e615bb1feaef6034cb7f3d2c5d3e4,a592d224177ac9d5987b0615e715127ec1fd4dcc9db01e9431abc138d4c2b553,4596,35,TRAINING_ELIGIBLE,"CineWatch-owned source, test, governance, or engineering documentation"
CWTV-FVER-000621,2549f45bdd89436061bbeb77ae523ba24622a755,43,A,apps/web/src/app/news/page.tsx,fddd48771eb843cec45d3cbf9374a63514521968,df5b0b5c27b8ac3b771a7b312c56c7b07ae2844e7af61f74656b2ffbcfddaee7,3421,62,TRAINING_ELIGIBLE,"CineWatch-owned source, test, governance, or engineering documentation"
CWTV-FVER-000622,2549f45bdd89436061bbeb77ae523ba24622a755,43,M,apps/web/src/app/page.tsx,8bfd19823ce556295f3224d7b9344d1e7ab2cd30,aaf0ebf903a9e14a3895e4cff6be29d292f39d2297f29a2fa170b686a76d01e7,674,22,TRAINING_ELIGIBLE,"CineWatch-owned source, test, governance, or engineering documentation"
CWTV-FVER-000623,2549f45bdd89436061bbeb77ae523ba24622a755,43,A,apps/web/src/app/person/[providerId]/page.tsx,3781847e77d911f3d01e35de0018390777c35e7b,0ddd27e9027b33bb3dc85a88f89a0a5887ddb4a020e2eb4c4a311106076de5a5,661,13,TRAINING_ELIGIBLE,"CineWatch-owned source, test, governance, or engineering documentation"
CWTV-FVER-000624,2549f45bdd89436061bbeb77ae523ba24622a755,43,A,apps/web/src/app/provider/[providerId]/page.tsx,0c14dc2b1b6fc4577ee76f83438ed3ad12dca5ab,3feb3c93f308e775bc26b5eb9f18902669cb3a3a96d1b3e32ac66a4b49aa32fb,2857,41,TRAINING_ELIGIBLE,"CineWatch-owned source, test, governance, or engineering documentation"
CWTV-FVER-000625,2549f45bdd89436061bbeb77ae523ba24622a755,43,A,apps/web/src/app/r3-page.module.css,b3840f9525a93d6e0d55c974afc859b64b24c64d,9aef06b562e9f6554b84b260e759d3e7103fdf0b4a5b712bc6c1ddd03dd9a8b4,4668,4,TRAINING_ELIGIBLE,"CineWatch-owned source, test, governance, or engineering documentation"
CWTV-FVER-000626,2549f45bdd89436061bbeb77ae523ba24622a755,43,A,apps/web/src/app/scripts/page.tsx,7299fb2edd5d9ca356cb8ea0cfcc1d6d2c78e811,1764a638817806414a89376c59fa8d78f7df5bfde61921b416387737ff574e80,3353,26,TRAINING_ELIGIBLE,"CineWatch-owned source, test, governance, or engineering documentation"
CWTV-FVER-000627,2549f45bdd89436061bbeb77ae523ba24622a755,43,A,apps/web/src/app/title/[mediaType]/[providerId]/details/page.tsx,a40be61842acce69c6ffa90d51f5cd471581987e,95a1af31f139f3def082c4da4d33fa8be2396710d93f944d21ce829d8948fa6c,785,13,TRAINING_ELIGIBLE,"CineWatch-owned source, test, governance, or engineering documentation"
CWTV-FVER-000628,2549f45bdd89436061bbeb77ae523ba24622a755,43,A,apps/web/src/app/title/[mediaType]/[providerId]/page.tsx,8d25f22a44623d58a6be72c31da2a14c6e103411,c38c73f9f0bc472ac105d35856001bbc5a242adc26a15a79ac5abcc08140e10d,739,13,TRAINING_ELIGIBLE,"CineWatch-owned source, test, governance, or engineering documentation"
CWTV-FVER-000629,2549f45bdd89436061bbeb77ae523ba24622a755,43,A,apps/web/src/app/title/[mediaType]/[providerId]/reviews/page.tsx,5c6a14096533182e438850fd98526dafa7a10acd,3c59e30be6cd87ade9ff3db4c17b584673064d00c094ca4786eb7bc46ae56475,992,15,TRAINING_ELIGIBLE,"CineWatch-owned source, test, governance, or engineering documentation"
CWTV-FVER-000630,2549f45bdd89436061bbeb77ae523ba24622a755,43,A,apps/web/src/app/title/[mediaType]/[providerId]/trailers/page.tsx,139471bc502a85f130d86f11a1e4fc7b7d15b3fd,b52c5f35e8a28d264ff25b758a72e13afcbd592482f0ccef21d6798e112dc9c9,938,13,TRAINING_ELIGIBLE,"CineWatch-owned source, test, governance, or engineering documentation"
CWTV-FVER-000631,2549f45bdd89436061bbeb77ae523ba24622a755,43,A,apps/web/src/app/trailers/page.tsx,965b359de9ac8f61f5980e96a1a3c2b3b7b72279,04fe86c43ced51a9ed4f4c74ee2297682d34cf28ffc842b0d3ffeef5a72f9582,3383,60,TRAINING_ELIGIBLE,"CineWatch-owned source, test, governance, or engineering documentation"
CWTV-FVER-000632,2549f45bdd89436061bbeb77ae523ba24622a755,43,A,apps/web/src/app/under-development/[feature]/page.tsx,6d72c13196aa07e2a99153923658cc1365bd948f,c0d8d53aba6cfc58a167369859a7b987d3a61cb124feb80c6baf5c397342c1b9,277,6,TRAINING_ELIGIBLE,"CineWatch-owned source, test, governance, or engineering documentation"
CWTV-FVER-000633,2549f45bdd89436061bbeb77ae523ba24622a755,43,A,apps/web/src/app/voice-lab/page.tsx,1db3b9c30b7365791b85d1cbf9e3afc2526d67c8,4d356b6ea999cc7b8960a0e64eee8250ed057299b1eb0176af510e65877ec7b6,119,5,TRAINING_ELIGIBLE,"CineWatch-owned source, test, governance, or engineering documentation"
CWTV-FVER-000634,2549f45bdd89436061bbeb77ae523ba24622a755,43,A,apps/web/src/app/where-to-watch/page.tsx,267c2bd15642745909a45bbbfe1c4585c4f97f4d,20604ca2de1dba226bfa6f638eb46b4a9a770f5dde0940d7014e2a4ef1e2b67c,3885,64,TRAINING_ELIGIBLE,"CineWatch-owned source, test, governance, or engineering documentation"
CWTV-FVER-000635,2549f45bdd89436061bbeb77ae523ba24622a755,43,A,apps/web/src/components/catalog/CatalogBrowse.module.css,7f768ee0b6a1adfbc6e6499e32884799d164ec7e,5e513352da44d472f11ddaa9668c179fedf51be1e33b28618913dcad74289613,830,5,TRAINING_ELIGIBLE,"CineWatch-owned source, test, governance, or engineering documentation"
CWTV-FVER-000636,2549f45bdd89436061bbeb77ae523ba24622a755,43,A,apps/web/src/components/catalog/CatalogBrowse.tsx,16fa3781550bc237d2ab490f84138a436b467984,5c113569b9225f2892644258e84e4b3cd8a688b95f8fe1ae444b2a1168b46244,3485,78,TRAINING_ELIGIBLE,"CineWatch-owned source, test, governance, or engineering documentation"
CWTV-FVER-000637,2549f45bdd89436061bbeb77ae523ba24622a755,43,A,apps/web/src/components/catalog/CatalogCard.tsx,c7a7430a9cf5a2ee22009bfd2336bf38914a087f,4fc7b194cf563469e0934ff71f4424b3bb12ee63bb258a35dc305b6efbe61f64,844,20,TRAINING_ELIGIBLE,"CineWatch-owned source, test, governance, or engineering documentation"
CWTV-FVER-000638,2549f45bdd89436061bbeb77ae523ba24622a755,43,A,apps/web/src/components/catalog/CatalogShared.module.css,881b32fc7c932ed3ad404506f6d99f4b68f75755,4706373c63f2a335607bfbd0fc9e7d848d14c0adf12b5297577cc5636e2876b6,2267,20,TRAINING_ELIGIBLE,"CineWatch-owned source, test, governance, or engineering documentation"
CWTV-FVER-000639,2549f45bdd89436061bbeb77ae523ba24622a755,43,A,apps/web/src/components/catalog/MediaIdentity.module.css,ba022a19ed714be818e043fed2b5041ec0288171,bf0e626925cdc4a7ea396c6eccb0862ad76d7667d0c389930d843cdecfaeea0e,346,2,TRAINING_ELIGIBLE,"CineWatch-owned source, test, governance, or engineering documentation"
CWTV-FVER-000640,2549f45bdd89436061bbeb77ae523ba24622a755,43,A,apps/web/src/components/catalog/MediaIdentity.tsx,e669054536a69b8b99e85f5383f9a3694bc5c858,f271c663f10be4ec712c154b983f5cd9c9f74e0f28d9b54c91112b552808df78,1549,26,TRAINING_ELIGIBLE,"CineWatch-owned source, test, governance, or engineering documentation"
CWTV-FVER-000641,2549f45bdd89436061bbeb77ae523ba24622a755,43,A,apps/web/src/components/catalog/PersonDetails.module.css,4b9bdcb5c242eacbd90c7061f72016b64494190c,0b7e064fb7382fdb1556e45814991b9ce5726f6a44e9f83149b2639ec104a89a,2179,1,TRAINING_ELIGIBLE,"CineWatch-owned source, test, governance, or engineering documentation"
CWTV-FVER-000642,2549f45bdd89436061bbeb77ae523ba24622a755,43,A,apps/web/src/components/catalog/PersonDetails.tsx,844ed72ae3b7b3109eaca03250b3f0db4da98106,ec22ee7a4d5b4b3498f8026396ce3b467dd534301a1e5855b91710d7c66e1cc5,2367,37,TRAINING_ELIGIBLE,"CineWatch-owned source, test, governance, or engineering documentation"
CWTV-FVER-000643,2549f45bdd89436061bbeb77ae523ba24622a755,43,A,apps/web/src/components/catalog/ReviewsPage.module.css,6acd2e54f8c67daf718ec7f31e189cda9e111b52,67c15a2f4f312b93208a1bec9cbd811feca6bfeb0a1413c840ebfee82ee67d67,1138,2,TRAINING_ELIGIBLE,"CineWatch-owned source, test, governance, or engineering documentation"
CWTV-FVER-000644,2549f45bdd89436061bbeb77ae523ba24622a755,43,A,apps/web/src/components/catalog/ReviewsPage.tsx,53e5d9de84a77aba0b2c64dcb6374900ab9a035d,f7fb5c63557ecf8dc3ada244c7bf0946e08c754a785e9165a630415f825dd441,1236,18,TRAINING_ELIGIBLE,"CineWatch-owned source, test, governance, or engineering documentation"
CWTV-FVER-000645,2549f45bdd89436061bbeb77ae523ba24622a755,43,A,apps/web/src/components/catalog/TitleDetails.module.css,b98c8a600dcda91a0c881d92ef63aa1c6c5073a9,3385c4f19290cea0091598032fd5c5545b6e83269ff44ad93adf0cc2ebadf7be,9256,55,TRAINING_ELIGIBLE,"CineWatch-owned source, test, governance, or engineering documentation"
CWTV-FVER-000646,2549f45bdd89436061bbeb77ae523ba24622a755,43,A,apps/web/src/components/catalog/TitleDetails.tsx,4101f612357c86a8a439b33fbdeda34a6e826f47,4c6be5236f33f9596bec6be3f82dc625187ec9dd5ff7c8be9deb427998356648,12357,187,TRAINING_ELIGIBLE,"CineWatch-owned source, test, governance, or engineering documentation"
CWTV-FVER-000647,2549f45bdd89436061bbeb77ae523ba24622a755,43,A,apps/web/src/components/catalog/TitleVideos.module.css,48f39c3ec56c129540ed49d78e87a37f0e4607c8,132f3c3282575b3c6b00ebcfc1c0946dd42de809d09f000e20a5bc185d728a0d,1668,1,TRAINING_ELIGIBLE,"CineWatch-owned source, test, governance, or engineering documentation"
CWTV-FVER-000648,2549f45bdd89436061bbeb77ae523ba24622a755,43,A,apps/web/src/components/catalog/TitleVideos.tsx,10369412896212e2e9f0eacd40fbd23ff2e34581,38a0c87a496f8d64d897726fcc1bc8c825ac43bbf42f06dbcfb92f54fc7985de,2323,37,TRAINING_ELIGIBLE,"CineWatch-owned source, test, governance, or engineering documentation"
CWTV-FVER-000649,2549f45bdd89436061bbeb77ae523ba24622a755,43,A,apps/web/src/components/home/HomepageExperience.module.css,ce218b8c04544066dc379b285d4e3595eed99b03,7fba5d8f8809174dd379d209c2327fa857dc7ce718b2a4f6ff2e3caa6f00a848,12886,246,TRAINING_ELIGIBLE,"CineWatch-owned source, test, governance, or engineering documentation"
CWTV-FVER-000650,2549f45bdd89436061bbeb77ae523ba24622a755,43,A,apps/web/src/components/home/HomepageExperience.tsx,cb2b6eb3ee5c3dd2facabf964b3dcf1aa4d3c233,74f149ece43799ed45ebbd73bbf1484add582cfa1817dc726f2254a8d55ec18d,13711,276,TRAINING_ELIGIBLE,"CineWatch-owned source, test, governance, or engineering documentation"
CWTV-FVER-000651,2549f45bdd89436061bbeb77ae523ba24622a755,43,A,apps/web/src/components/news/RelatedNews.module.css,4141e00db5b76f0df7939c92e2ea5cdbe8f9ebff,9daec7ab028a1454e4cea82f2c67f2f5c8f2e6a5937646b35d6c1abe1fb7895e,1433,1,TRAINING_ELIGIBLE,"CineWatch-owned source, test, governance, or engineering documentation"
CWTV-FVER-000652,2549f45bdd89436061bbeb77ae523ba24622a755,43,A,apps/web/src/components/news/RelatedNews.tsx,5527355525635130d6c8a35c413bc701a3e166aa,7f7f6aecd84289dbcb3c3df3db032950882e5d6267f9d48cf791dfbea1925eb9,2779,62,TRAINING_ELIGIBLE,"CineWatch-owned source, test, governance, or engineering documentation"
CWTV-FVER-000653,2549f45bdd89436061bbeb77ae523ba24622a755,43,A,apps/web/src/components/site/LiveDataFailure.tsx,01bc90be5e6e3a852e5770575746eb85f70d3fee,ec3550970250a979ed220d228d121ee56e518e19ebb6c970d5e3e749f44c0bfc,569,17,TRAINING_ELIGIBLE,"CineWatch-owned source, test, governance, or engineering documentation"
CWTV-FVER-000654,2549f45bdd89436061bbeb77ae523ba24622a755,43,A,apps/web/src/components/site/SiteFrame.module.css,89a83e005e6667a99eee08a02f5c48f2bca19a1c,bae3756828777357352b13b02bc332fb27d99d144ac1597501a88d1bc38b42cf,7357,13,TRAINING_ELIGIBLE,"CineWatch-owned source, test, governance, or engineering documentation"
CWTV-FVER-000655,2549f45bdd89436061bbeb77ae523ba24622a755,43,A,apps/web/src/components/site/SiteFrame.tsx,09c678443649b51a655821a0b682e208f7ad296e,486811173c354508a308684a0e83c378d3b2758e6bde587d69ab9926d0d555cd,13972,332,TRAINING_ELIGIBLE,"CineWatch-owned source, test, governance, or engineering documentation"
CWTV-FVER-000656,2549f45bdd89436061bbeb77ae523ba24622a755,43,A,apps/web/src/components/site/UnderDevelopmentPanel.tsx,db915fb17a0efc861c49fd52e070b4111d5ee0a2,81274d88120dfe579804479a850d83be84cb4b4a4e2d1a6d194adef58c92f0a2,1950,39,TRAINING_ELIGIBLE,"CineWatch-owned source, test, governance, or engineering documentation"
CWTV-FVER-000657,2549f45bdd89436061bbeb77ae523ba24622a755,43,A,apps/web/src/components/voice/VoiceLab.module.css,8c79308c7c366e00ab2e1b617bfb0f136c33bceb,794dc8b3811f3d2e44771c57c8313641e98e647a040a19cde8e90a00c53869e3,2248,1,TRAINING_ELIGIBLE,"CineWatch-owned source, test, governance, or engineering documentation"
CWTV-FVER-000658,2549f45bdd89436061bbeb77ae523ba24622a755,43,A,apps/web/src/components/voice/VoiceLab.tsx,cce2aeee88affc2ea01cd319f15c1d3cfb44ca23,0b199fb5ba5438de3c52dd396762a0230fae24f48fe1500c9ff62334ec7971b8,11153,248,TRAINING_ELIGIBLE,"CineWatch-owned source, test, governance, or engineering documentation"
CWTV-FVER-000659,2549f45bdd89436061bbeb77ae523ba24622a755,43,A,apps/web/src/lib/api/catalog-client.ts,47be441e6168e6fadd9cd9e1297a6acc863d7c3f,b86d01a8d46d453c73c31b282552dea80cae61569c9d5ce01ffb6f2d0f117250,2549,71,TRAINING_ELIGIBLE,"CineWatch-owned source, test, governance, or engineering documentation"
CWTV-FVER-000660,2549f45bdd89436061bbeb77ae523ba24622a755,43,A,docs/architecture/CineWatch_TV_V1_Homepage_Discovery_Trailer_Search_Browser_Runtime_Foundation_001.md,bef9a293ff9dcbe6dbeba93c4f04b2ac1323a5e2,3962e045827929aebaeebdd998937fb92aef915394d61af9fade70eefe2b351f,8598,186,TRAINING_ELIGIBLE,"CineWatch-owned source, test, governance, or engineering documentation"
CWTV-FVER-000661,2549f45bdd89436061bbeb77ae523ba24622a755,43,A,docs/architecture/decisions/CWTV_ADR_0010_Homepage_Interaction_and_Lazy_Discovery_Authority.md,8314199cb4296ecf1cfd062c4a768ce60ea08895,7a1889d5673d816ddc3d4b489a63657c7a06ae0c896ab1aacc4fd10b8a54421c,4869,79,TRAINING_ELIGIBLE,"CineWatch-owned source, test, governance, or engineering documentation"
CWTV-FVER-000662,2549f45bdd89436061bbeb77ae523ba24622a755,43,A,docs/architecture/evidence/CineWatch_TV_V1_3_3_2_2_Homepage_Board_Reference_and_Runtime_Qualification_001.md,4285416c6321bd4714b60affd62d2a19237d8327,c5f44a2c5a93e8d34541e79da00d41ec0f6cafe372d978c31592eab5aed11f9f,2667,56,TRAINING_ELIGIBLE,"CineWatch-owned source, test, governance, or engineering documentation"
CWTV-FVER-000663,2549f45bdd89436061bbeb77ae523ba24622a755,43,A,docs/architecture/evidence/CineWatch_TV_V1_3_3_2_2_R1_Frontend_Lint_and_ARIA_Neutralization_Correction_001.md,f1ec6e847dfb80af84e7415013625aa189434385,1ad6a3164acd82b8eb7b98fb82b4630b5a443bcbb1fc54a0ab79991d8b8232e6,2142,41,TRAINING_ELIGIBLE,"CineWatch-owned source, test, governance, or engineering documentation"
CWTV-FVER-000664,2549f45bdd89436061bbeb77ae523ba24622a755,43,A,docs/architecture/evidence/CineWatch_TV_V1_3_3_2_2_R2_Navigation_Catalog_and_Loading_Hardening_Correction_001.md,fea103dc3f8abcea66998bf1f320c2b47ad4d558,e008bd21c7da4df2d4ba460de8e7df1d5ee7572bd82b3505a06a8e26f6987c07,4062,73,TRAINING_ELIGIBLE,"CineWatch-owned source, test, governance, or engineering documentation"
CWTV-FVER-000665,2549f45bdd89436061bbeb77ae523ba24622a755,43,M,docs/progress/CineWatch_TV_Engineering_Chronicle.md,523e7fabd1742720bee4b641190888f3987c41b8,003c6e1a843f8b9b9faf12198d4774436cdb85c3c7896e143ce158f61ba7ebdd,59117,296,REFERENCE_ONLY,canonical/reference/generated artifact retained for provenance but excluded from training text
CWTV-FVER-000666,2549f45bdd89436061bbeb77ae523ba24622a755,43,M,docs/progress/activity/engineering-events.jsonl,3dc75333d44ecead4b4c7a21cf5e2a171f906586,df8a6ba458227d68e877d40c5e6237a56f9e369eb251f7310af2a449ceab1531,134832,167,TRAINING_ELIGIBLE,"CineWatch-owned source, test, governance, or engineering documentation"
CWTV-FVER-000667,2549f45bdd89436061bbeb77ae523ba24622a755,43,M,docs/progress/dashboard/progress-data.json,564e6a97f64e8987549a34c045d3fb6422dea9a2,22e0899381eff76c7e9625d79c4bf78ea321534bb2b69a4124612cc8496c4684,248305,6062,REFERENCE_ONLY,canonical/reference/generated artifact retained for provenance but excluded from training text
CWTV-FVER-000668,2549f45bdd89436061bbeb77ae523ba24622a755,43,M,packages/contracts/openapi/cinewatch-v1.openapi.json,3aaf4af221fa43290c63213ae1c5bc6bc8d96195,4d3fe583a08c5351ac1f6e034543f315a4b2d391772e04ebd6ac3a25c6f07853,108395,4404,REFERENCE_ONLY,canonical/reference/generated artifact retained for provenance but excluded from training text
CWTV-FVER-000669,2549f45bdd89436061bbeb77ae523ba24622a755,43,M,packages/contracts/src/generated/openapi.d.ts,11c57befa7d2245a7d8374eb94a0c5422e37899b,013e133e767ce657bccbecf5505f56815c3cb95226c961a41c19c05604297021,60390,2072,REFERENCE_ONLY,canonical/reference/generated artifact retained for provenance but excluded from training text
CWTV-FVER-000670,2549f45bdd89436061bbeb77ae523ba24622a755,43,M,packages/contracts/src/index.d.ts,2f8d8db629052cb1ca927661d71f99096c44192f,3061f501dc860c387fee2e4023deba1bdea200939582d635156778fe9f2eb454,1854,30,TRAINING_ELIGIBLE,"CineWatch-owned source, test, governance, or engineering documentation"
CWTV-FVER-000671,2549f45bdd89436061bbeb77ae523ba24622a755,43,A,scripts/check_catalog_experience.py,5a61d8aa6c32f702186152e1ed5379fcf4c3d14c,1bb3f9d0729bcfb22d79237b7c9d469ce4784d46243eca9ae8a03fa395634989,4823,109,TRAINING_ELIGIBLE,"CineWatch-owned source, test, governance, or engineering documentation"
CWTV-FVER-000672,2549f45bdd89436061bbeb77ae523ba24622a755,43,A,scripts/check_homepage_experience.py,5d571c1d961c2b25f3e1ad1d9910a34c4777032d,59a9ce8df0cd60f524bc30ad6552958831cccc89d56050c85a50aa2e913df540,4794,113,TRAINING_ELIGIBLE,"CineWatch-owned source, test, governance, or engineering documentation"
CWTV-FVER-000673,2549f45bdd89436061bbeb77ae523ba24622a755,43,M,scripts/check_production_brand_assets.py,5b3dec2e7ff7575c626a2c2d5de3fff192125b20,56a3cd3538ccb52c71ff5017894efb622b9471426998b5cf6116b1c36118ec8d,8956,216,TRAINING_ELIGIBLE,"CineWatch-owned source, test, governance, or engineering documentation"
CWTV-FVER-000674,2549f45bdd89436061bbeb77ae523ba24622a755,43,M,scripts/check_provider_runtime.py,b055cba55ac0ce3f384e424160217c36ac311be4,dc3e533b410a7472dc2063616485696e993eaff45197c907673059b1189332eb,5163,132,TRAINING_ELIGIBLE,"CineWatch-owned source, test, governance, or engineering documentation"
CWTV-FVER-000675,2549f45bdd89436061bbeb77ae523ba24622a755,43,A,scripts/check_refinement_regression.py,d492f95041cb80f8ca617a7b49ea26e27758bcc3,782af358bcfe9b4b5df836a8dd8bfb96af6f458f30840589bebd8509c705026f,6189,198,TRAINING_ELIGIBLE,"CineWatch-owned source, test, governance, or engineering documentation"
CWTV-FVER-000676,2549f45bdd89436061bbeb77ae523ba24622a755,43,A,scripts/diagnose_provider_identity.py,66bffe27b2aca16c5723b4d412f3f3db196f8ad0,48718d222efea7831f4ee4ea7124b7cb7c5631f4de9839e5364bd9c80a8867be,3031,83,TRAINING_ELIGIBLE,"CineWatch-owned source, test, governance, or engineering documentation"
CWTV-FVER-000677,2549f45bdd89436061bbeb77ae523ba24622a755,43,A,scripts/diagnose_stands4_final_candidates.py,9403769b6bea79a9448df25fbc45376b6d4f1ed7,f881d5cf4d1ec89ed82e3849cc01d9e596917cee219004ae3022b3ddc917dd5c,5038,152,TRAINING_ELIGIBLE,"CineWatch-owned source, test, governance, or engineering documentation"
CWTV-FVER-000678,2549f45bdd89436061bbeb77ae523ba24622a755,43,A,scripts/probe_live_providers.py,e152b2d488d07b502d7f48e586cd8a641f2a4d3b,fb140020d6957eb99e3e4b13d003a4fd2406249dd8e98f34a83418397110d48d,11323,243,TRAINING_ELIGIBLE,"CineWatch-owned source, test, governance, or engineering documentation"
CWTV-FVER-000679,2549f45bdd89436061bbeb77ae523ba24622a755,43,A,services/api/cinewatch_api/api/v1/catalog.py,e4adb927396f001d99573d1c4cad0fddccc68622,a195e20fc47d618978e50a6a995315608921c80c88880a0b36d6a6d52da96fb8,6259,188,TRAINING_ELIGIBLE,"CineWatch-owned source, test, governance, or engineering documentation"
CWTV-FVER-000680,2549f45bdd89436061bbeb77ae523ba24622a755,43,A,services/api/cinewatch_api/api/v1/external.py,dac6655c428bebdb0d52b1dddc7bfeb90f1ddead,c58d6899ef6ddf3ef3ac62b02eed03920668fd4dbed46b3d33c28af00a8c3afe,4211,118,TRAINING_ELIGIBLE,"CineWatch-owned source, test, governance, or engineering documentation"
CWTV-FVER-000681,2549f45bdd89436061bbeb77ae523ba24622a755,43,M,services/api/cinewatch_api/api/v1/home.py,58b600fef2cdd533eba1759875ac0514833e8c76,b49324bbf9772e2074c2582f0b6f2630ddb45907cdcd4ad6043f0c9e4c3c97c8,1291,41,TRAINING_ELIGIBLE,"CineWatch-owned source, test, governance, or engineering documentation"
CWTV-FVER-000682,2549f45bdd89436061bbeb77ae523ba24622a755,43,A,services/api/cinewatch_api/api/v1/home_experience.py,dcaace7fbe4f293e07f525557395fbaf7b2e586f,a2a122378358a33abb6cc232c045c1bacabaf50a36504ce156a52d18fb69ec4a,3492,122,TRAINING_ELIGIBLE,"CineWatch-owned source, test, governance, or engineering documentation"
CWTV-FVER-000683,2549f45bdd89436061bbeb77ae523ba24622a755,43,A,services/api/cinewatch_api/api/v1/media_authority.py,e5b78323b1f66bdee90cb5f156b4d9b172df9731,1b5608674dbbf988f9d319a4b5313c2917b498c7087d4690a2e7ac7d4a106b6b,1591,39,TRAINING_ELIGIBLE,"CineWatch-owned source, test, governance, or engineering documentation"
CWTV-FVER-000684,2549f45bdd89436061bbeb77ae523ba24622a755,43,A,services/api/cinewatch_api/api/v1/news.py,f249a38e0f4aa85bcb265cdf1b544ec194a4f805,3b09192a1ac95bcc532fbed78264fc51ae2e16d880e1c747c477af6a555f5431,1360,43,TRAINING_ELIGIBLE,"CineWatch-owned source, test, governance, or engineering documentation"
CWTV-FVER-000685,2549f45bdd89436061bbeb77ae523ba24622a755,43,M,services/api/cinewatch_api/api/v1/router.py,ba09fb258d4423081d9d470118996b3853b52e5f,c9b4a5f7cd1ab12a66b922cbf3945c505af5f1ff37b6f0d26041c5080da40a99,931,22,TRAINING_ELIGIBLE,"CineWatch-owned source, test, governance, or engineering documentation"
CWTV-FVER-000686,2549f45bdd89436061bbeb77ae523ba24622a755,43,A,services/api/cinewatch_api/api/v1/search.py,a61a4fa3b818fa36f8f76d2fc9c3d0ee91608ea0,7ae191f37348e60ea1138721066962bed98144bbf3f529a5914725cb97ef0b42,1346,43,TRAINING_ELIGIBLE,"CineWatch-owned source, test, governance, or engineering documentation"
CWTV-FVER-000687,2549f45bdd89436061bbeb77ae523ba24622a755,43,A,services/api/cinewatch_api/api/v1/voice.py,c1eb39024bc2f47cc0a37bbf9d214cce5812ef54,93d348363e5d57b3464b8b51ea2175f47b7af95a143c9f5d4c76235d98dc7d92,1351,35,TRAINING_ELIGIBLE,"CineWatch-owned source, test, governance, or engineering documentation"
CWTV-FVER-000688,2549f45bdd89436061bbeb77ae523ba24622a755,43,A,services/api/cinewatch_api/catalog/__init__.py,a8af8465389e3e25159678b0611f1dc394330470,b6836f061a116c67e35195900fed4a49ddf223d51e376ca178e22895517dabb8,130,5,TRAINING_ELIGIBLE,"CineWatch-owned source, test, governance, or engineering documentation"
CWTV-FVER-000689,2549f45bdd89436061bbeb77ae523ba24622a755,43,A,services/api/cinewatch_api/catalog/service.py,f3229ac2b412641f9dc8efe21a9ac9e57e906d61,fe2ff17c8d465f78f7378a3a0afe5f31b9d55156d70036df639258341da64cd1,56084,1200,TRAINING_ELIGIBLE,"CineWatch-owned source, test, governance, or engineering documentation"
CWTV-FVER-000690,2549f45bdd89436061bbeb77ae523ba24622a755,43,A,services/api/cinewatch_api/contracts/catalog.py,2c13b3f25d310ad8a9fe827b3e1bb6e60a71e290,4fee1128c9feb02cfb917025f888d5e8efc46e9eb42e2d88d94f4aa38e499909,8865,240,TRAINING_ELIGIBLE,"CineWatch-owned source, test, governance, or engineering documentation"
CWTV-FVER-000691,2549f45bdd89436061bbeb77ae523ba24622a755,43,A,services/api/cinewatch_api/contracts/external.py,aeb1f760d07a2ef5e35cc6a2d331d01fda462474,03a50a9590a6d5403da62ba00ec9a89971a611f41aa19ad46efa4834d8a16b8e,4229,117,TRAINING_ELIGIBLE,"CineWatch-owned source, test, governance, or engineering documentation"
CWTV-FVER-000692,2549f45bdd89436061bbeb77ae523ba24622a755,43,M,services/api/cinewatch_api/contracts/home.py,075e3bd619f35b8d49013a201b2becaf6d8bada0,b04208a5ddbeaf6cbe58f39a224d8e8bbb7a44ea537c4c27591a3a0d7d48de7b,2490,80,TRAINING_ELIGIBLE,"CineWatch-owned source, test, governance, or engineering documentation"
CWTV-FVER-000693,2549f45bdd89436061bbeb77ae523ba24622a755,43,A,services/api/cinewatch_api/contracts/home_experience.py,e90c20cf4cd30ce2034afdf4e5e00f967ffab3ac,e5c38bb5c2ce7d6bce7ae6631a9c4eb8f861ccec3b36e7dfd2bccb9b639faa8f,3804,117,TRAINING_ELIGIBLE,"CineWatch-owned source, test, governance, or engineering documentation"
CWTV-FVER-000694,2549f45bdd89436061bbeb77ae523ba24622a755,43,A,services/api/cinewatch_api/contracts/news.py,54852087e7038784eb2f9a38f305bcb901479398,8783180fefe904961e0a699020408ea08418767a1082c610a5551894577aa8af,926,33,TRAINING_ELIGIBLE,"CineWatch-owned source, test, governance, or engineering documentation"
CWTV-FVER-000695,2549f45bdd89436061bbeb77ae523ba24622a755,43,A,services/api/cinewatch_api/contracts/search.py,24d10abdaffa03b3ab43922e3a7000f309f05eed,c37ec9aaa49064833f29e4a478b2766a8e27e6919c178decffd7324a40641f74,974,29,TRAINING_ELIGIBLE,"CineWatch-owned source, test, governance, or engineering documentation"
CWTV-FVER-000696,2549f45bdd89436061bbeb77ae523ba24622a755,43,A,services/api/cinewatch_api/contracts/voice.py,ae1854442c0d87388ca8bfda97b2fd1754075b76,61f8d8c9081ef2b865c2c7a6bb5306406cd0ab36a05bf4e7d9eb02996ce7d692,1176,35,TRAINING_ELIGIBLE,"CineWatch-owned source, test, governance, or engineering documentation"
CWTV-FVER-000697,2549f45bdd89436061bbeb77ae523ba24622a755,43,A,services/api/cinewatch_api/external/__init__.py,2a1c7d9fcb32b5ada3a94c8eb3c2b9cbd677e760,4bc54cd512650477667507f33a0e9b815e6c583ef6012f1cbdba19737c83df4c,86,1,TRAINING_ELIGIBLE,"CineWatch-owned source, test, governance, or engineering documentation"
CWTV-FVER-000698,2549f45bdd89436061bbeb77ae523ba24622a755,43,A,services/api/cinewatch_api/external/service.py,561693e5d5c2fa57231fca4d58f75a3e488b2f00,ee2f1ca28dbef012a296fd2ad33d0f7e80228180a92c81b2906bda4343b7d71c,16432,362,TRAINING_ELIGIBLE,"CineWatch-owned source, test, governance, or engineering documentation"
CWTV-FVER-000699,2549f45bdd89436061bbeb77ae523ba24622a755,43,M,services/api/cinewatch_api/home/aggregation.py,5230f6492b8287e3c7cf06463663a051af88d1b8,bd4d87a39e09f52e2d723e0fc32ab73fcde56b4c012b4619e89512092a05f6d3,11528,358,TRAINING_ELIGIBLE,"CineWatch-owned source, test, governance, or engineering documentation"
CWTV-FVER-000700,2549f45bdd89436061bbeb77ae523ba24622a755,43,A,services/api/cinewatch_api/home/experience.py,6713bef5af1379d21515a1c2af5962cc7928d70c,26d0c2b69ac1e4ed31337dcfa764f827626f77da828a6ef3d03b2ad24f36e122,23437,625,TRAINING_ELIGIBLE,"CineWatch-owned source, test, governance, or engineering documentation"
CWTV-FVER-000701,2549f45bdd89436061bbeb77ae523ba24622a755,43,A,services/api/cinewatch_api/media/authority.py,c7620435570f0c5503a1d44559c8e73ecf239d73,1dcee75877f33710757c5afc363292c509991459197539fdf703d61eb4e35243,6923,131,TRAINING_ELIGIBLE,"CineWatch-owned source, test, governance, or engineering documentation"
CWTV-FVER-000702,2549f45bdd89436061bbeb77ae523ba24622a755,43,M,services/api/cinewatch_api/media/fallbacks.py,9a5524cf672d98e84e71db45885b1efc9e1b8057,4f748d1ee300993a59e322a14462402855b3fd786a1b60cc7d93a97f938ec3c9,3111,93,TRAINING_ELIGIBLE,"CineWatch-owned source, test, governance, or engineering documentation"
CWTV-FVER-000703,2549f45bdd89436061bbeb77ae523ba24622a755,43,A,services/api/cinewatch_api/media/models.py,a620144d6d5035cb2b84467489519aabf8182dd9,be2370235bbec31ae16da5eeed1ce76a921b9a68396a638ba7952e4143ae51f9,3104,59,TRAINING_ELIGIBLE,"CineWatch-owned source, test, governance, or engineering documentation"
CWTV-FVER-000704,2549f45bdd89436061bbeb77ae523ba24622a755,43,A,services/api/cinewatch_api/media/repository.py,d0c65987bb271d1dde7aa5b8892ff40718e27699,c5965c70759890f66316765436a2020186c1d75d5b861cff02a5efc59ecfd258,2355,62,TRAINING_ELIGIBLE,"CineWatch-owned source, test, governance, or engineering documentation"
CWTV-FVER-000705,2549f45bdd89436061bbeb77ae523ba24622a755,43,A,services/api/cinewatch_api/news/__init__.py,5c3c96e0b6de188383a5d033b25ac6cb8b42eab7,f6e1f1969d572f2526971dfe1f5698614b50184784d47b4ba4acc90125900cd0,123,5,TRAINING_ELIGIBLE,"CineWatch-owned source, test, governance, or engineering documentation"
CWTV-FVER-000706,2549f45bdd89436061bbeb77ae523ba24622a755,43,A,services/api/cinewatch_api/news/service.py,8c5331774c0ff2313746901fd439546fe6c72bce,16589ed8fcdc7af2d54f95c603b4d55facde27c1468971f3c118c9c32cd383ad,3279,94,TRAINING_ELIGIBLE,"CineWatch-owned source, test, governance, or engineering documentation"
CWTV-FVER-000707,2549f45bdd89436061bbeb77ae523ba24622a755,43,A,services/api/cinewatch_api/providers/apify.py,8a71d63ed295d5e27a33bd0977664cf27847bf51,f1d08ab5d2f6a46e8f8e1dd98382a83c327ff43d94b783d38dbe6b7593bcb528,4445,112,TRAINING_ELIGIBLE,"CineWatch-owned source, test, governance, or engineering documentation"
CWTV-FVER-000708,2549f45bdd89436061bbeb77ae523ba24622a755,43,A,services/api/cinewatch_api/providers/kinocheck.py,50f219008ed6b90c835c3585eef09ba4b1257d75,7cbd6bec5a6197158f80e4f40831d9535bdff1e960752ebc81cc06ccc1964530,4197,107,TRAINING_ELIGIBLE,"CineWatch-owned source, test, governance, or engineering documentation"
CWTV-FVER-000709,2549f45bdd89436061bbeb77ae523ba24622a755,43,A,services/api/cinewatch_api/providers/newsapi.py,88d8761a0ca8c39bc4e663424efd1aacf692165d,a27d104999c0706c9e6e089e5e5a83f9c50845d3883a6538194fe833e9659619,4725,128,TRAINING_ELIGIBLE,"CineWatch-owned source, test, governance, or engineering documentation"
CWTV-FVER-000710,2549f45bdd89436061bbeb77ae523ba24622a755,43,A,services/api/cinewatch_api/providers/stands4.py,51c10666c6a309f3c17af350a05fc88de77902aa,e3365727839485ef4c9f6ca5868d63442ec25bca1a5e0df815f409fa0106d39a,4556,117,TRAINING_ELIGIBLE,"CineWatch-owned source, test, governance, or engineering documentation"
CWTV-FVER-000711,2549f45bdd89436061bbeb77ae523ba24622a755,43,A,services/api/cinewatch_api/providers/watchmode.py,43e100e22fe3d5e01e552800f59adf5eace782fc,a793c3373fae3ecc056c4d7ece21aef0957ebcf9f330d4484bb2842f08a4af0c,4485,118,TRAINING_ELIGIBLE,"CineWatch-owned source, test, governance, or engineering documentation"
CWTV-FVER-000712,2549f45bdd89436061bbeb77ae523ba24622a755,43,A,services/api/cinewatch_api/search/__init__.py,7f417766f98833f64dc1a53d94354781dc884a66,624b41b742615499ca874e8885c4cd6e08d53efcfb17caa9bbc4cf8437c132d0,130,5,TRAINING_ELIGIBLE,"CineWatch-owned source, test, governance, or engineering documentation"
CWTV-FVER-000713,2549f45bdd89436061bbeb77ae523ba24622a755,43,A,services/api/cinewatch_api/search/service.py,7396a5dff153aed266d3c411d0232f3c74457193,076c2b681e98c12a8a59e092e9d6dd008ba1f75e8044f8a4d08e9f521d1ede58,8419,220,TRAINING_ELIGIBLE,"CineWatch-owned source, test, governance, or engineering documentation"
CWTV-FVER-000714,2549f45bdd89436061bbeb77ae523ba24622a755,43,M,services/api/cinewatch_api/settings.py,695d788867b87c5133d4f686b14b4c88f9da7f7a,712f51d4fa99cb1d0dfbda17eaad732906445b4db7c1e4fad1637b1af20ac99d,2550,47,TRAINING_ELIGIBLE,"CineWatch-owned source, test, governance, or engineering documentation"
CWTV-FVER-000715,2549f45bdd89436061bbeb77ae523ba24622a755,43,A,services/api/cinewatch_api/voice/__init__.py,d71c9e98d4d0e0e4e16177342d7722cab41684d8,2c130706a75fbe90b351ef8791d3aa7e91be41033678c8be485b23a4f4ec519b,118,5,TRAINING_ELIGIBLE,"CineWatch-owned source, test, governance, or engineering documentation"
CWTV-FVER-000716,2549f45bdd89436061bbeb77ae523ba24622a755,43,A,services/api/cinewatch_api/voice/service.py,6b0acf9bebd2d789797d0b19cd33ad405011642f,1078dfe3224222abcf2d2f778328d7b98b2330d494b4e85292765a1ee433526f,3092,83,TRAINING_ELIGIBLE,"CineWatch-owned source, test, governance, or engineering documentation"
CWTV-FVER-000717,2549f45bdd89436061bbeb77ae523ba24622a755,43,A,services/api/migrations/versions/0002_missing_media_authority.py,b84be5efb1bf4d1261e4e53f6744978380da904f,6159686c9c60dcc6b3abdb6e3b63eafdd8ad0cecf11d4090bb22b3b58ebeec9f,3326,60,TRAINING_ELIGIBLE,"CineWatch-owned source, test, governance, or engineering documentation"
CWTV-FVER-000718,2549f45bdd89436061bbeb77ae523ba24622a755,43,A,services/api/tests/test_catalog_endpoint.py,17792eb8b5ea5a5627709d1fe386434dd8d3cef6,e02498ea4c836327a1535e843b9df9d38a349cb90bfaf60335032995153b57d7,1983,37,TRAINING_ELIGIBLE,"CineWatch-owned source, test, governance, or engineering documentation"
CWTV-FVER-000719,2549f45bdd89436061bbeb77ae523ba24622a755,43,A,services/api/tests/test_catalog_service.py,362742bf873458e8e52afda7be5267e7b1c345a3,208aa26659bb39a71a32193a6ef3dfc08a19d65652e2de8d04e1c3402aff0ba7,14606,314,TRAINING_ELIGIBLE,"CineWatch-owned source, test, governance, or engineering documentation"
CWTV-FVER-000720,2549f45bdd89436061bbeb77ae523ba24622a755,43,A,services/api/tests/test_external_provider_clients.py,e03b94035a4fd493f6d929cb8903de3b2012d9d2,ffee349f0cbd3f67315f7412d5b3f961cd36539a941e0484c2e0f6e98d2b675e,3671,90,TRAINING_ELIGIBLE,"CineWatch-owned source, test, governance, or engineering documentation"
CWTV-FVER-000721,2549f45bdd89436061bbeb77ae523ba24622a755,43,A,services/api/tests/test_external_service.py,26d0bd42c3d02ea1ce51743f8796c6818792035c,08be7c2ef07227ecbc1784b33d47e54613ecaad7419c5cf3285d89ae7132f68d,10292,243,TRAINING_ELIGIBLE,"CineWatch-owned source, test, governance, or engineering documentation"
CWTV-FVER-000722,2549f45bdd89436061bbeb77ae523ba24622a755,43,M,services/api/tests/test_home_aggregation.py,b67fb3dbf804d57aaa8f33b5c91d72c20880699d,ce3e81ee964c3ee75fe0feaee196f5ac015398223db229dbb25d88169adb67f4,5783,175,TRAINING_ELIGIBLE,"CineWatch-owned source, test, governance, or engineering documentation"
CWTV-FVER-000723,2549f45bdd89436061bbeb77ae523ba24622a755,43,A,services/api/tests/test_home_experience.py,321b636109e82b0aa828f0f4aa90d659573d858e,137cf7246e4569923ce59980846a4c7ab4e9c90b51c639fab7c949be796b6dd0,7481,218,TRAINING_ELIGIBLE,"CineWatch-owned source, test, governance, or engineering documentation"
CWTV-FVER-000724,2549f45bdd89436061bbeb77ae523ba24622a755,43,A,services/api/tests/test_home_experience_endpoint.py,6ff2ec85ade1294662cdd37ec960cda28c6d3204,fdd1171adc156f32f8668b1469107ab84c848c6272e0762d6c08edc5e90e40c6,2819,92,TRAINING_ELIGIBLE,"CineWatch-owned source, test, governance, or engineering documentation"
CWTV-FVER-000725,2549f45bdd89436061bbeb77ae523ba24622a755,43,A,services/api/tests/test_media_authority.py,18b907e812a6d62f5bcf24f746d4adfef184670b,d241ab7389bf0ed0b6194b69731cedcfbdc413edb8060d2ea7409e73f79009d1,2973,78,TRAINING_ELIGIBLE,"CineWatch-owned source, test, governance, or engineering documentation"
CWTV-FVER-000726,2549f45bdd89436061bbeb77ae523ba24622a755,43,M,services/api/tests/test_media_fallbacks.py,cdae3d4efa4826205fbd4380f4f5089bfcb299af,4c159e0d8069db8ce2af70f83130d130fd7c1b62b1c58acad497d346745523b7,882,25,TRAINING_ELIGIBLE,"CineWatch-owned source, test, governance, or engineering documentation"
CWTV-FVER-000727,2549f45bdd89436061bbeb77ae523ba24622a755,43,M,services/api/tests/test_migration_foundation.py,49cf572ad4bc80b26744e9374892dc2487c5db41,3cceb6f022bf42294021cfd19d3718f383ecaf59d914713e3d648de211ea75ee,1052,34,TRAINING_ELIGIBLE,"CineWatch-owned source, test, governance, or engineering documentation"
CWTV-FVER-000728,2549f45bdd89436061bbeb77ae523ba24622a755,43,A,services/api/tests/test_news_provider.py,38b8b36637b8fdf9968ecdeb0df48ec5efa92459,1abfc05f3aa4da4fb3b0758ded69b855d660d085afe7b76066d24fa040fd6417,898,25,TRAINING_ELIGIBLE,"CineWatch-owned source, test, governance, or engineering documentation"
CWTV-FVER-000729,2549f45bdd89436061bbeb77ae523ba24622a755,43,A,services/api/tests/test_news_service.py,3a04c3eacc661da49f424673819e4b7ffd3e523f,41eac1cda181dc7d03c76f910015e394d7fcf5f406993fe557436974a5eaf856,1350,38,TRAINING_ELIGIBLE,"CineWatch-owned source, test, governance, or engineering documentation"
CWTV-FVER-000730,2549f45bdd89436061bbeb77ae523ba24622a755,43,A,services/api/tests/test_search_service.py,6c36d1ef9ae3f26e60d66fa0b5eb92c2f2a02c65,976ef6a0e3f3d4625015c79c93bf823a0d0b6dc2aa8f0e13830f2f7dd93b22b9,2261,55,TRAINING_ELIGIBLE,"CineWatch-owned source, test, governance, or engineering documentation"
CWTV-FVER-000731,2549f45bdd89436061bbeb77ae523ba24622a755,43,A,services/api/tests/test_voice_staging.py,48701614eb7038ec1698e03fdc643b2636ab7c27,b21eb9add009b71f570c9365969f585dce461f3b5dbdfaf0ce40d98ab7b810fd,2008,57,TRAINING_ELIGIBLE,"CineWatch-owned source, test, governance, or engineering documentation"
CWTV-FVER-000732,2549f45bdd89436061bbeb77ae523ba24622a755,43,A,tests/repository/test_catalog_experience.py,945b9a41ff804b912ec37d0b474e7c37446f7f48,bf5df3f1316fae78ec6e849378e66cf59df13b4229f9b3937b46e8404b441c92,796,26,TRAINING_ELIGIBLE,"CineWatch-owned source, test, governance, or engineering documentation"
CWTV-FVER-000733,2549f45bdd89436061bbeb77ae523ba24622a755,43,A,tests/repository/test_homepage_experience.py,9e95b90976e18cd605e1c8d26d1d9d1e37def395,9f1116f2fff4d539c1348d0fac6a09e299d62d34ca5b8ddba5690403290d64e9,803,26,TRAINING_ELIGIBLE,"CineWatch-owned source, test, governance, or engineering documentation"
CWTV-FVER-000734,2549f45bdd89436061bbeb77ae523ba24622a755,43,A,tests/repository/test_refinement_regression.py,882a41695544cdeb8c23f13ef73b25e68f029f84,d5a241b051e9180fcf36fa16b52a0b0259f0ea01819968346579d3846746dbde,715,25,TRAINING_ELIGIBLE,"CineWatch-owned source, test, governance, or engineering documentation"
CWTV-FVER-000735,5204b6d9cd267f831f2836fe23016d05f9deb124,44,M,nexvox/engineering/DATASET_CARD.md,fe86bb6d89a694765c3419d46563ed11c069e439,b83f65be1db8555722b2193860edb8cffa9a5d1eda7a8af32ff7ea7a8207bc76,1511,37,REFERENCE_ONLY,NexVox generated projection excluded to prevent recursive training duplication
CWTV-FVER-000736,5204b6d9cd267f831f2836fe23016d05f9deb124,44,M,nexvox/engineering/checksums.sha256,6ad88ff0e1b25a924ea24497b1bca075f9cf28d7,2a19da7ce804fb84178a54be4a3933cb9591a8805621c2bc90d84dc3401a02d3,2696,,REFERENCE_ONLY,NexVox generated projection excluded to prevent recursive training duplication
CWTV-FVER-000737,5204b6d9cd267f831f2836fe23016d05f9deb124,44,M,nexvox/engineering/datasets/artifacts.csv,8fc268a893c2840b93de4523881c84053aa9c979,123474ada582028f2ba0413e45bc2d3c9a6fed210bff5bc8a461fcf1810533d6,13930,,REFERENCE_ONLY,NexVox generated projection excluded to prevent recursive training duplication
CWTV-FVER-000738,5204b6d9cd267f831f2836fe23016d05f9deb124,44,M,nexvox/engineering/datasets/commit-changes.csv,d8e758b950751bdc08f2c62aca3f218dc92f3b98,17f90101f4556d11b6a62af2e3eb231b493ed6c9cb3dac9edf728b7ebc0596ec,95322,,REFERENCE_ONLY,NexVox generated projection excluded to prevent recursive training duplication
CWTV-FVER-000739,5204b6d9cd267f831f2836fe23016d05f9deb124,44,M,nexvox/engineering/datasets/commits.csv,fef24421890b68828f50f8a6a0932fe85bda64e2,c3ecb2ace2f9f289bc0c3f2ca9101ba8ac320958d35f6e3b2f0d5e6105b79a15,9924,,REFERENCE_ONLY,NexVox generated projection excluded to prevent recursive training duplication
CWTV-FVER-000740,5204b6d9cd267f831f2836fe23016d05f9deb124,44,M,nexvox/engineering/datasets/decisions.csv,5b8bf10cefed56a1e31548ff3f8aec3d83f0ac31,8f26e02e9150ae076d7a2a906ab3cabe1943b797a1545ccb567434e15082d47e,9307,,REFERENCE_ONLY,NexVox generated projection excluded to prevent recursive training duplication
CWTV-FVER-000741,5204b6d9cd267f831f2836fe23016d05f9deb124,44,M,nexvox/engineering/datasets/dependencies.csv,5e6201ed8daac23a205f17d5652b98423f463be0,33548a7959079dbe72a4077b6815d471ab78e21af1b62873e89ad3536d273c3d,81119,,REFERENCE_ONLY,NexVox generated projection excluded to prevent recursive training duplication
CWTV-FVER-000742,5204b6d9cd267f831f2836fe23016d05f9deb124,44,M,nexvox/engineering/datasets/history-records.jsonl,3c1441f1aa88909bc1bbc927bad509690a293520,334e5c470d78cf1d5c404d607c1eba5d56507fdb5ff381e2baa63ebdc7b01f4e,1909370,429,REFERENCE_ONLY,NexVox generated projection excluded to prevent recursive training duplication
CWTV-FVER-000743,5204b6d9cd267f831f2836fe23016d05f9deb124,44,M,nexvox/engineering/datasets/knowledge-records.jsonl,b8d07034b2ccd2c10200c6cf315dcc6667fb80c6,95f61b39b5e9bd8141eb7330f8fa438f5b6f1b49de365dc7ac76af4004b1b85f,1626789,597,REFERENCE_ONLY,NexVox generated projection excluded to prevent recursive training duplication
CWTV-FVER-000744,5204b6d9cd267f831f2836fe23016d05f9deb124,44,M,nexvox/engineering/datasets/milestones.csv,ffad90b1b5537b15545d36a037cb033d8324260a,f3002bbb70ed795ee75f535889a8718cc1fb9ba2b6ead2b648062026d9018982,1770,,REFERENCE_ONLY,NexVox generated projection excluded to prevent recursive training duplication
CWTV-FVER-000745,5204b6d9cd267f831f2836fe23016d05f9deb124,44,M,nexvox/engineering/datasets/qualifications.csv,227e16b669aa81818795eb3cd417667d87debfd5,e3597a53787220c62f5cb3e2d92898ee56f3b519e8efd20b799ec62f009ffdaf,7904,,REFERENCE_ONLY,NexVox generated projection excluded to prevent recursive training duplication
CWTV-FVER-000746,5204b6d9cd267f831f2836fe23016d05f9deb124,44,M,nexvox/engineering/datasets/repository-file-versions.csv,b72d02207deae0fb05a0964bc1c9e0ca2ddebb5a,90f86e55dfa71b1bad310b6a81d3b2337212a1b52f6f7ff817345116178f7739,231270,,REFERENCE_ONLY,NexVox generated projection excluded to prevent recursive training duplication
CWTV-FVER-000747,5204b6d9cd267f831f2836fe23016d05f9deb124,44,M,nexvox/engineering/datasets/repository-files.csv,9d76c351fa6b3505817e7fa047c065801714c24c,371db9c64d2d9ebf3d5bb46e7dc17958eefda5b3ae5a042a52d0e330502574d9,107009,,REFERENCE_ONLY,NexVox generated projection excluded to prevent recursive training duplication
CWTV-FVER-000748,5204b6d9cd267f831f2836fe23016d05f9deb124,44,M,nexvox/engineering/datasets/source-reconciliations.csv,0061594524a40973e7ade0a01005bb07295a3077,7149131b947252cad8f3ce5cc17f986f10db85107af0026f546e5ff822c8dc01,3918,,REFERENCE_ONLY,NexVox generated projection excluded to prevent recursive training duplication
CWTV-FVER-000749,5204b6d9cd267f831f2836fe23016d05f9deb124,44,M,nexvox/engineering/datasets/symbols.csv,25ae910a89170c7ea0a9fa15693010205ffa9bad,cc63587ae24939fc33e087c02ea52b25cad2720710a61b7fe8f4514f31496345,91487,,REFERENCE_ONLY,NexVox generated projection excluded to prevent recursive training duplication
CWTV-FVER-000750,5204b6d9cd267f831f2836fe23016d05f9deb124,44,M,nexvox/engineering/manifests/corpus-manifest.yaml,845638429695420817e4d6b719e9ab9d47782916,41a77d8a0e8116c8b11f8b45abece28ab7f726a711bf8c8ed7372c89c83d1566,521,18,REFERENCE_ONLY,NexVox generated projection excluded to prevent recursive training duplication
CWTV-FVER-000751,5204b6d9cd267f831f2836fe23016d05f9deb124,44,M,nexvox/engineering/manifests/sync-state.yaml,46d3269d27f4a7aeba83093ee3daf7bca6592ff6,6f7ace079309be2953193a19efea2c31a1922c4ed1c2668dedb4f733a338eba4,358,9,REFERENCE_ONLY,NexVox generated projection excluded to prevent recursive training duplication
CWTV-FVER-000752,5204b6d9cd267f831f2836fe23016d05f9deb124,44,M,nexvox/engineering/narratives/architecture-decisions.md,8ae18d5889f1061ffef2431164807f13353a7e66,5ec256f4e4f4d118f56a8e0aeed790892ce6ab69d15998729f6db8f37d04b83c,8777,65,REFERENCE_ONLY,NexVox generated projection excluded to prevent recursive training duplication
CWTV-FVER-000753,5204b6d9cd267f831f2836fe23016d05f9deb124,44,M,nexvox/engineering/narratives/engineering-history.md,92049cce2c70cf1452f6d581449cc9f6a5401c33,353bb93abdb19a386077f1ca6879a89c7fc89d0279e6bd1d77f68dd4efa21c1d,4349,72,REFERENCE_ONLY,NexVox generated projection excluded to prevent recursive training duplication
CWTV-FVER-000754,5204b6d9cd267f831f2836fe23016d05f9deb124,44,M,nexvox/engineering/narratives/engineering-methods.md,e81b92db86a4cb057cd1423d1cbdb145fcf54db8,262923bb0fb281df14cd3c4a7acb1bf663bf82a23ff75f6d82445c61b1c22f2c,888,15,REFERENCE_ONLY,NexVox generated projection excluded to prevent recursive training duplication
CWTV-FVER-000755,5204b6d9cd267f831f2836fe23016d05f9deb124,44,M,nexvox/engineering/narratives/failures-corrections-lessons.md,c794912e29191ff5bcf4480ae9e603b07fe589d7,8c64f6cdf2f52c72209f0ed030ce4eb458a5e0b6c8972a8f28cee4fd84b3ef81,6628,173,REFERENCE_ONLY,NexVox generated projection excluded to prevent recursive training duplication
CWTV-FVER-000756,02ccccf5abe3d6723e6845b73f64ba973dd85c62,45,M,docs/progress/CineWatch_TV_Engineering_Chronicle.md,01d5ea7172b79a0c07bc73d34f8615f842931c65,dfcf4493834762d883c0eea0d20e2c58749d70eb99c672bc8a90da6609a5e0b9,59464,297,REFERENCE_ONLY,canonical/reference/generated artifact retained for provenance but excluded from training text
CWTV-FVER-000757,02ccccf5abe3d6723e6845b73f64ba973dd85c62,45,M,docs/progress/activity/engineering-events.jsonl,2f349ec5423cfa8635999c53d1b689bce46f19fb,85c1968c2eb31675ed2eba02feddf416eb22f287ed2cf30ee4df58dd34025197,135961,168,TRAINING_ELIGIBLE,"CineWatch-owned source, test, governance, or engineering documentation"
CWTV-FVER-000758,02ccccf5abe3d6723e6845b73f64ba973dd85c62,45,M,docs/progress/dashboard/progress-data.json,b6cd9b2834569ca7c844d3ac8c4a599311ea0848,c2d01051057cb67b560fa5f88e33c7204768814460192627b3570970fa3a153c,249722,6095,REFERENCE_ONLY,canonical/reference/generated artifact retained for provenance but excluded from training text
CWTV-FVER-000759,02ccccf5abe3d6723e6845b73f64ba973dd85c62,45,M,scripts/check_database_migrations.sh,1e92f963b003ee2b2344ecaa8e869ea48164198c,58006e167129d410c4243ffc7831afd806e184b071e265d7cf78edcb803f0efc,2348,64,TRAINING_ELIGIBLE,"CineWatch-owned source, test, governance, or engineering documentation"
CWTV-FVER-000760,8a1f30265a69c2166b1898cd0d2a141491d132c9,46,M,nexvox/engineering/DATASET_CARD.md,3387b36a5c86c92a1ec075bc19762406d57b2641,8082dd4fd19a80e8feb1910e4d8c28b6b8e57ef259f7c3c57fb4721d46140037,1511,37,REFERENCE_ONLY,NexVox generated projection excluded to prevent recursive training duplication
CWTV-FVER-000761,8a1f30265a69c2166b1898cd0d2a141491d132c9,46,M,nexvox/engineering/checksums.sha256,96f12f42cc6591c857f0f138f18753c04df859e9,3cd17235aa1643563101a897d306746b82db296f273922d81ca111ae824afe1b,2696,,REFERENCE_ONLY,NexVox generated projection excluded to prevent recursive training duplication
CWTV-FVER-000762,8a1f30265a69c2166b1898cd0d2a141491d132c9,46,M,nexvox/engineering/datasets/commit-changes.csv,baea8f5cd4ef57ac0c4f9fb7d33d32e80eb15cca,99c88877be113ea1fe188aa3f663c7029985d6d679b4a51e1a4589cc7b9a1e02,98586,,REFERENCE_ONLY,NexVox generated projection excluded to prevent recursive training duplication
CWTV-FVER-000763,8a1f30265a69c2166b1898cd0d2a141491d132c9,46,M,nexvox/engineering/datasets/commits.csv,62bb462258fb00f28ae3b3d5f8bb581cb520aadf,a2ffa0a2aaf8fe7893b60ea6ce5fb317764f2c74f7d0e870cb4ee4d16d0866ec,10397,,REFERENCE_ONLY,NexVox generated projection excluded to prevent recursive training duplication
CWTV-FVER-000764,8a1f30265a69c2166b1898cd0d2a141491d132c9,46,M,nexvox/engineering/datasets/decisions.csv,2897e40c0bdda91a19db679e92fabd739bb34f61,1114c119274c6587be8fc8a910bd1bdf32055f9708ac5f4db19c28ddb0034246,9307,,REFERENCE_ONLY,NexVox generated projection excluded to prevent recursive training duplication
CWTV-FVER-000765,8a1f30265a69c2166b1898cd0d2a141491d132c9,46,M,nexvox/engineering/datasets/failure-correction-chains.csv,a54c928125c2e3669e7129aa33924514818242d7,34e306947e36230657e1fa4d2b9ec359293ad1ffd8c0adc54ae601c571f991c5,10837,,REFERENCE_ONLY,NexVox generated projection excluded to prevent recursive training duplication
CWTV-FVER-000766,8a1f30265a69c2166b1898cd0d2a141491d132c9,46,M,nexvox/engineering/datasets/history-records.jsonl,513563a56ef8f2aca26aec29d649e045261bf1ea,9d975b43730b7809cad43e95576c246f282f91aa5ce55ef4f3d64043112fc160,1916572,431,REFERENCE_ONLY,NexVox generated projection excluded to prevent recursive training duplication
CWTV-FVER-000767,8a1f30265a69c2166b1898cd0d2a141491d132c9,46,M,nexvox/engineering/datasets/knowledge-records.jsonl,67ad1098101791531a2d80dc1f58b5094db95dc4,7cc3dd68d089b35ae3f7ee32645542698c0af3c8c819b8f34895c6b47eeb8700,1628067,597,REFERENCE_ONLY,NexVox generated projection excluded to prevent recursive training duplication
CWTV-FVER-000768,8a1f30265a69c2166b1898cd0d2a141491d132c9,46,M,nexvox/engineering/datasets/milestones.csv,2fe58dce1941c3b5eaec1e8a4e33cd7f0214fccf,0d667d990ddd0a7da65966f8f382c07a489621a5ac6e8c44644c3f579f908ea5,1765,,REFERENCE_ONLY,NexVox generated projection excluded to prevent recursive training duplication
CWTV-FVER-000769,8a1f30265a69c2166b1898cd0d2a141491d132c9,46,M,nexvox/engineering/datasets/repository-file-versions.csv,c99874eb99f77ef417d85d254fe7629c299a7b0b,523f6ef7feae029a592d443c1e4569b1aec6963d3f6f27e48daebcbe5e14ddba,239248,,REFERENCE_ONLY,NexVox generated projection excluded to prevent recursive training duplication
CWTV-FVER-000770,8a1f30265a69c2166b1898cd0d2a141491d132c9,46,M,nexvox/engineering/datasets/repository-files.csv,df15dc9d4a81fa9cd8123489720753eab350822b,cbda31825d07fd9b1f9ed9f959a75c8711232c34f06caf9b07afea5f65319d66,107010,,REFERENCE_ONLY,NexVox generated projection excluded to prevent recursive training duplication
CWTV-FVER-000771,8a1f30265a69c2166b1898cd0d2a141491d132c9,46,M,nexvox/engineering/datasets/source-reconciliations.csv,c401703438749ba8ca5b21213451222f891e82e8,30d0249a982db6b8a5d774bc286c748fe026f5b860ee4ec58c1ea0087c4fbd83,3918,,REFERENCE_ONLY,NexVox generated projection excluded to prevent recursive training duplication
CWTV-FVER-000772,8a1f30265a69c2166b1898cd0d2a141491d132c9,46,M,nexvox/engineering/manifests/corpus-manifest.yaml,f398b42d3630e15b46b6962d74da3a1920823485,0020dfb3c6f037caeafb4b9ad4f0cd931de28f2ae4d5b856fad444d45e491a1f,521,18,REFERENCE_ONLY,NexVox generated projection excluded to prevent recursive training duplication
CWTV-FVER-000773,8a1f30265a69c2166b1898cd0d2a141491d132c9,46,M,nexvox/engineering/manifests/sync-state.yaml,031e0d4393ede2f017c87b2be1abf0e29b30aa94,5acf57485a77a92ebac96824635258c1601a21263fd78369733bf464cb72168e,358,9,REFERENCE_ONLY,NexVox generated projection excluded to prevent recursive training duplication
CWTV-FVER-000774,8a1f30265a69c2166b1898cd0d2a141491d132c9,46,M,nexvox/engineering/narratives/architecture-decisions.md,5335a6c085262741505e2861f609acdbf0915285,ec100c2e93c9b1d88c0652fe3aef2cf48ea33e64d47d9ed71529dc42e21f917e,8777,65,REFERENCE_ONLY,NexVox generated projection excluded to prevent recursive training duplication
CWTV-FVER-000775,8a1f30265a69c2166b1898cd0d2a141491d132c9,46,M,nexvox/engineering/narratives/engineering-history.md,49d0f8a74d0950f7751d53d399a3bccb0ecddefa,f5583c7e152392bf3eae04218e13daf7bd5dbedccb9ba5751d7b4f0607207671,4476,74,REFERENCE_ONLY,NexVox generated projection excluded to prevent recursive training duplication
CWTV-FVER-000776,8a1f30265a69c2166b1898cd0d2a141491d132c9,46,M,nexvox/engineering/narratives/engineering-methods.md,aed6fd9f6034fba77a9b1d11be1ffd574df293f5,e8d00b50f55fde4645f7c8acca15578171486daf22790c0e95ef77f5be1ada5c,888,15,REFERENCE_ONLY,NexVox generated projection excluded to prevent recursive training duplication
CWTV-FVER-000777,8a1f30265a69c2166b1898cd0d2a141491d132c9,46,M,nexvox/engineering/narratives/failures-corrections-lessons.md,aa61efac8ee1cec3c4901cf53d1975842402e5af,dc52ff7b471477da115899de7ec54081d6884be83df4e6c02270b9e58e8737d0,6944,181,REFERENCE_ONLY,NexVox generated projection excluded to prevent recursive training duplication
CWTV-FVER-000778,5fd099e130a5bd8b430d96aace0132f7879f218d,47,M,apps/web/next-env.d.ts,ce4e94a6b10f160ee021fe18939af160d2927dcf,1862ac4bbbc5192d4bf562161df66ea547ed3e67173100656ab606ae9797db2b,288,7,REFERENCE_ONLY,canonical/reference/generated artifact retained for provenance but excluded from training text
CWTV-FVER-000779,5fd099e130a5bd8b430d96aace0132f7879f218d,47,M,docs/progress/CineWatch_TV_Engineering_Chronicle.md,d941001a020e392d6a4e70e360885be7adc2405b,43c0b45c0396310843c4b9946d6581ee18af2fa2c8dc6080ff90967cea90a062,60652,300,REFERENCE_ONLY,canonical/reference/generated artifact retained for provenance but excluded from training text
CWTV-FVER-000780,5fd099e130a5bd8b430d96aace0132f7879f218d,47,M,docs/progress/activity/engineering-events.jsonl,cb6f1f2c0c7653cb52eb7838b8b5b2db3559c03f,bb4f4a9a9bffe33f61dccef9092f08a82b0468825652c42427305431184e6489,138134,170,TRAINING_ELIGIBLE,"CineWatch-owned source, test, governance, or engineering documentation"
CWTV-FVER-000781,5fd099e130a5bd8b430d96aace0132f7879f218d,47,M,docs/progress/dashboard/progress-data.json,8254b5dbce8df79ebaf8011cfe81234f3de17994,db45d55b9af01c0bc2564438210d3f09e8554ed5c0f146a875e2cb3796cd52a2,253761,6185,REFERENCE_ONLY,canonical/reference/generated artifact retained for provenance but excluded from training text
CWTV-FVER-000782,3511c1080fe59925846c70ae54a3c2a3100472a7,48,M,nexvox/engineering/DATASET_CARD.md,62e88d7c0fc39243f6049cc71783c916efa0d16c,fd855354ff4c0e25091c6bb1c9bc231d7c2eaddf1c4ac5806f76b918e029ab29,1511,37,REFERENCE_ONLY,NexVox generated projection excluded to prevent recursive training duplication
CWTV-FVER-000783,3511c1080fe59925846c70ae54a3c2a3100472a7,48,M,nexvox/engineering/checksums.sha256,c9c67b1c28956e1384e73a425eaf0877a1240916,babeff29cec96c9dbd20a691268f0d0fc412cb0985f9d54f5ab358124ca74c7b,2696,,REFERENCE_ONLY,NexVox generated projection excluded to prevent recursive training duplication
CWTV-FVER-000784,3511c1080fe59925846c70ae54a3c2a3100472a7,48,M,nexvox/engineering/datasets/commit-changes.csv,70015540c404d794c8239df7a212ba25f6c75573,4a542ee73021a9de5db018f07756b84cc181722d33096af14eb9d3e4228c9e92,101457,,REFERENCE_ONLY,NexVox generated projection excluded to prevent recursive training duplication
CWTV-FVER-000785,3511c1080fe59925846c70ae54a3c2a3100472a7,48,M,nexvox/engineering/datasets/commits.csv,b5272f6364ffa85ce03a10f5ca98c0edbd9ad9c4,a30483e6d60d31238ebe74cfb1611fcf1200f9bde9e0d26e5da01dfe11abef46,10872,,REFERENCE_ONLY,NexVox generated projection excluded to prevent recursive training duplication
CWTV-FVER-000786,3511c1080fe59925846c70ae54a3c2a3100472a7,48,M,nexvox/engineering/datasets/decisions.csv,6fbb4c53a780850674ebb4b783188a531efd54e0,d4d0a19d0483de3d182554e96e1fde03a81a7fed52f0c85023d7d10c33c8e5ec,9307,,REFERENCE_ONLY,NexVox generated projection excluded to prevent recursive training duplication
CWTV-FVER-000787,3511c1080fe59925846c70ae54a3c2a3100472a7,48,M,nexvox/engineering/datasets/dependencies.csv,9913766bffc97a3b08dcef281bfbebee03f0c01b,d510a34b5185ef2ef773b0107095e7806928080770749fdaf90b4af836194d29,81111,,REFERENCE_ONLY,NexVox generated projection excluded to prevent recursive training duplication
CWTV-FVER-000788,3511c1080fe59925846c70ae54a3c2a3100472a7,48,M,nexvox/engineering/datasets/failure-correction-chains.csv,677fd1fc4ae98cc513b038be5242d504967a8fa8,9c4888af17af4ff2be4d4911132cb691f9652c4b8d7a5e87462841ee5b683649,11062,,REFERENCE_ONLY,NexVox generated projection excluded to prevent recursive training duplication
CWTV-FVER-000789,3511c1080fe59925846c70ae54a3c2a3100472a7,48,M,nexvox/engineering/datasets/history-records.jsonl,e6623b70a54d862dadbae84dd0712625fdddc511,f968d75a0686970f53a9e92f5f28df7828a068fd0fb37344d81aac3647c410d3,1923119,432,REFERENCE_ONLY,NexVox generated projection excluded to prevent recursive training duplication
CWTV-FVER-000790,3511c1080fe59925846c70ae54a3c2a3100472a7,48,M,nexvox/engineering/datasets/knowledge-records.jsonl,24c3d6792ccb7d91ae83c1c4b7530dc45392467b,42d79f219d0611d674d3a778d01f076e85c65724a6a4badec62bbdfad6cddfe0,1630406,597,REFERENCE_ONLY,NexVox generated projection excluded to prevent recursive training duplication
CWTV-FVER-000791,3511c1080fe59925846c70ae54a3c2a3100472a7,48,M,nexvox/engineering/datasets/milestones.csv,52f58070bc94319fc661c18b669169dbaa0efd8d,3c515090ab54d5ec91c59ba4feca34da9e20eec092068d42093ac4202c8d9dfa,1770,,REFERENCE_ONLY,NexVox generated projection excluded to prevent recursive training duplication
CWTV-FVER-000792,3511c1080fe59925846c70ae54a3c2a3100472a7,48,M,nexvox/engineering/datasets/qualifications.csv,a5b0428ba77f74a43df093bc169602bbcd7a52ed,d95e454d0377842eab859c7d7a6ff53b8fc24a77b19930c1a0e6d0b0f4259d07,8125,,REFERENCE_ONLY,NexVox generated projection excluded to prevent recursive training duplication
CWTV-FVER-000793,3511c1080fe59925846c70ae54a3c2a3100472a7,48,M,nexvox/engineering/datasets/repository-file-versions.csv,23522398a847c6b8bae3282b482e9cb3dfef677a,0d85733d1e9084f7dda58c1b302f6ae27288c1b2740d1902b01639dfb2430cbc,246305,,REFERENCE_ONLY,NexVox generated projection excluded to prevent recursive training duplication
CWTV-FVER-000794,3511c1080fe59925846c70ae54a3c2a3100472a7,48,M,nexvox/engineering/datasets/repository-files.csv,5aa7950b537b2abf80b94f0e945222c12f577765,efb717a5efe2b871ee39f8369c691fae9ee0674f9b414fdf5faa0708b5bbd7da,107011,,REFERENCE_ONLY,NexVox generated projection excluded to prevent recursive training duplication
CWTV-FVER-000795,3511c1080fe59925846c70ae54a3c2a3100472a7,48,M,nexvox/engineering/datasets/source-reconciliations.csv,3a822a9cfe74bdcb8149dd5134b26029625bf844,eec1cc413bbe94ccac6355f964b0f35236fbb8541e28ac12ecad9d4588bacc42,3918,,REFERENCE_ONLY,NexVox generated projection excluded to prevent recursive training duplication
CWTV-FVER-000796,3511c1080fe59925846c70ae54a3c2a3100472a7,48,M,nexvox/engineering/manifests/corpus-manifest.yaml,0b9de3499db770436b38e4fb8b78897e20541318,6cd88fc0d6d1c0024387171fc64d99de014bad234f8ed222aa48ff54594ece33,521,18,REFERENCE_ONLY,NexVox generated projection excluded to prevent recursive training duplication
CWTV-FVER-000797,3511c1080fe59925846c70ae54a3c2a3100472a7,48,M,nexvox/engineering/manifests/sync-state.yaml,83a418bccc3483e7add5f886955d892508820e29,6129130963674b4799fde177d7f20c04add5d27d52aa05cd34d106a7fa943864,358,9,REFERENCE_ONLY,NexVox generated projection excluded to prevent recursive training duplication
CWTV-FVER-000798,3511c1080fe59925846c70ae54a3c2a3100472a7,48,M,nexvox/engineering/narratives/architecture-decisions.md,0d21ed41c6f882f2837c8d0d52ef6172caac67b3,a747882423d623d3e453bb990641859e168f498ca3c94b935f4c1263e24bf7a4,8777,65,REFERENCE_ONLY,NexVox generated projection excluded to prevent recursive training duplication
CWTV-FVER-000799,3511c1080fe59925846c70ae54a3c2a3100472a7,48,M,nexvox/engineering/narratives/engineering-history.md,f7b25b473f362b09ea8ea07e77b34c93176be2f2,81d9aeed3b27a4f86c750c2319ac93056e1b7803a7d91798189248a7db6053cf,4606,76,REFERENCE_ONLY,NexVox generated projection excluded to prevent recursive training duplication
CWTV-FVER-000800,3511c1080fe59925846c70ae54a3c2a3100472a7,48,M,nexvox/engineering/narratives/engineering-methods.md,d964254cf3ba014e11523095519d08c012d0b4d4,a2d2c14b61d593757051396501db42a33b88b970644d07e48ba3408a9c175559,888,15,REFERENCE_ONLY,NexVox generated projection excluded to prevent recursive training duplication
CWTV-FVER-000801,3511c1080fe59925846c70ae54a3c2a3100472a7,48,M,nexvox/engineering/narratives/failures-corrections-lessons.md,decd767e0730dc2db15438a56acbe5855b78e763,549ef5027c4f878652eab9f713ed2e69bd18e43a6a77b440fb0809f1fa219065,7193,189,REFERENCE_ONLY,NexVox generated projection excluded to prevent recursive training duplication
CWTV-FVER-000802,d96d787bac1a81ffe2fc7737aba4b94e10eb9b5e,49,M,docs/progress/CineWatch_TV_Engineering_Chronicle.md,baefd69fe962d75d931928e1473789360b91bb30,071a0ebe5b142a9f736e4fd9b8f19d285e3134f585d3a8b560ac9091d18f1f49,61671,302,REFERENCE_ONLY,canonical/reference/generated artifact retained for provenance but excluded from training text
CWTV-FVER-000803,d96d787bac1a81ffe2fc7737aba4b94e10eb9b5e,49,M,docs/progress/activity/engineering-events.jsonl,c38b6e19a26e719db150e92dc0fa8c5ec27d9e91,7e98e26b17df775a2f65ef941e4d339d3070ea70045670bf53dfc0f20e2091a1,140592,172,TRAINING_ELIGIBLE,"CineWatch-owned source, test, governance, or engineering documentation"
CWTV-FVER-000804,d96d787bac1a81ffe2fc7737aba4b94e10eb9b5e,49,M,docs/progress/dashboard/progress-data.json,4bc89d261f856f02997d4fa90af0837e7831dee5,912f308b992f7af9d1a586262a53bedfa17d1aed43b0a922103ea839d3cde300,256733,6249,REFERENCE_ONLY,canonical/reference/generated artifact retained for provenance but excluded from training text
CWTV-FVER-000805,304bc33e30130229f4be401528ddfda744815b57,50,M,nexvox/engineering/DATASET_CARD.md,c9b14a8ccb3c5662bf86e6b5841569777a995ca4,7b7d6b4af42e5350439633eb063505f6faf515127120165bf7dff2967c68cab9,1511,37,REFERENCE_ONLY,NexVox generated projection excluded to prevent recursive training duplication
CWTV-FVER-000806,304bc33e30130229f4be401528ddfda744815b57,50,M,nexvox/engineering/checksums.sha256,96e772503d49b3e12b6273bd1695686bdcd452e5,dca62a7c0741c0331ae45576f0dc9b7820cc51217c697031fca98fbe4b8bfcd8,2696,,REFERENCE_ONLY,NexVox generated projection excluded to prevent recursive training duplication
CWTV-FVER-000807,304bc33e30130229f4be401528ddfda744815b57,50,M,nexvox/engineering/datasets/commit-changes.csv,a67ead60af2dfeb3524aa2165928ee4fc1b78a21,f20189a8bbae4fbb6b0bf0c44edbf2f4448a44881d27c7fed6cfedefe8752143,104479,,REFERENCE_ONLY,NexVox generated projection excluded to prevent recursive training duplication
CWTV-FVER-000808,304bc33e30130229f4be401528ddfda744815b57,50,M,nexvox/engineering/datasets/commits.csv,0626e4b3b35273a92bab57ded84de14b15573c41,5116fb047d53198137d0baffeada4848f23ffbc56fa0ef568441c1fa2dadcc1f,11347,,REFERENCE_ONLY,NexVox generated projection excluded to prevent recursive training duplication
CWTV-FVER-000809,304bc33e30130229f4be401528ddfda744815b57,50,M,nexvox/engineering/datasets/decisions.csv,3eab0f52bfb35cb16924226c4026f1d6a20fce9d,bee0b16d82e43c54156fa2f5673f6f432fbd5fe00a0d345dbfd65796315a794f,9307,,REFERENCE_ONLY,NexVox generated projection excluded to prevent recursive training duplication
CWTV-FVER-000810,304bc33e30130229f4be401528ddfda744815b57,50,M,nexvox/engineering/datasets/failure-correction-chains.csv,702ece710f333d97f12d23775bb6c88b904e34a2,32ece0b99d9e401ab7475009cafbb2dacb1f09774c4f7b5ec9ec8bf6c17d6ad7,11176,,REFERENCE_ONLY,NexVox generated projection excluded to prevent recursive training duplication
CWTV-FVER-000811,304bc33e30130229f4be401528ddfda744815b57,50,M,nexvox/engineering/datasets/history-records.jsonl,967fac7bab5b6a1aaa1d45f9970fbfb2a0a2b477,4bd926cfd786b7f2c62dd9e24ba53b33d268dbf74c5957f14ae7666ac3c5449f,1930177,433,REFERENCE_ONLY,NexVox generated projection excluded to prevent recursive training duplication
CWTV-FVER-000812,304bc33e30130229f4be401528ddfda744815b57,50,M,nexvox/engineering/datasets/knowledge-records.jsonl,971227abbfb5ea479e391c723c66ed7f1272185e,58adb995bc989f13d6a19d7349dde3eb552461ccd43342c32ec5ee854aef2f51,1633504,598,REFERENCE_ONLY,NexVox generated projection excluded to prevent recursive training duplication
CWTV-FVER-000813,304bc33e30130229f4be401528ddfda744815b57,50,M,nexvox/engineering/datasets/milestones.csv,e6a61a4d24bc8dfdd6fe4f81487f300e454b33dd,3f317ebb33cb12f87faeab5d3aacd6442aa769578b9f05d2d3bd9980ac38ab68,1780,,REFERENCE_ONLY,NexVox generated projection excluded to prevent recursive training duplication
CWTV-FVER-000814,304bc33e30130229f4be401528ddfda744815b57,50,M,nexvox/engineering/datasets/qualifications.csv,ac7743e46df0bd5110aa9c457d5f674b701adefe,2382feeb15dfd8fed7e1ca148891a72baedfafb7d5d97dbba125538fecb00503,8752,,REFERENCE_ONLY,NexVox generated projection excluded to prevent recursive training duplication
CWTV-FVER-000815,304bc33e30130229f4be401528ddfda744815b57,50,M,nexvox/engineering/datasets/repository-file-versions.csv,5c11a60e03afdb67ca1b045a14c02ae39e365611,deb4a3bb5dda1eb45ddf2b0ffec12e9392e1d82f1429f5666645aaf87e0fdc42,253686,,REFERENCE_ONLY,NexVox generated projection excluded to prevent recursive training duplication
CWTV-FVER-000816,304bc33e30130229f4be401528ddfda744815b57,50,M,nexvox/engineering/datasets/repository-files.csv,2563b30736570ab4107952d7d1a4f148da4390e3,48df53d5222ba94efae5c0718a8b37f086dc7b1091af138b0122011f1be9bacc,107012,,REFERENCE_ONLY,NexVox generated projection excluded to prevent recursive training duplication
CWTV-FVER-000817,304bc33e30130229f4be401528ddfda744815b57,50,M,nexvox/engineering/datasets/source-reconciliations.csv,3d42c81da747f7889c095b24d5f4783137cf659b,9cc711bbcd8f3d927d6d3870d6a7e11e70c43d9e651c2f2c88d13d3fd3996f8a,3918,,REFERENCE_ONLY,NexVox generated projection excluded to prevent recursive training duplication
CWTV-FVER-000818,304bc33e30130229f4be401528ddfda744815b57,50,M,nexvox/engineering/manifests/corpus-manifest.yaml,45da290571d3a572ed1b5ff82afcb07273c28222,2f2d5711fbe21e312bb844bae62d8a86aa05bf30bd73e5e6f29154b34bca2972,521,18,REFERENCE_ONLY,NexVox generated projection excluded to prevent recursive training duplication
CWTV-FVER-000819,304bc33e30130229f4be401528ddfda744815b57,50,M,nexvox/engineering/manifests/sync-state.yaml,c452542a2c6f0dd3684b0eb1f6310f976e4e0d26,50974729dd144a9633e26e845034dc790cc68d80fb5cca879d9516b64cc99bf4,358,9,REFERENCE_ONLY,NexVox generated projection excluded to prevent recursive training duplication
CWTV-FVER-000820,304bc33e30130229f4be401528ddfda744815b57,50,M,nexvox/engineering/narratives/architecture-decisions.md,f171acfc08d8a2894bb38f8f9d3d4208076481d9,f3dac2251c93eff416ffd878d7519c82a27d7c8eedb87755789925c9791ce8b9,8777,65,REFERENCE_ONLY,NexVox generated projection excluded to prevent recursive training duplication
CWTV-FVER-000821,304bc33e30130229f4be401528ddfda744815b57,50,M,nexvox/engineering/narratives/engineering-history.md,6c2b8508c4e62d3b49808ae2a2cb35e99d76daac,d288b9066e4802ebad8ef67a23d25ac3bf526355ece7b554c91a6178ec3304c6,4736,78,REFERENCE_ONLY,NexVox generated projection excluded to prevent recursive training duplication
CWTV-FVER-000822,304bc33e30130229f4be401528ddfda744815b57,50,M,nexvox/engineering/narratives/engineering-methods.md,869d3bee4461e910780c80d435db3428a5247df5,a4123db5b13836cc86f3a5259e0bbddd9f9f194090888e810ace77cbd49a1d5e,888,15,REFERENCE_ONLY,NexVox generated projection excluded to prevent recursive training duplication
CWTV-FVER-000823,304bc33e30130229f4be401528ddfda744815b57,50,M,nexvox/engineering/narratives/failures-corrections-lessons.md,52717000620a4c34cb80cdc8b754c643a6fbd2d0,281d1957ad06340ebce098c2d04b7df05d8f1cc72159f015c6760799448a7685,7193,189,REFERENCE_ONLY,NexVox generated projection excluded to prevent recursive training duplication
CWTV-FVER-000824,85b0a3926ce562b3a2c1f20f8fb9e46333755120,51,A,docs/engineering/ssm-autonomy/2026-10-05/codex-ssm-proof.json,7bb3da463fb48c3863a5c2b82dafabc596440a9e,0f457ba55ea4c609bf417eb1bbd7879073f0e02904626d35f55e6ef467c6517e,4407,132,TRAINING_REVIEW_REQUIRED,mixed human-provided evidence and Codex interpretation require human validation
CWTV-FVER-000825,85b0a3926ce562b3a2c1f20f8fb9e46333755120,51,A,docs/engineering/ssm-autonomy/2026-10-05/codex-understanding.md,842a6c7cd43c1d7463f4a532c2700a3073331ce5,b89fa16a643b14eabe9c64d42ec3f701b266d7dd218ec53703a6609859ae2a50,8306,47,TRAINING_REVIEW_REQUIRED,mixed human-provided evidence and Codex interpretation require human validation
CWTV-FVER-000826,85b0a3926ce562b3a2c1f20f8fb9e46333755120,51,A,docs/engineering/ssm-autonomy/2026-10-05/evidence.json,03b18951319278064aabc402d7ca7d405e7f5bfa,0b3f795c66ffb44d756fe77cb793fa212d975f859d12db2b5f1c6008e013eae9,4083,101,TRAINING_REVIEW_REQUIRED,mixed human-provided evidence and Codex interpretation require human validation
CWTV-FVER-000827,85b0a3926ce562b3a2c1f20f8fb9e46333755120,51,A,docs/engineering/ssm-autonomy/2026-10-05/qualification-report.md,9da32fe751fc63f03c9f7a42032cc4a144610658,d3dad5b3c1c0d7fd3ff5c02710be99f89aa1228bcf7801fad80b3867bd9e6741,6625,82,TRAINING_REVIEW_REQUIRED,mixed human-provided evidence and Codex interpretation require human validation
CWTV-FVER-000828,85b0a3926ce562b3a2c1f20f8fb9e46333755120,51,A,docs/engineering/ssm-autonomy/2026-10-05/reading-inventory.json,67e84827116660cd6aca15ac4372b9f25b437784,6c452a79f70abc7be9d8e99eb69b580a6c0b4313db9d028af72ac4c1699eac37,14329,412,TRAINING_REVIEW_REQUIRED,mixed human-provided evidence and Codex interpretation require human validation
CWTV-FVER-000829,85b0a3926ce562b3a2c1f20f8fb9e46333755120,51,M,docs/progress/CineWatch_TV_Engineering_Chronicle.md,d4f007d143c5d52852da030149cb07ba13e48b6f,54da1f8c4d4cbb5418b90148fd2cd85f3c07edace9aecd5cd320a55ab2b9a60c,62514,305,REFERENCE_ONLY,canonical/reference/generated artifact retained for provenance but excluded from training text
CWTV-FVER-000830,85b0a3926ce562b3a2c1f20f8fb9e46333755120,51,M,docs/progress/activity/engineering-events.jsonl,71b59e50ef068b9e5cdf6a90f4cacf9536780020,19cabddeacc63eac776c061de3b9ab5d44564260d62ade89353536d5c09ae760,142354,174,TRAINING_ELIGIBLE,"CineWatch-owned source, test, governance, or engineering documentation"
CWTV-FVER-000831,85b0a3926ce562b3a2c1f20f8fb9e46333755120,51,M,docs/progress/dashboard/progress-data.json,d3c91ac3143526a7608f7e9d4470da6ca4230cad,881e06c2bbb7b71b0e6dc9d1a9a206a1530b458a76b3efda8b6083b6e576dbec,259581,6320,REFERENCE_ONLY,canonical/reference/generated artifact retained for provenance but excluded from training text
CWTV-FVER-000832,85b0a3926ce562b3a2c1f20f8fb9e46333755120,51,M,scripts/build_nexvox_engineering_corpus.py,16a6316e180189dad4e44fa4b2c0d4a3089076f5,a365848bdf89a20e05808fdfb3edd8b19cf6c0eaa1584c0fde58d5c0ae61938d,52245,898,TRAINING_ELIGIBLE,"CineWatch-owned source, test, governance, or engineering documentation"
CWTV-FVER-000833,85b0a3926ce562b3a2c1f20f8fb9e46333755120,51,A,tests/repository/test_ssm_evidence_eligibility.py,1a888667709e8733015f2a9a007400321e5ab7aa,5de9bcf2af9196243ce2cbbbab4d611cf3ef57d1dc6f446c61a69a6415c32036,1007,20,TRAINING_ELIGIBLE,"CineWatch-owned source, test, governance, or engineering documentation"
CWTV-FVER-000834,854ba0772232a1b8096426697334d5fe80f8fcce,52,M,nexvox/engineering/DATASET_CARD.md,98a5b2204c435c5178a9621c8fd87816da6c17fc,ba7aa10c532ac5c0a41e0dbc4a793afc73303c633481602e54cc84c8fe5bf175,1506,37,REFERENCE_ONLY,NexVox generated projection excluded to prevent recursive training duplication
CWTV-FVER-000835,854ba0772232a1b8096426697334d5fe80f8fcce,52,M,nexvox/engineering/checksums.sha256,5bca96c02d67861f84feac5054c8402e8f6bfc60,08c8d5a39b38527efeb490dded9ba23065b687f0deeef111cb96f978efa747c9,2696,,REFERENCE_ONLY,NexVox generated projection excluded to prevent recursive training duplication
CWTV-FVER-000836,854ba0772232a1b8096426697334d5fe80f8fcce,52,M,nexvox/engineering/datasets/commit-changes.csv,ec307019ac950cee1c70c1b361c23add056e322a,1dbe48b7a6327cd66ce4bbf92a98e2038efb0f50437adae7a86e400401d1db2e,108416,,REFERENCE_ONLY,NexVox generated projection excluded to prevent recursive training duplication
CWTV-FVER-000837,854ba0772232a1b8096426697334d5fe80f8fcce,52,M,nexvox/engineering/datasets/commits.csv,b28c9ba46853c0543e0e5fddd1831497e4c8e64f,8900ff250690f2cc1254e6789f72f0749e5d81305ed8661776e8455df77c83ca,11838,,REFERENCE_ONLY,NexVox generated projection excluded to prevent recursive training duplication
CWTV-FVER-000838,854ba0772232a1b8096426697334d5fe80f8fcce,52,M,nexvox/engineering/datasets/decisions.csv,d37958d35b2b17436eb73088a17d9b4af60818ea,c8aeef0f7a8040462a160128b560a1f311133f2a5133e3e74e433ff8440ae29f,9307,,REFERENCE_ONLY,NexVox generated projection excluded to prevent recursive training duplication
CWTV-FVER-000839,854ba0772232a1b8096426697334d5fe80f8fcce,52,M,nexvox/engineering/datasets/dependencies.csv,9bd65c1b0b268e1b5582139d96284b0297732f0c,12f5179ce609e647a117a01e87199a03cc21f821f07e5605405b14e3108f9167,81583,,REFERENCE_ONLY,NexVox generated projection excluded to prevent recursive training duplication
CWTV-FVER-000840,854ba0772232a1b8096426697334d5fe80f8fcce,52,M,nexvox/engineering/datasets/history-records.jsonl,261c628a31e4cfa696caef96eec6d8231ae7444d,3a170c285823704226a22879fb2a1a32c37dfbf8bb5dc1ccef7d5386426bafd1,1985444,441,REFERENCE_ONLY,NexVox generated projection excluded to prevent recursive training duplication
CWTV-FVER-000841,854ba0772232a1b8096426697334d5fe80f8fcce,52,M,nexvox/engineering/datasets/knowledge-records.jsonl,043907fe92d9f68862dc389057f6d89c099d4e57,75f98be3240cb9318d2285235330d1811bb5d62f4a3a32d5d66d2b802d8d5a5f,1683854,613,REFERENCE_ONLY,NexVox generated projection excluded to prevent recursive training duplication
CWTV-FVER-000842,854ba0772232a1b8096426697334d5fe80f8fcce,52,M,nexvox/engineering/datasets/milestones.csv,de891811cb9588f14cf8a3e9bc3d26cdc11ebd4a,d96028960d952df3ffb45e9a55781d8f8113c68efa2ce0cf399a62b6f0b3f3a0,1841,,REFERENCE_ONLY,NexVox generated projection excluded to prevent recursive training duplication
CWTV-FVER-000843,854ba0772232a1b8096426697334d5fe80f8fcce,52,M,nexvox/engineering/datasets/qualifications.csv,52541a7d3e5817b221e1bd9b89de67548830e811,f8d081ccea3ce700061226bb2fefd92a05a8a2eec900fafcc338a056254251ff,9016,,REFERENCE_ONLY,NexVox generated projection excluded to prevent recursive training duplication
CWTV-FVER-000844,854ba0772232a1b8096426697334d5fe80f8fcce,52,M,nexvox/engineering/datasets/repository-file-versions.csv,d695d9bfd1eb2240ef0a555e2dbaf659cca1b1f8,a512a61576cbbc91b3f09f1cc0f94187a1a1d45bfa5a76a33effc9fb02ed7455,263107,,REFERENCE_ONLY,NexVox generated projection excluded to prevent recursive training duplication
CWTV-FVER-000845,854ba0772232a1b8096426697334d5fe80f8fcce,52,M,nexvox/engineering/datasets/repository-files.csv,91b8f7c1fe817791c7036b66b581cbfce2334b1e,2e0dd071b4c87bd74d09f88589ef39d60b2f740f472c16c2594557e0bd1f9e77,109005,,REFERENCE_ONLY,NexVox generated projection excluded to prevent recursive training duplication
CWTV-FVER-000846,854ba0772232a1b8096426697334d5fe80f8fcce,52,M,nexvox/engineering/datasets/source-reconciliations.csv,0656139fa56cae5a8cd9b9eaff875376e3d28e8d,55e0081399f4d227ae9952fdfe558bb9aadd94416c090956cc9d9fccdcd745ef,3918,,REFERENCE_ONLY,NexVox generated projection excluded to prevent recursive training duplication
CWTV-FVER-000847,854ba0772232a1b8096426697334d5fe80f8fcce,52,M,nexvox/engineering/datasets/symbols.csv,24f3e2f16221232cfbe2155ec510bfb351cbcd2e,9e309ee8ba756fffc847911a1db6a9e95969669bbe5a08389a8c92630f2135d2,91753,,REFERENCE_ONLY,NexVox generated projection excluded to prevent recursive training duplication
CWTV-FVER-000848,854ba0772232a1b8096426697334d5fe80f8fcce,52,M,nexvox/engineering/manifests/corpus-manifest.yaml,6fbf91a3ddfda0c9802a73f3627398e995aeca39,591b18e89a11042a7c313b2e08bde6e9ea39fd30cf93006a3b01a6fa668eba57,516,18,REFERENCE_ONLY,NexVox generated projection excluded to prevent recursive training duplication
CWTV-FVER-000849,854ba0772232a1b8096426697334d5fe80f8fcce,52,M,nexvox/engineering/manifests/sync-state.yaml,21a071f4b3a976f8c4563aa900117e20cda9f394,c7c9caec8358a5c71bd25494c1acc04fffb6c0bc8ea1c3203180f1ae49672ece,353,9,REFERENCE_ONLY,NexVox generated projection excluded to prevent recursive training duplication
CWTV-FVER-000850,854ba0772232a1b8096426697334d5fe80f8fcce,52,M,nexvox/engineering/narratives/architecture-decisions.md,fbb2673e28ad4a460ba232207f4f99adade20923,d9ee5d07898ed5c5442e29b2024c4b5db6ef5708a2c80bb7505749c3199811c5,8777,65,REFERENCE_ONLY,NexVox generated projection excluded to prevent recursive training duplication
CWTV-FVER-000851,854ba0772232a1b8096426697334d5fe80f8fcce,52,M,nexvox/engineering/narratives/engineering-history.md,103b848cd936e64918d257f411dd718d165def4f,e9faa212fa5129d3bb59f9e9a82d75e08f830092487f99dda275ae36fcb010a3,4965,81,REFERENCE_ONLY,NexVox generated projection excluded to prevent recursive training duplication
CWTV-FVER-000852,854ba0772232a1b8096426697334d5fe80f8fcce,52,M,nexvox/engineering/narratives/engineering-methods.md,dc463173186edd5e5904c7f2c5506f7f90c2747b,fcb6e463e9d01381f42b70066aa97e74a80f063d3bbb952dea6702e579fe3320,888,15,REFERENCE_ONLY,NexVox generated projection excluded to prevent recursive training duplication
CWTV-FVER-000853,854ba0772232a1b8096426697334d5fe80f8fcce,52,M,nexvox/engineering/narratives/failures-corrections-lessons.md,66628bef1aea402eab0713e68759ad0da1427699,f4fa1cbfd54620b92b58ca1237789ae605b25655e41633a921e771f4dc5242d4,7193,189,REFERENCE_ONLY,NexVox generated projection excluded to prevent recursive training duplication
CWTV-FVER-000854,195005ee12c14be6401280319853aa2fa2ba33ff,53,M,apps/web/package.json,732f2159191549726cf7af6dc811e660231c42be,bf0d9fc3b8baece1c701952f55648807fb8bcead2e7342b317a0e642997a0115,757,33,TRAINING_ELIGIBLE,"CineWatch-owned source, test, governance, or engineering documentation"
CWTV-FVER-000855,195005ee12c14be6401280319853aa2fa2ba33ff,53,M,package-lock.json,e4b4c42cdd15305fb360b1fbd961007f64b9ab4c,6468f0df4f4462b96899cd3b8df6615a118e23cebb5185d6e1e0aa749db6f426,234129,6729,REFERENCE_ONLY,canonical/reference/generated artifact retained for provenance but excluded from training text
CWTV-FVER-000856,195005ee12c14be6401280319853aa2fa2ba33ff,53,M,scripts/check_frontend_skeleton.py,01523d3d5b9435ef7c963180c79176d63ec53a5a,99993fd0a463099562b461541c4fb28d364af95d694c89d37ff6cab56dd38cb4,7065,180,TRAINING_ELIGIBLE,"CineWatch-owned source, test, governance, or engineering documentation"
CWTV-FVER-000857,31e2b4da9e8d8a40cf50f52d5347b30d723ea35e,54,M,nexvox/engineering/DATASET_CARD.md,bfb37f1a1e6d73c8952299735852d0fa7fd161ee,87756da93fd8620144e8a94a51ff122806913d2ba7c840167dd70d6f7ffe1fdf,1506,37,REFERENCE_ONLY,NexVox generated projection excluded to prevent recursive training duplication
CWTV-FVER-000858,31e2b4da9e8d8a40cf50f52d5347b30d723ea35e,54,M,nexvox/engineering/checksums.sha256,7e9d77d0575850d2d9cb42c68b5f0a4a9c465d19,ee2de6bb41893ca8677a04f37704e681c58c88baf668102160d14bd45ff67a3e,2696,,REFERENCE_ONLY,NexVox generated projection excluded to prevent recursive training duplication
CWTV-FVER-000859,31e2b4da9e8d8a40cf50f52d5347b30d723ea35e,54,M,nexvox/engineering/datasets/commit-changes.csv,825abe18fa8ddb67f9d450fccab93b06bad9b3d5,76130a8a8f7db1c5b60f138da6824047e23b726fc71326c7595acceb006845a2,111361,,REFERENCE_ONLY,NexVox generated projection excluded to prevent recursive training duplication
CWTV-FVER-000860,31e2b4da9e8d8a40cf50f52d5347b30d723ea35e,54,M,nexvox/engineering/datasets/commits.csv,824c39573e7b00b2fe0248019d19cd15f333f91b,42f8329eccf95251f504cac8137cc6f4bf92559d3558685771e455f675137d7d,12299,,REFERENCE_ONLY,NexVox generated projection excluded to prevent recursive training duplication
CWTV-FVER-000861,31e2b4da9e8d8a40cf50f52d5347b30d723ea35e,54,M,nexvox/engineering/datasets/decisions.csv,7435cdb90283457b2fccf1576f34dafdd7e3262b,8c4b4c38bc24724f8055c87574d30c5b72036117386215718554bbe4031afa6f,9307,,REFERENCE_ONLY,NexVox generated projection excluded to prevent recursive training duplication
CWTV-FVER-000862,31e2b4da9e8d8a40cf50f52d5347b30d723ea35e,54,M,nexvox/engineering/datasets/dependencies.csv,1efffae79499f078f7e0dc361a8e08dc53feca5b,a29268f74e75bcb36dec2c8a7f9b43766821e22ea8e8e8db2482b6344ac93ba0,81583,,REFERENCE_ONLY,NexVox generated projection excluded to prevent recursive training duplication
CWTV-FVER-000863,31e2b4da9e8d8a40cf50f52d5347b30d723ea35e,54,M,nexvox/engineering/datasets/history-records.jsonl,42f99fa41100eb6f86ae61fc88ae97eab51a0ea4,f4051bef73dc5668519094e0ba47b183d239ddfa9b62fde08907212ac1b0a75a,1987369,443,REFERENCE_ONLY,NexVox generated projection excluded to prevent recursive training duplication
CWTV-FVER-000864,31e2b4da9e8d8a40cf50f52d5347b30d723ea35e,54,M,nexvox/engineering/datasets/knowledge-records.jsonl,a521b0ad57755a4bfc50bcc98daa95717ea0437f,81bf8fee91ac4e787610658c5de5fd3dd689536b4a4896402c746e2a0dcb5b3a,1683854,613,REFERENCE_ONLY,NexVox generated projection excluded to prevent recursive training duplication
CWTV-FVER-000865,31e2b4da9e8d8a40cf50f52d5347b30d723ea35e,54,M,nexvox/engineering/datasets/repository-file-versions.csv,53e40bf086ed9f13593a19e175fb3cc51e9a8033,009b5fff9f914eb0cc0f6ddaa8cbe3289cf4ce3a6b52ee2017c65157a2787b5f,270378,,REFERENCE_ONLY,NexVox generated projection excluded to prevent recursive training duplication
CWTV-FVER-000866,31e2b4da9e8d8a40cf50f52d5347b30d723ea35e,54,M,nexvox/engineering/datasets/repository-files.csv,ca5be9763990f090216809042f1eeaf39147a484,e0bbe02bda976d9ca150963feb84ea9c9c5f5af31bfe57324d2066f05473822b,109005,,REFERENCE_ONLY,NexVox generated projection excluded to prevent recursive training duplication
CWTV-FVER-000867,31e2b4da9e8d8a40cf50f52d5347b30d723ea35e,54,M,nexvox/engineering/datasets/source-reconciliations.csv,c2ecfc58b3f22af77950e7c18cd6bba46b8d66c6,1e04ce8f029df68921d5d42f7faadcbc8cb38926c8214e403fc2ab2710125640,3918,,REFERENCE_ONLY,NexVox generated projection excluded to prevent recursive training duplication
CWTV-FVER-000868,31e2b4da9e8d8a40cf50f52d5347b30d723ea35e,54,M,nexvox/engineering/manifests/corpus-manifest.yaml,66c0fd3bdba0200099cc1573a472b9614e6f742c,f41810d7036e75dddec0ffea5768790b821f8b287fe782de85e43a68fb068495,516,18,REFERENCE_ONLY,NexVox generated projection excluded to prevent recursive training duplication
CWTV-FVER-000869,31e2b4da9e8d8a40cf50f52d5347b30d723ea35e,54,M,nexvox/engineering/manifests/sync-state.yaml,cb4e4aeca856667caec0750f360a70f3d346dc74,62866607e1d04a5353f601ac6c1a2426fdf413238e1d7400756eb5c37bf6d4d1,353,9,REFERENCE_ONLY,NexVox generated projection excluded to prevent recursive training duplication
CWTV-FVER-000870,31e2b4da9e8d8a40cf50f52d5347b30d723ea35e,54,M,nexvox/engineering/narratives/architecture-decisions.md,f59154b98f018d29777c296399b3402ce848f7fc,2030527a23901de67d5b0f8285cf7b9dbe33d86ce1672d60a3a2391ad6dd433e,8777,65,REFERENCE_ONLY,NexVox generated projection excluded to prevent recursive training duplication
CWTV-FVER-000871,31e2b4da9e8d8a40cf50f52d5347b30d723ea35e,54,M,nexvox/engineering/narratives/engineering-history.md,6640ef954437f2a8274ff7619e6a489755326307,60a24471a994dddd814a836ed5a0b0aea813b9b23a7180668b723cf93a013aac,5102,83,REFERENCE_ONLY,NexVox generated projection excluded to prevent recursive training duplication
CWTV-FVER-000872,31e2b4da9e8d8a40cf50f52d5347b30d723ea35e,54,M,nexvox/engineering/narratives/engineering-methods.md,72ffc937488f0685f507a31bd75a37209aeb8f7d,3badef938771d2d35b6a83dd62f58063728e41038ba17e51c693d7b400d460dd,888,15,REFERENCE_ONLY,NexVox generated projection excluded to prevent recursive training duplication
CWTV-FVER-000873,31e2b4da9e8d8a40cf50f52d5347b30d723ea35e,54,M,nexvox/engineering/narratives/failures-corrections-lessons.md,8005696cabb0751c207f5b033974bbc896c92f07,9f9789fca029829cdcc80915104527a78d4d5c5b9388a5b40d925ce26c30abc6,7193,189,REFERENCE_ONLY,NexVox generated projection excluded to prevent recursive training duplication
CWTV-FVER-000874,576acace6b2ce5d3275552f577ed00ed87ed3d55,55,A,docs/engineering/dependency-security/2026-10-05/002-path-collision-analysis.json,f0aff444031c3391a054bb48f6e0c5fb670f2f50,946cdcb8688ce924da323ab23d0f4f69f9e629f4743ba7dd223ef142debc7758,2201,45,TRAINING_REVIEW_REQUIRED,mixed human-provided evidence and Codex interpretation require human validation
CWTV-FVER-000875,576acace6b2ce5d3275552f577ed00ed87ed3d55,55,A,docs/engineering/dependency-security/2026-10-05/002-reconciliation-plan.md,a7f4888a3e942a1fe7df3bab41f7ae8645d62e6c,a5e71d43e3be764fd7106430a6cc9010bac862f511ceed843b31ef57138d2e80,3240,21,TRAINING_REVIEW_REQUIRED,mixed human-provided evidence and Codex interpretation require human validation
CWTV-FVER-000876,576acace6b2ce5d3275552f577ed00ed87ed3d55,55,A,docs/engineering/dependency-security/2026-10-05/advisory-github.json,5791388b40a53b0d481ae30983e293a5a19ab2be,0990d297715a48a3bd243c8c9d7bee66bda147277cd69a8f628c846bbf8795ee,4548,1,TRAINING_REVIEW_REQUIRED,mixed human-provided evidence and Codex interpretation require human validation
CWTV-FVER-000877,576acace6b2ce5d3275552f577ed00ed87ed3d55,55,A,docs/engineering/dependency-security/2026-10-05/advisory-nextjs.json,59a6bfaf9e0c325e6c9757e7f623bf70a990761c,a0360509b80b09b3284445d8b2771bc84abf4d40892ece54000f659fddb5cd94,5270,1,TRAINING_REVIEW_REQUIRED,mixed human-provided evidence and Codex interpretation require human validation
CWTV-FVER-000878,576acace6b2ce5d3275552f577ed00ed87ed3d55,55,A,docs/engineering/dependency-security/2026-10-05/candidate-ci-result.json,b46a3b0d56c0bc24fc9e61c20a9c165d0332c565,7c5d3c47c92108f7bad97acffad56322231f524bf50a53d7ec365988b5ef5628,3909,1,TRAINING_REVIEW_REQUIRED,mixed human-provided evidence and Codex interpretation require human validation
CWTV-FVER-000879,576acace6b2ce5d3275552f577ed00ed87ed3d55,55,A,docs/engineering/dependency-security/2026-10-05/lock-entry-diff.json,61435b9de6697d77c186288d740e55c3dd1818ac,599bcf394ff7fdec7cbb9b594025f98b2d59f7388cf694ce7d89f29f4c3bbe5c,13229,479,TRAINING_REVIEW_REQUIRED,mixed human-provided evidence and Codex interpretation require human validation
CWTV-FVER-000880,576acace6b2ce5d3275552f577ed00ed87ed3d55,55,A,docs/engineering/dependency-security/2026-10-05/main-security-ci-result.json,be7df94f3f0f185bf8c47ab6795576ae53b043fb,6d278e4dff93614c683286ae654634208fe7eca75a81432081e40e6d64598668,3909,1,TRAINING_REVIEW_REQUIRED,mixed human-provided evidence and Codex interpretation require human validation
CWTV-FVER-000881,576acace6b2ce5d3275552f577ed00ed87ed3d55,55,A,docs/engineering/dependency-security/2026-10-05/npm-audit-full-after.json,cede96884ea6c48a0a4ccf03fb80ff9b9c4a1e3c,2101338b7d569821db13b1236823f54def7fa1ebcb1ce64e19e9339a38a6f98b,10344,354,TRAINING_REVIEW_REQUIRED,mixed human-provided evidence and Codex interpretation require human validation
CWTV-FVER-000882,576acace6b2ce5d3275552f577ed00ed87ed3d55,55,A,docs/engineering/dependency-security/2026-10-05/npm-audit-production-after.json,e0d9fe27e9e74f7bd7999ee4e0b8b48ec9be028d,80e0ef4d90f9347353ae86fcef3588edefcc82e8b61fe85e2385d98e20cbdf6f,364,22,TRAINING_REVIEW_REQUIRED,mixed human-provided evidence and Codex interpretation require human validation
CWTV-FVER-000883,576acace6b2ce5d3275552f577ed00ed87ed3d55,55,A,docs/engineering/dependency-security/2026-10-05/npm-audit-production-before.json,d527b6e61b88f83d3f507035df4a1d4c80bcd143,ed6561b8e94986196374cf0772fe7cb9c6739fb13f96481249265df8291a6675,1184,56,TRAINING_REVIEW_REQUIRED,mixed human-provided evidence and Codex interpretation require human validation
CWTV-FVER-000884,576acace6b2ce5d3275552f577ed00ed87ed3d55,55,A,docs/engineering/dependency-security/2026-10-05/npm-ls-after.json,9f424d2371235d4940790c41c5a21b763b5c6ada,aa48eb32311ced740cca1aed2b3186d446c185c6dd8ab9534eddf01df894ac8d,396,18,TRAINING_REVIEW_REQUIRED,mixed human-provided evidence and Codex interpretation require human validation
CWTV-FVER-000885,576acace6b2ce5d3275552f577ed00ed87ed3d55,55,A,docs/engineering/dependency-security/2026-10-05/npm-ls-before.json,68c7bbe60762bbe5fef2bdaa5dc001db4f6d0cc9,d4c7dfbc9ea738b7d71e8f0bd15d12b715117ebe9ec29eb1f30dacfa3f1650a5,396,18,TRAINING_REVIEW_REQUIRED,mixed human-provided evidence and Codex interpretation require human validation
CWTV-FVER-000886,576acace6b2ce5d3275552f577ed00ed87ed3d55,55,A,docs/engineering/dependency-security/2026-10-05/pr-synthetic-ci-result.json,161afd3053d245be136ccb2b209633bec7baf926,833e9ff9964ae0c76a03d3a3bd06264e177b5e5e65ee7e18fd01d50f61c5b2f4,3909,1,TRAINING_REVIEW_REQUIRED,mixed human-provided evidence and Codex interpretation require human validation
CWTV-FVER-000887,576acace6b2ce5d3275552f577ed00ed87ed3d55,55,A,docs/engineering/dependency-security/2026-10-05/python-vulnerability-audit-retry.log,5c418afc9a53c075fb2b41bfa8ed0b56fcfef5dd,15950a68a7ed99c59779717acefdceb3f69cfd31bde67d2c954f2a3cea4d7955,31,,TRAINING_REVIEW_REQUIRED,mixed human-provided evidence and Codex interpretation require human validation
CWTV-FVER-000888,576acace6b2ce5d3275552f577ed00ed87ed3d55,55,A,docs/engineering/dependency-security/2026-10-05/python-vulnerability-audit.log,4236652bb16eea014f9a99ef3b5cb9ac7c584d80,e1a7cd32bc31b239ad16f54465283deb299c680df19174885bc1d3db5bae4c17,3247,,TRAINING_REVIEW_REQUIRED,mixed human-provided evidence and Codex interpretation require human validation
CWTV-FVER-000889,576acace6b2ce5d3275552f577ed00ed87ed3d55,55,A,docs/engineering/dependency-security/2026-10-05/qualification-report.md,7751cf2541794998d7d5a0f1a29b4da48533403f,56e06350678730d57439c6db91cf67ae69ea07e8fd8c413a2330503421bd791b,4289,25,TRAINING_REVIEW_REQUIRED,mixed human-provided evidence and Codex interpretation require human validation
CWTV-FVER-000890,576acace6b2ce5d3275552f577ed00ed87ed3d55,55,A,docs/engineering/dependency-security/2026-10-05/qualification-results.json,ca423c74c10440acafa8f11e771fe73d13641173,c7d4ac156dc0045acf02bb39925db147ff14204e6a9ec7596dc4bce42f66d009,4355,190,TRAINING_REVIEW_REQUIRED,mixed human-provided evidence and Codex interpretation require human validation
CWTV-FVER-000891,576acace6b2ce5d3275552f577ed00ed87ed3d55,55,A,docs/engineering/dependency-security/2026-10-05/security-correction-evidence.json,1f3ae737a8e16ed902f9749e947fe7430bcfbd75,d8bef412bd21f0b2a133f90be94913d7a387d4ec75fe71d0af50752b0908471c,2538,73,TRAINING_REVIEW_REQUIRED,mixed human-provided evidence and Codex interpretation require human validation
CWTV-FVER-000892,576acace6b2ce5d3275552f577ed00ed87ed3d55,55,M,docs/progress/CineWatch_TV_Engineering_Chronicle.md,5fd65344ad9baf7b82e334b8f65d54e8e731e7ff,b7ec8f2a4cfa0b22330fbaa27a06d744b50d9ba086be7e740ce168446d1d0f99,66549,319,REFERENCE_ONLY,canonical/reference/generated artifact retained for provenance but excluded from training text
CWTV-FVER-000893,576acace6b2ce5d3275552f577ed00ed87ed3d55,55,M,docs/progress/activity/engineering-events.jsonl,5239d2a9e52568c9f4238fccad8008a7482875ca,6c7b742f884633712141cff098e8b834ccd78e7f32d46ac82b4cd49bc3c97fec,150795,183,TRAINING_ELIGIBLE,"CineWatch-owned source, test, governance, or engineering documentation"
CWTV-FVER-000894,576acace6b2ce5d3275552f577ed00ed87ed3d55,55,M,docs/progress/dashboard/progress-data.json,78a818258eb213b674da4229133c0bafdbd15818,8b819588d81543c95ef0acd061bf2288cf8bcf5dc1fb61c7305a7960eb5aabbc,275076,6687,REFERENCE_ONLY,canonical/reference/generated artifact retained for provenance but excluded from training text
CWTV-FVER-000895,576acace6b2ce5d3275552f577ed00ed87ed3d55,55,M,scripts/build_nexvox_engineering_corpus.py,9b4cecded9eb0b109449ba62ba3d08c3147d9a75,875bd19965a24d00cdea21e6a17ca41ab6165927105472c94b63ee81ee3d4d49,52288,898,TRAINING_ELIGIBLE,"CineWatch-owned source, test, governance, or engineering documentation"
CWTV-FVER-000896,576acace6b2ce5d3275552f577ed00ed87ed3d55,55,A,tests/repository/test_dependency_security_evidence_eligibility.py,c56b72a7aad3d2847da21a696289f7db17b6e6f4,7e9545e146778ff18993e5b61486669055132965f100eb6d04aac6f41a7bb18c,1068,20,TRAINING_ELIGIBLE,"CineWatch-owned source, test, governance, or engineering documentation"
CWTV-FVER-000897,56e5b77e4a9010c911bbacbd93d782ae9fee0588,56,M,nexvox/engineering/DATASET_CARD.md,4f8e7e9f8ff0828e4486a0dc4c2af7ec305dcffe,234761133c31d20fb2a5ec009237cf6efbd749589736e8da9507f32e2f772442,1508,37,REFERENCE_ONLY,NexVox generated projection excluded to prevent recursive training duplication
CWTV-FVER-000898,56e5b77e4a9010c911bbacbd93d782ae9fee0588,56,M,nexvox/engineering/checksums.sha256,38ac2e2e40343718541f0552ec2f31a853802c45,d40fd017fa7fd859158366a8bb4cacab6c8a2cd70cdd8d9243ad777a665a5a49,2696,,REFERENCE_ONLY,NexVox generated projection excluded to prevent recursive training duplication
CWTV-FVER-000899,56e5b77e4a9010c911bbacbd93d782ae9fee0588,56,M,nexvox/engineering/datasets/commit-changes.csv,9fa36750ba32e5fff86a2911b3900fae5feadf48,0f25be5fe467fd47eb3c3717cca15007939a2f56b5ddc9fb91a911aa8d4ae03b,117291,,REFERENCE_ONLY,NexVox generated projection excluded to prevent recursive training duplication
CWTV-FVER-000900,56e5b77e4a9010c911bbacbd93d782ae9fee0588,56,M,nexvox/engineering/datasets/commits.csv,8e3dc3ec15fb2acb9a4b55db693b330cbd0b7649,6477a0eeadf133400322d903f40e5220d636ec0342a8f6788f617b692898dc7f,12804,,REFERENCE_ONLY,NexVox generated projection excluded to prevent recursive training duplication
CWTV-FVER-000901,56e5b77e4a9010c911bbacbd93d782ae9fee0588,56,M,nexvox/engineering/datasets/decisions.csv,30e3dcd0d0720c9b236a1f948a7d1ad85307566c,38a33caa80da18a084fe7fe17f64e33c31527b0c25f31d93647048c0e53e93cd,9307,,REFERENCE_ONLY,NexVox generated projection excluded to prevent recursive training duplication
CWTV-FVER-000902,56e5b77e4a9010c911bbacbd93d782ae9fee0588,56,M,nexvox/engineering/datasets/dependencies.csv,9b27a4d1ac0758ccf7f29e230afb5ef181618399,da5c92bb39c01af16dc0f1a9b372789e74ff76391d49c9982c253b768fd972b0,82135,,REFERENCE_ONLY,NexVox generated projection excluded to prevent recursive training duplication
CWTV-FVER-000903,56e5b77e4a9010c911bbacbd93d782ae9fee0588,56,M,nexvox/engineering/datasets/failure-correction-chains.csv,e17baf7c236c23ff17daa316cc29a0b13208ee6e,42b8e4b818108c328a3e663ce78e5e6e2f37c1332563b7fbdc45f7747efb266b,12669,,REFERENCE_ONLY,NexVox generated projection excluded to prevent recursive training duplication
CWTV-FVER-000904,56e5b77e4a9010c911bbacbd93d782ae9fee0588,56,M,nexvox/engineering/datasets/history-records.jsonl,e88199131726cb33bd22ffce87df9c5b1cf14cc3,4156a74bfc063c45e694953950d369cddc1927bab272b89ae33d8657eb281deb,2096798,464,REFERENCE_ONLY,NexVox generated projection excluded to prevent recursive training duplication
CWTV-FVER-000905,56e5b77e4a9010c911bbacbd93d782ae9fee0588,56,M,nexvox/engineering/datasets/knowledge-records.jsonl,9429cd7509be5c59b34e458a0fe34796c5828599,896558b13c570385118970166a0ec31a9cbf618371d601c898cd2188324dfb84,1779132,643,REFERENCE_ONLY,NexVox generated projection excluded to prevent recursive training duplication
CWTV-FVER-000906,56e5b77e4a9010c911bbacbd93d782ae9fee0588,56,M,nexvox/engineering/datasets/milestones.csv,1c849d46db93f82b98b53d9208f1795e8aae2468,a3edfef700446a3f257df22b1e744bd8485338e4c37481dbb1c908fc69e3ac81,1971,,REFERENCE_ONLY,NexVox generated projection excluded to prevent recursive training duplication
CWTV-FVER-000907,56e5b77e4a9010c911bbacbd93d782ae9fee0588,56,M,nexvox/engineering/datasets/qualifications.csv,cb724b737705d273e092bea14649953e57d822dc,2305557a69c9f13f7f97f8f5972891544f614cb16ae48ce2d20f46e163e2da46,9336,,REFERENCE_ONLY,NexVox generated projection excluded to prevent recursive training duplication
CWTV-FVER-000908,56e5b77e4a9010c911bbacbd93d782ae9fee0588,56,M,nexvox/engineering/datasets/repository-file-versions.csv,78f979c906894a8ef417d272fdb551d1b1fcd978,c6aa28dc9161a5933cb8c06cc4261db13ca6984d0d448c6d168c6c0a0eff6c45,283867,,REFERENCE_ONLY,NexVox generated projection excluded to prevent recursive training duplication
CWTV-FVER-000909,56e5b77e4a9010c911bbacbd93d782ae9fee0588,56,M,nexvox/engineering/datasets/repository-files.csv,3fce64e92c3580f2a23a65a14e373f293e409bec,4a6afcc43cb32ef0ae584765c5ddaaea58ebc47951872d769904c880f1b0a188,115640,,REFERENCE_ONLY,NexVox generated projection excluded to prevent recursive training duplication
CWTV-FVER-000910,56e5b77e4a9010c911bbacbd93d782ae9fee0588,56,M,nexvox/engineering/datasets/source-reconciliations.csv,507a9fed7b0c765820c4d7d7095fa393fd56ac11,52a61a5bfd445a2b43cf2bc5668f0129982a9b16608c0061fbd5117241cad5be,3918,,REFERENCE_ONLY,NexVox generated projection excluded to prevent recursive training duplication
CWTV-FVER-000911,56e5b77e4a9010c911bbacbd93d782ae9fee0588,56,M,nexvox/engineering/datasets/symbols.csv,3ac0c3a1ce277c144ebb37821dc0474dcc5f6a81,d926c843f8acb00e53db962954c3dfd24136080519d55d08992ac63ddd5c743a,92078,,REFERENCE_ONLY,NexVox generated projection excluded to prevent recursive training duplication
CWTV-FVER-000912,56e5b77e4a9010c911bbacbd93d782ae9fee0588,56,M,nexvox/engineering/manifests/corpus-manifest.yaml,6dec8f3e5dd0e8e74d46d8932b10cfbb2cee299a,f9cef70893b7e5085d6cfd1d60a7b4abc02d176ae206d7db06b1e222b3da6859,517,18,REFERENCE_ONLY,NexVox generated projection excluded to prevent recursive training duplication
CWTV-FVER-000913,56e5b77e4a9010c911bbacbd93d782ae9fee0588,56,M,nexvox/engineering/manifests/sync-state.yaml,12cd5e58c0a465e4d55f2552389901d226269dc3,ba9fc547cc192df8539460790c7492176346b69f9816b2c81b09ecd4f9133210,353,9,REFERENCE_ONLY,NexVox generated projection excluded to prevent recursive training duplication
CWTV-FVER-000914,56e5b77e4a9010c911bbacbd93d782ae9fee0588,56,M,nexvox/engineering/narratives/architecture-decisions.md,5629d0e5c83213930da1003163838a3fb0ac7ea2,a64556bbe259d4cd8f84bc06aa029cd0682a5cc558e212fe457a4e257398a0ba,8777,65,REFERENCE_ONLY,NexVox generated projection excluded to prevent recursive training duplication
CWTV-FVER-000915,56e5b77e4a9010c911bbacbd93d782ae9fee0588,56,M,nexvox/engineering/narratives/engineering-history.md,c9414ce0bb8c1bc4172475cbf6bb0857aa7ff4a3,e62500f7fa245e37b82174fb3dc6df25bd288d133e456f66266a338ce255f0da,5353,86,REFERENCE_ONLY,NexVox generated projection excluded to prevent recursive training duplication
CWTV-FVER-000916,56e5b77e4a9010c911bbacbd93d782ae9fee0588,56,M,nexvox/engineering/narratives/engineering-methods.md,7d282c726c536a553c6ee7dd4fdf5b805b9164a5,e026a1bb1b5529e0fcf6caa11f01077edc61be2a7aa8a906ba476963d48b054b,888,15,REFERENCE_ONLY,NexVox generated projection excluded to prevent recursive training duplication
CWTV-FVER-000917,56e5b77e4a9010c911bbacbd93d782ae9fee0588,56,M,nexvox/engineering/narratives/failures-corrections-lessons.md,0e9fdbed2966c16b16fc262b955dac1d62ca98a2,530aa02e7141fc83ea79a8093fdbc6550fd91ee35aac8b3f056d88e96b283d3d,8140,213,REFERENCE_ONLY,NexVox generated projection excluded to prevent recursive training duplication
CWTV-FVER-000918,6a4c4280b2c190590990e5d58372bc9624f87887,57,A,apps/web/src/app/company/[providerId]/page.tsx,697d10f0d4af3eb93f61c6bf89094ed8ff9ad42a,e6244a96cd10287df1579d0735383f953dd08714055bb9076e040af654f67ef9,261,4,TRAINING_ELIGIBLE,"CineWatch-owned source, test, governance, or engineering documentation"
CWTV-FVER-000919,6a4c4280b2c190590990e5d58372bc9624f87887,57,A,apps/web/src/app/countries-cultures/page.module.css,7bc4fb381e7b4223df8892c4c4536c860c580a58,59995571b75d1ceb07cfff7a30436b9f8c850a439418b09959d5a8385732ec59,908,1,TRAINING_ELIGIBLE,"CineWatch-owned source, test, governance, or engineering documentation"
CWTV-FVER-000920,6a4c4280b2c190590990e5d58372bc9624f87887,57,A,apps/web/src/app/countries-cultures/page.tsx,ea382060d0cb4b67ee539134d8c91238ddfb0e61,c9b9a91a802c5314030031ecaae46b6d5bfe067ec9154f4b23d8459ec0818c93,1761,35,TRAINING_ELIGIBLE,"CineWatch-owned source, test, governance, or engineering documentation"
CWTV-FVER-000921,6a4c4280b2c190590990e5d58372bc9624f87887,57,M,apps/web/src/app/country/[code]/page.tsx,020ed7c72a1c413df92c0105f9e17e59f13d528f,5622ad32d188a4cc4d2b44065fb8756659c630a48db4c802d36a3128b8699653,1187,24,TRAINING_ELIGIBLE,"CineWatch-owned source, test, governance, or engineering documentation"
CWTV-FVER-000922,6a4c4280b2c190590990e5d58372bc9624f87887,57,M,apps/web/src/app/genres/page.tsx,9dc76d8901af7c84d0d18ff3e54d8aa95efe3eaa,15baa07245a6c58ca0e054d7c148730cb2d0e7ae34ccc77d6a356c7255549892,963,17,TRAINING_ELIGIBLE,"CineWatch-owned source, test, governance, or engineering documentation"
CWTV-FVER-000923,6a4c4280b2c190590990e5d58372bc9624f87887,57,A,apps/web/src/app/network/[providerId]/page.tsx,0669a9268afad9d542a78c7c4361fc210a2f51bf,12c35b1e5ab891747badbd3880e78c82df60ea601c657e5610bae66228c6cd1f,261,4,TRAINING_ELIGIBLE,"CineWatch-owned source, test, governance, or engineering documentation"
CWTV-FVER-000924,6a4c4280b2c190590990e5d58372bc9624f87887,57,A,apps/web/src/app/networks/page.tsx,5b8389aeefb6fdd6ed3e4995a50568578a624ee3,b710b5a422ec13d46b708f407a4efb77338bc8cc22b3dad597bc8f874dacfb1a,654,11,TRAINING_ELIGIBLE,"CineWatch-owned source, test, governance, or engineering documentation"
CWTV-FVER-000925,6a4c4280b2c190590990e5d58372bc9624f87887,57,M,apps/web/src/app/news/page.tsx,2e0e87d7e3b86faa73365225fc2208c448f24cb2,dce4821e112806d91283e85f5a03d41fcbdf7405bd7467e250d92375695cd976,3260,61,TRAINING_ELIGIBLE,"CineWatch-owned source, test, governance, or engineering documentation"
CWTV-FVER-000926,6a4c4280b2c190590990e5d58372bc9624f87887,57,A,apps/web/src/app/people/page.tsx,77815cca0154121e4972572975c9f4cf25f3e345,44aa0c6f6dcb372f8861d454ffc50ffe1db40fcaef9f3380813229c346f3f20a,762,14,TRAINING_ELIGIBLE,"CineWatch-owned source, test, governance, or engineering documentation"
CWTV-FVER-000927,6a4c4280b2c190590990e5d58372bc9624f87887,57,M,apps/web/src/app/title/[mediaType]/[providerId]/trailers/page.tsx,fba0e9a5112b93b32f2cc3e75ff3228b5e5d39ec,44aa74719b1ff1a202f1955091ce3d5b815496bf60a5418d45d2eb55041b3507,1073,14,TRAINING_ELIGIBLE,"CineWatch-owned source, test, governance, or engineering documentation"
CWTV-FVER-000928,6a4c4280b2c190590990e5d58372bc9624f87887,57,M,apps/web/src/app/trailers/page.tsx,bddd0ab7377f719f597d6a24390e04749e8f946b,ced2947d43ea59fb41661a93164a54f9d467331a8ca0de4f3829ccda1b807377,5156,56,TRAINING_ELIGIBLE,"CineWatch-owned source, test, governance, or engineering documentation"
CWTV-FVER-000929,6a4c4280b2c190590990e5d58372bc9624f87887,57,M,apps/web/src/components/catalog/CatalogBrowse.tsx,49e9e68d6591719ec2f9b8e0111f20ee32f4a138,18968278993c43cebdd3bfffa7d902f99bb6403c9335197e2404fd93a4eb4cb3,3775,82,TRAINING_ELIGIBLE,"CineWatch-owned source, test, governance, or engineering documentation"
CWTV-FVER-000930,6a4c4280b2c190590990e5d58372bc9624f87887,57,A,apps/web/src/components/catalog/GenreCard.module.css,11cdb41ffb6bb8af85f8decf801fee45ee9df1cb,4958c4ea4ba1a56c496bdbf9fb7050caeb05f66e281151aeeab31618869c783e,633,1,TRAINING_ELIGIBLE,"CineWatch-owned source, test, governance, or engineering documentation"
CWTV-FVER-000931,6a4c4280b2c190590990e5d58372bc9624f87887,57,A,apps/web/src/components/catalog/GenreCard.tsx,2f128e084289e14f0b23742abe25390c6f537765,ea1faf3286d3ccef2ebb652310fb571599fb54bc30cbdf3025d934a3a6aa3254,547,11,TRAINING_ELIGIBLE,"CineWatch-owned source, test, governance, or engineering documentation"
CWTV-FVER-000932,6a4c4280b2c190590990e5d58372bc9624f87887,57,A,apps/web/src/components/catalog/GenreGallery.module.css,8f1e53c7389c15a69ff86c34f929caa06111a5eb,b28bbc5ee695de53f1403831e35ebffb472cea57a8e2a755407afdb6b7c1fc11,455,1,TRAINING_ELIGIBLE,"CineWatch-owned source, test, governance, or engineering documentation"
CWTV-FVER-000933,6a4c4280b2c190590990e5d58372bc9624f87887,57,A,apps/web/src/components/catalog/GenreGallery.tsx,3013f8ed547fc09e7e62359a09b0a03b04327dd2,51839b3d7d52e70d021b9315ce8d1d898065600093629c65de45d20e3544d9fd,670,13,TRAINING_ELIGIBLE,"CineWatch-owned source, test, governance, or engineering documentation"
CWTV-FVER-000934,6a4c4280b2c190590990e5d58372bc9624f87887,57,M,apps/web/src/components/catalog/MediaIdentity.module.css,1f04711ae2f7bd1018feb8b64b04ae563acaf384,3900f58412693cf480c0449a8409bbd28551e7084f26422d0499cfe7278f3cd8,540,2,TRAINING_ELIGIBLE,"CineWatch-owned source, test, governance, or engineering documentation"
CWTV-FVER-000935,6a4c4280b2c190590990e5d58372bc9624f87887,57,M,apps/web/src/components/catalog/MediaIdentity.tsx,915da5c7da7b9895118ed09ea13cf39f4972781e,063aacfba9d2a4d9c6c4f18edd3b6e56c89e0e0ff02ad0baef592181ced9bc3e,1597,26,TRAINING_ELIGIBLE,"CineWatch-owned source, test, governance, or engineering documentation"
CWTV-FVER-000936,6a4c4280b2c190590990e5d58372bc9624f87887,57,A,apps/web/src/components/catalog/OrganizationDirectory.module.css,687689ee3b47a09496850af3714e2002760f0dd6,028150ecc29f1cef42f2579ce7e85ed5de83cf02ce853acf9729c36fc4e8df1c,2795,2,TRAINING_ELIGIBLE,"CineWatch-owned source, test, governance, or engineering documentation"
CWTV-FVER-000937,6a4c4280b2c190590990e5d58372bc9624f87887,57,A,apps/web/src/components/catalog/OrganizationDirectory.tsx,28a99c1f7dc304f858b419e420db3b88902f57dc,286d2237e188b25e19edcaf0defa736290981255611115717617ea641b8cde44,4801,58,TRAINING_ELIGIBLE,"CineWatch-owned source, test, governance, or engineering documentation"
CWTV-FVER-000938,6a4c4280b2c190590990e5d58372bc9624f87887,57,A,apps/web/src/components/catalog/OrganizationRoute.tsx,ad7ae81fe79902825babd94ffc46187dcad8029c,3a51ecce27ca9c8e9427b302c5fa1bd721cdd57de18ac58bffb96f3b0efdb164,906,16,TRAINING_ELIGIBLE,"CineWatch-owned source, test, governance, or engineering documentation"
CWTV-FVER-000939,6a4c4280b2c190590990e5d58372bc9624f87887,57,A,apps/web/src/components/catalog/PeopleDirectory.module.css,52b422522265228b5e44c04cf76ff82740b6592c,98bccf19ee6a223e4c970e155b52575cb039eae996bbb04f2ca4e8842412fd64,1392,1,TRAINING_ELIGIBLE,"CineWatch-owned source, test, governance, or engineering documentation"
CWTV-FVER-000940,6a4c4280b2c190590990e5d58372bc9624f87887,57,A,apps/web/src/components/catalog/PeopleDirectory.tsx,d8017b831ed66cbe0df8b3a8cfb2eecc1f04b103,212b055a34120e0c8b017a2d7c75d278b946a5a4f29350889324e6089b8359f9,2747,43,TRAINING_ELIGIBLE,"CineWatch-owned source, test, governance, or engineering documentation"
CWTV-FVER-000941,6a4c4280b2c190590990e5d58372bc9624f87887,57,M,apps/web/src/components/catalog/TitleDetails.module.css,a99700d187b66541f42bb941fc6d26ce113ab21e,6ad030905317adc8ebf99b268f50a1f56db92cebe069dc7e2374462f0efaffb3,9421,56,TRAINING_ELIGIBLE,"CineWatch-owned source, test, governance, or engineering documentation"
CWTV-FVER-000942,6a4c4280b2c190590990e5d58372bc9624f87887,57,M,apps/web/src/components/catalog/TitleDetails.tsx,61ac29500c5ffa7da0f3aa0ad388af4f3c0689db,b7eb721512f5b1096a49216fc1018563affc6e556311dc2748304fbe84e5e1c6,12364,187,TRAINING_ELIGIBLE,"CineWatch-owned source, test, governance, or engineering documentation"
CWTV-FVER-000943,6a4c4280b2c190590990e5d58372bc9624f87887,57,M,apps/web/src/components/catalog/TitleVideos.tsx,b80b4c638fe798b041a34309fb8e431e77a9a83c,7e68ed9504b244ac6284e0d568c593d5fa8a5686c8960eadd2168e2656f364dd,2257,37,TRAINING_ELIGIBLE,"CineWatch-owned source, test, governance, or engineering documentation"
CWTV-FVER-000944,6a4c4280b2c190590990e5d58372bc9624f87887,57,M,apps/web/src/components/home/HomepageExperience.module.css,7c8e738bc3aa2a118012c10175c021d3676afac7,6bde46f7e394721c463d936b70be1cd03d382fdc3970dddb9c83a1774b49c75a,12258,243,TRAINING_ELIGIBLE,"CineWatch-owned source, test, governance, or engineering documentation"
CWTV-FVER-000945,6a4c4280b2c190590990e5d58372bc9624f87887,57,M,apps/web/src/components/home/HomepageExperience.tsx,6375af07cd184e131d77fd9d1d4a8fc7dfd86427,2aa8a69be864b7c6b035cdb9fded0ac5acc9b543a48ef0b3ccbe739802a2e6e8,13767,277,TRAINING_ELIGIBLE,"CineWatch-owned source, test, governance, or engineering documentation"
CWTV-FVER-000946,6a4c4280b2c190590990e5d58372bc9624f87887,57,M,apps/web/src/components/site/SiteFrame.tsx,a9e82ecdefe067237c09075f35b8d2785c8675be,27242c3133b899a104c293fbfe01a67e4f7749f06acf4cb006c0ad78e06b65fa,13884,332,TRAINING_ELIGIBLE,"CineWatch-owned source, test, governance, or engineering documentation"
CWTV-FVER-000947,6a4c4280b2c190590990e5d58372bc9624f87887,57,M,apps/web/src/lib/api/catalog-client.ts,c4df1747ae88e6e78097a702589e1c125f33e529,71c68f4628fa84efce8639fa8667a09351947e9bb4672d7c8fc4e127eb02fcb2,2886,77,TRAINING_ELIGIBLE,"CineWatch-owned source, test, governance, or engineering documentation"
CWTV-FVER-000948,6a4c4280b2c190590990e5d58372bc9624f87887,57,M,packages/contracts/openapi/cinewatch-v1.openapi.json,46aff4d81585bb2c161dfd07fefb6ebd0b8e93ae,8c38fee0aef037f7fd9d3302f82f6ce18c0a6edafbfbfb4d7de42ab5ef66c246,128541,5232,REFERENCE_ONLY,canonical/reference/generated artifact retained for provenance but excluded from training text
CWTV-FVER-000949,6a4c4280b2c190590990e5d58372bc9624f87887,57,M,packages/contracts/src/generated/openapi.d.ts,62f87da46f1967fafd8c91358f268292bb004b3c,6ad4cdb074e44362f1adc61fb5298e337e41f95cd16406e2dc8d8958649a13fd,70627,2410,REFERENCE_ONLY,canonical/reference/generated artifact retained for provenance but excluded from training text
CWTV-FVER-000950,6a4c4280b2c190590990e5d58372bc9624f87887,57,M,scripts/check_catalog_experience.py,dbbde7c1dd86ffa05a7265d61b7b284f9b6ab404,543cb85bf6081d7ce67ed77705d0ed1bbdebddffca12c94f0e26dbefe65414a4,4828,109,TRAINING_ELIGIBLE,"CineWatch-owned source, test, governance, or engineering documentation"
CWTV-FVER-000951,6a4c4280b2c190590990e5d58372bc9624f87887,57,M,scripts/check_refinement_regression.py,36140c168454acb47ee92333c13bfe92bc3244a7,d1fe97154aa64f0539aca55bff0383e19c49ee222ceb7ac2d07ec07b256fe7f2,6215,198,TRAINING_ELIGIBLE,"CineWatch-owned source, test, governance, or engineering documentation"
CWTV-FVER-000952,6a4c4280b2c190590990e5d58372bc9624f87887,57,A,scripts/check_trailer_navigation_runtime.py,12f3d401632834cf8b8d2323066f296694ae7b9e,1b3ff9468aa7c8b8f29cbfa9bba3f69e81140e0c5aa01e5aafcfef216ee27e36,6913,159,TRAINING_ELIGIBLE,"CineWatch-owned source, test, governance, or engineering documentation"
CWTV-FVER-000953,6a4c4280b2c190590990e5d58372bc9624f87887,57,M,services/api/cinewatch_api/api/v1/catalog.py,75ffe0bacd9ad0175cad1c45fd304653c89d96eb,42aa62b11baa3faf8b87bcfb092db117100d9f271bf1e06a72056ec1f66d0757,6914,198,TRAINING_ELIGIBLE,"CineWatch-owned source, test, governance, or engineering documentation"
CWTV-FVER-000954,6a4c4280b2c190590990e5d58372bc9624f87887,57,A,services/api/cinewatch_api/api/v1/directories.py,a7bdce3cf29669f36e6ea2e0769b61f073efc843,befa345cbfc15d3c99165b341a0bd227b7b74b3d944beea458677363a1922829,2818,49,TRAINING_ELIGIBLE,"CineWatch-owned source, test, governance, or engineering documentation"
CWTV-FVER-000955,6a4c4280b2c190590990e5d58372bc9624f87887,57,M,services/api/cinewatch_api/api/v1/router.py,8fdd28202d4b4313b67e3dd6b9b371b07e288d14,8a894c607623664e4a1f17a351bae6417f222c16f0c1a842bace45ac8adce810,1171,26,TRAINING_ELIGIBLE,"CineWatch-owned source, test, governance, or engineering documentation"
CWTV-FVER-000956,6a4c4280b2c190590990e5d58372bc9624f87887,57,A,services/api/cinewatch_api/api/v1/trailer_library.py,ada56376a83258e436748b6d3df90ccdac1e70dd,312d40d927c46978f241f7c190f0a07286734315ab51a9531e4da0738b42a87b,1576,20,TRAINING_ELIGIBLE,"CineWatch-owned source, test, governance, or engineering documentation"
CWTV-FVER-000957,6a4c4280b2c190590990e5d58372bc9624f87887,57,A,services/api/cinewatch_api/catalog/directories.py,20001267a636868645852e840b859a8494c6f9ff,fcf9a14dbbc96efa565e0dd14fc4a0188eae22efe0db3bccad588acac3a582da,8940,160,TRAINING_ELIGIBLE,"CineWatch-owned source, test, governance, or engineering documentation"
CWTV-FVER-000958,6a4c4280b2c190590990e5d58372bc9624f87887,57,M,services/api/cinewatch_api/catalog/service.py,6bc0f9a39c5282834e43da88b196f10984d79380,a7b4e631c7ce8f328d51339bad355ca9ba174628748deed7691273059b9cd81b,58161,1237,TRAINING_ELIGIBLE,"CineWatch-owned source, test, governance, or engineering documentation"
CWTV-FVER-000959,6a4c4280b2c190590990e5d58372bc9624f87887,57,A,services/api/cinewatch_api/catalog/trailer_library.py,5e427a08da2bab8ecf95ab8a16d9aa4b071cd16b,f62bcd0e517c3763d9fd09187fa308e9dda4f6739850381cd8a01fe928c0d14b,5264,77,TRAINING_ELIGIBLE,"CineWatch-owned source, test, governance, or engineering documentation"
CWTV-FVER-000960,6a4c4280b2c190590990e5d58372bc9624f87887,57,M,services/api/cinewatch_api/contracts/catalog.py,75a341e05daecc157427a4ed18c52c442ba63c50,a48a1260a308b5fd43bd21384960cebb2603da4913341496865f11192f691811,8977,242,TRAINING_ELIGIBLE,"CineWatch-owned source, test, governance, or engineering documentation"
CWTV-FVER-000961,6a4c4280b2c190590990e5d58372bc9624f87887,57,A,services/api/cinewatch_api/contracts/directories.py,906805ced7b22aa1de3a62f6a688fe9c53aa00ad,e44fd01c7e218f8085a748b0d312cbf3a5dda4c66449fbe8ccfa9874c423406b,1653,53,TRAINING_ELIGIBLE,"CineWatch-owned source, test, governance, or engineering documentation"
CWTV-FVER-000962,6a4c4280b2c190590990e5d58372bc9624f87887,57,M,services/api/cinewatch_api/contracts/home_experience.py,b80b94a54f5791fe83c2ad4c0928a9f89e806eba,3e54d99969a403e4420ccf8bd6dd0d8612a9e94ad214b8e786d408e3b1e97107,3838,118,TRAINING_ELIGIBLE,"CineWatch-owned source, test, governance, or engineering documentation"
CWTV-FVER-000963,6a4c4280b2c190590990e5d58372bc9624f87887,57,A,services/api/cinewatch_api/contracts/trailer_library.py,e2830a8735f80e72518d0ec5ecfebf784e59f090,9bba1d7c1bfb3cc69304c252735fbc44ff46f9935589eeb328d2405cc2932b0f,894,25,TRAINING_ELIGIBLE,"CineWatch-owned source, test, governance, or engineering documentation"
CWTV-FVER-000964,6a4c4280b2c190590990e5d58372bc9624f87887,57,M,services/api/cinewatch_api/home/experience.py,1c74149ce9420abf7d9c2195eef3a22e7c1d5d2d,e8d07c26c67c0e1ed2c5b86cf84eb7c05563511ff46bd516a690884261e16bb8,26967,685,TRAINING_ELIGIBLE,"CineWatch-owned source, test, governance, or engineering documentation"
CWTV-FVER-000965,6a4c4280b2c190590990e5d58372bc9624f87887,57,M,services/api/cinewatch_api/media/authority.py,4baea756d799b1421bdbf0317dadfab783fe0fb8,87e8d5b86bc6f88b52f42fce072fa619a0ae653144bf343e55709cc4c9ec4be1,8308,152,TRAINING_ELIGIBLE,"CineWatch-owned source, test, governance, or engineering documentation"
CWTV-FVER-000966,6a4c4280b2c190590990e5d58372bc9624f87887,57,M,services/api/cinewatch_api/media/fallbacks.py,990187c8a2279a1ef8a08a364e12c166fc756e7b,1365b3c294b36f0591d1b4a730241cf0f07a183b9f901739a87bf128afc00960,3197,95,TRAINING_ELIGIBLE,"CineWatch-owned source, test, governance, or engineering documentation"
CWTV-FVER-000967,6a4c4280b2c190590990e5d58372bc9624f87887,57,M,services/api/tests/test_catalog_service.py,49dbd41769d978c1c1b4da92c7b05b4fd2b30df1,d21f963bf62ed2e43277e176f580e30aa41f7049a3567c4f4de0fe2b87436d94,15464,330,TRAINING_ELIGIBLE,"CineWatch-owned source, test, governance, or engineering documentation"
CWTV-FVER-000968,6a4c4280b2c190590990e5d58372bc9624f87887,57,A,services/api/tests/test_discovery_directories.py,7abc432757760d55c595b25a181371640e3f88e6,9bcb5e6a5d58eb7fb9fac9144515cbb27c480a9eee33f8c0be787afa0d419b62,2943,48,TRAINING_ELIGIBLE,"CineWatch-owned source, test, governance, or engineering documentation"
CWTV-FVER-000969,6a4c4280b2c190590990e5d58372bc9624f87887,57,M,services/api/tests/test_home_experience.py,953e4ef462f7a8ec7b7ee5e19e76d08c43f61e51,1714634fef80e277ad6f8cb60676b74563ea6543a866bc8e161d2fe40a008fd1,8041,230,TRAINING_ELIGIBLE,"CineWatch-owned source, test, governance, or engineering documentation"
CWTV-FVER-000970,6a4c4280b2c190590990e5d58372bc9624f87887,57,A,services/api/tests/test_trailer_navigation.py,1dd00cda79a12a2d4065ec067e76f6f5a96b4db7,3de6c423fdec7b907f6144c6d17f169baff8fe96d06b3046ad3fd78566065441,6423,136,TRAINING_ELIGIBLE,"CineWatch-owned source, test, governance, or engineering documentation"
CWTV-FVER-000971,22c19675d32e93f1d1d37b161a044e88f8310a2c,58,M,nexvox/engineering/DATASET_CARD.md,b206ebc48584bc6dc8e42e4892104fe4d3b539d4,ad4347ca6c2ee8d97afdbd01dd507ece432b54cf8ba6443e25965aa75816bb1b,1508,37,REFERENCE_ONLY,NexVox generated projection excluded to prevent recursive training duplication
CWTV-FVER-000972,22c19675d32e93f1d1d37b161a044e88f8310a2c,58,M,nexvox/engineering/checksums.sha256,15637d4f3d96b70a3d0dadbd5be8e68765a24925,f95f6c429d8598965e190b162122991dd3d73cb9abfce9d668e1fb8d6c759d9e,2696,,REFERENCE_ONLY,NexVox generated projection excluded to prevent recursive training duplication
CWTV-FVER-000973,22c19675d32e93f1d1d37b161a044e88f8310a2c,58,M,nexvox/engineering/datasets/commit-changes.csv,9d3538ced5c5b355b1b93e89a327e83e062c7324,f20871ded45a0f99840efd6b1af9eb292ac5fb106ffa312051a3526e131a7839,127138,,REFERENCE_ONLY,NexVox generated projection excluded to prevent recursive training duplication
CWTV-FVER-000974,22c19675d32e93f1d1d37b161a044e88f8310a2c,58,M,nexvox/engineering/datasets/commits.csv,d0ab1552a9206c0f344a4a74a4d0b28276f81c97,7c784d9a604ad5115add72b2d61dad4cab4b9130eb921ecccd2a1e71058c3817,13300,,REFERENCE_ONLY,NexVox generated projection excluded to prevent recursive training duplication
CWTV-FVER-000975,22c19675d32e93f1d1d37b161a044e88f8310a2c,58,M,nexvox/engineering/datasets/decisions.csv,70e1c3f52bcf23175ad2000210459d0805ee4b6a,7c5340c92df39533bdc8b67d118a10c38addafb61684e904c7eaf3308530f441,9307,,REFERENCE_ONLY,NexVox generated projection excluded to prevent recursive training duplication
CWTV-FVER-000976,22c19675d32e93f1d1d37b161a044e88f8310a2c,58,M,nexvox/engineering/datasets/dependencies.csv,4e7abe00e4f44f9efcdaef0e01cd45ff65745cfa,9a0bae4ac6b515df2d8c301f3056701d1ff6e605d5d5a994822d6a1ffd51e486,93077,,REFERENCE_ONLY,NexVox generated projection excluded to prevent recursive training duplication
CWTV-FVER-000977,22c19675d32e93f1d1d37b161a044e88f8310a2c,58,M,nexvox/engineering/datasets/history-records.jsonl,bc608bb862001d920238c0a6a7da7376a99d0f59,6d4f4e10bd175baaa9ea4ca295f1244adc734433a980e920badc2f6d1f8d4f26,2256441,515,REFERENCE_ONLY,NexVox generated projection excluded to prevent recursive training duplication
CWTV-FVER-000978,22c19675d32e93f1d1d37b161a044e88f8310a2c,58,M,nexvox/engineering/datasets/knowledge-records.jsonl,191a2cf8e407ec6836285f403c4085ec0e81ec56,69f4aa926742839139fc801b10b360cc1658c0ab53b132cffe6171b5ed1cde36,1864867,675,REFERENCE_ONLY,NexVox generated projection excluded to prevent recursive training duplication
CWTV-FVER-000979,22c19675d32e93f1d1d37b161a044e88f8310a2c,58,M,nexvox/engineering/datasets/repository-file-versions.csv,b27dd792ab4199df74054363e35484f129a6c502,dbd797528099056f8d166a444b1fdc082f433e5c0734f0b33e19900193754fae,307367,,REFERENCE_ONLY,NexVox generated projection excluded to prevent recursive training duplication
CWTV-FVER-000980,22c19675d32e93f1d1d37b161a044e88f8310a2c,58,M,nexvox/engineering/datasets/repository-files.csv,015d9031b934015e7adb40128a6a365c25d41838,779fd44c3acb03387c612adfbc1353d7ee3c87a5cde373401e458a08390dbcfd,122698,,REFERENCE_ONLY,NexVox generated projection excluded to prevent recursive training duplication
CWTV-FVER-000981,22c19675d32e93f1d1d37b161a044e88f8310a2c,58,M,nexvox/engineering/datasets/source-reconciliations.csv,8121ecc7c4444f3100b9658a13fd07aeac3960ed,a842b09da6237df89f9cea79cb766b396e86206a918b4db6f53f73b4162dfbb9,3918,,REFERENCE_ONLY,NexVox generated projection excluded to prevent recursive training duplication
CWTV-FVER-000982,22c19675d32e93f1d1d37b161a044e88f8310a2c,58,M,nexvox/engineering/datasets/symbols.csv,1b0fe4969cb14955b8d8f6de9be5f66d01e4afec,19fe43f3b4fba7f44dd06865929122a44b42ec1e0fa43dbb4f5b471fd3eaa7b9,101334,,REFERENCE_ONLY,NexVox generated projection excluded to prevent recursive training duplication
CWTV-FVER-000983,22c19675d32e93f1d1d37b161a044e88f8310a2c,58,M,nexvox/engineering/manifests/corpus-manifest.yaml,1fe5834324463f1e2586a295bfb4fa48ae9839f1,b143a0c374f46fab9374e6d8b8474bb61a0752c84bc523a1df68ac29dbef80fd,517,18,REFERENCE_ONLY,NexVox generated projection excluded to prevent recursive training duplication
CWTV-FVER-000984,22c19675d32e93f1d1d37b161a044e88f8310a2c,58,M,nexvox/engineering/manifests/sync-state.yaml,83d084e3a87e9aa7d4e86e3c8b9fff7505b1851f,8aadb9c3408a06d47f95d6b2baf153bd28b77df4c48113f3143fcbb601ac30f3,353,9,REFERENCE_ONLY,NexVox generated projection excluded to prevent recursive training duplication
CWTV-FVER-000985,22c19675d32e93f1d1d37b161a044e88f8310a2c,58,M,nexvox/engineering/narratives/architecture-decisions.md,3511e2d7e68bf3444865f76ad49d72a32f755563,b54b129973e4d284b2e7b3644b7892d7a81e89b7246ff4ec2ce42c9594641f4b,8777,65,REFERENCE_ONLY,NexVox generated projection excluded to prevent recursive training duplication
CWTV-FVER-000986,22c19675d32e93f1d1d37b161a044e88f8310a2c,58,M,nexvox/engineering/narratives/engineering-history.md,2d6ddc00970a8284c135d82e04c6caed391b6324,bd95ecd7cda0559a79dfe806d21541f5fe1693b144d074ce5ce0d6238a5270ec,5521,88,REFERENCE_ONLY,NexVox generated projection excluded to prevent recursive training duplication
CWTV-FVER-000987,22c19675d32e93f1d1d37b161a044e88f8310a2c,58,M,nexvox/engineering/narratives/engineering-methods.md,681683004672cd4cc688ddcfd9c39fcc436dcb57,51720887cf119a99eb869a414eeff931a52490a403bb8615e33475aaa0466e4a,888,15,REFERENCE_ONLY,NexVox generated projection excluded to prevent recursive training duplication
CWTV-FVER-000988,22c19675d32e93f1d1d37b161a044e88f8310a2c,58,M,nexvox/engineering/narratives/failures-corrections-lessons.md,9529612e9dd9a75c388fdceffe4f46f719aae774,cc5dfcec84799876b5f66b90467455d458c61bbf462a8ede1a2e6948ee6543b0,8140,213,REFERENCE_ONLY,NexVox generated projection excluded to prevent recursive training duplication
CWTV-FVER-000989,682635524c4615e3b900212d649c83a11ec7f337,59,A,docs/engineering/discovery-delivery/2026-10-05/chronicle-event-receipt.json,adbd5f8945a95228cda34271c890014afd5d9d2e,482a808a9f61cf93ae0f810c358220b01e386120a77644e6071f6e05ea525d0b,709,31,TRAINING_REVIEW_REQUIRED,mixed human-provided evidence and Codex interpretation require human validation
CWTV-FVER-000990,682635524c4615e3b900212d649c83a11ec7f337,59,A,docs/engineering/discovery-delivery/2026-10-05/classification-green.log,bfd9c81f5d5de45c76ebaab3be842ea271c90ff1,b5d60f9cf290c92111f9ab63678371e24861312262d57baf5092eb5d8dca5096,98,,TRAINING_REVIEW_REQUIRED,mixed human-provided evidence and Codex interpretation require human validation
CWTV-FVER-000991,682635524c4615e3b900212d649c83a11ec7f337,59,A,docs/engineering/discovery-delivery/2026-10-05/classification-red.log,c3ef3123393ce166aca0d986c6e1b25d26a2c942,9d73bb563516aabc73f601dd2a663caf43407dac21fc516e4af65610dde1f52c,1705,,TRAINING_REVIEW_REQUIRED,mixed human-provided evidence and Codex interpretation require human validation
CWTV-FVER-000992,682635524c4615e3b900212d649c83a11ec7f337,59,A,docs/engineering/discovery-delivery/2026-10-05/d003-application-stop.json,5bd7e19e908be874f43da7bb080f0705b9c9384d,061f66f6a350b274805fde3db704b266b0c2428761811b35dd7ed98de0c9eca1,2048,45,TRAINING_REVIEW_REQUIRED,mixed human-provided evidence and Codex interpretation require human validation
CWTV-FVER-000993,682635524c4615e3b900212d649c83a11ec7f337,59,A,docs/engineering/discovery-delivery/2026-10-05/d004-drive-verification.json,9912c055e73233c9b4cf9666abd6713f099348d3,5531b31397c08acd408cfa8c34405fc70bfe649873209d068bb70e69b39275ed,736,18,TRAINING_REVIEW_REQUIRED,mixed human-provided evidence and Codex interpretation require human validation
CWTV-FVER-000994,682635524c4615e3b900212d649c83a11ec7f337,59,A,docs/engineering/discovery-delivery/2026-10-05/d004-per-path-modes.json,d6fb8f7960c75f13f922d942807b86f61ccff1fd,012c493504ed1c2d6ee626f099472be60734ff51bf8e5b5cabdb17cdb746edaa,26521,538,TRAINING_REVIEW_REQUIRED,mixed human-provided evidence and Codex interpretation require human validation
CWTV-FVER-000995,682635524c4615e3b900212d649c83a11ec7f337,59,A,docs/engineering/discovery-delivery/2026-10-05/d004-qualification-receipt.json,2e4b72509d403a9e081d6153c38356886a8a4fca,225350da57343a02316ebf41215b440494efaa46f7864b2cc052adaa5a253543,8647,321,TRAINING_REVIEW_REQUIRED,mixed human-provided evidence and Codex interpretation require human validation
CWTV-FVER-000996,682635524c4615e3b900212d649c83a11ec7f337,59,A,docs/engineering/discovery-delivery/2026-10-05/delivery-closure-evidence.json,a0a9c24313c48f74b9df7ba72c953f0fbd139abe,17e3675440167a8aaad57449b84dd1ab8e68f1bdd73201922e7df27004784f8b,2905,63,TRAINING_REVIEW_REQUIRED,mixed human-provided evidence and Codex interpretation require human validation
CWTV-FVER-000997,682635524c4615e3b900212d649c83a11ec7f337,59,A,docs/engineering/discovery-delivery/2026-10-05/engineering-provenance.json,cdb9de8a825e61dce9dc52c41f826666eb60ade0,51d8b15c04a782400679133d71882b1b028baa93a845774d63310c51c617feed,2551,57,TRAINING_REVIEW_REQUIRED,mixed human-provided evidence and Codex interpretation require human validation
CWTV-FVER-000998,682635524c4615e3b900212d649c83a11ec7f337,59,A,docs/engineering/discovery-delivery/2026-10-05/engineering-provenance.md,7026f65eba7d0b2212a6412d2362f0abc25cbb87,d4baee744e4f01a50852224550443f74416efea3d48c3d5eb5eaf47af8c88aa0,3069,17,TRAINING_REVIEW_REQUIRED,mixed human-provided evidence and Codex interpretation require human validation
CWTV-FVER-000999,682635524c4615e3b900212d649c83a11ec7f337,59,A,docs/engineering/discovery-delivery/2026-10-05/first-main-ci.json,272f63d78a63d484561535f6b72956828e6b6661,bbbc21a2b8ddd1cf7bdc64281a1a6417c22efd527bb919cf3c97c98319f89870,6572,247,TRAINING_REVIEW_REQUIRED,mixed human-provided evidence and Codex interpretation require human validation
CWTV-FVER-001000,682635524c4615e3b900212d649c83a11ec7f337,59,A,docs/engineering/discovery-delivery/2026-10-05/first-main-promotion.json,08a9caa43e621c7b7142041c6751eaec25a2e6bf,5defa5d3e275ac6b03ad09e12182caf4b6083f3452cfd3366cee3378f3f90a3d,920,21,TRAINING_REVIEW_REQUIRED,mixed human-provided evidence and Codex interpretation require human validation
CWTV-FVER-001001,682635524c4615e3b900212d649c83a11ec7f337,59,A,docs/engineering/discovery-delivery/2026-10-05/fresh-authority-lock.json,8e7402817586d0f3439443fc8d2a8f1510c2c690,efbbcb88704764719b650f651210c023bee04b10f421e62cf9c267956546c27d,432,9,TRAINING_REVIEW_REQUIRED,mixed human-provided evidence and Codex interpretation require human validation
CWTV-FVER-001002,682635524c4615e3b900212d649c83a11ec7f337,59,A,docs/engineering/discovery-delivery/2026-10-05/fresh-d004-complete-tree.log,52100c461a17e54b7b8282c793922ad80e434fdc,efa68457eac89e66ac602fcbc317afcb77f15a94274900662f6ce9da2b855c13,14947,,TRAINING_REVIEW_REQUIRED,mixed human-provided evidence and Codex interpretation require human validation
CWTV-FVER-001003,682635524c4615e3b900212d649c83a11ec7f337,59,A,docs/engineering/discovery-delivery/2026-10-05/qualified-candidate-ci.json,088dddfa276902aef4959b5d81f164e2b961d34f,42fd3eeb3a67b9c699e18d70fd3746ef706f1a3c97cc17f8a6a4d5f29cec7034,6572,247,TRAINING_REVIEW_REQUIRED,mixed human-provided evidence and Codex interpretation require human validation
CWTV-FVER-001004,682635524c4615e3b900212d649c83a11ec7f337,59,M,docs/progress/CineWatch_TV_Engineering_Chronicle.md,faf1cb445e15b73a745696894cd5b018546c2be4,b82ce208f64573d2936cb6d010d7cadbdf623ec67af00a782ecffd2408260a53,76886,352,REFERENCE_ONLY,canonical/reference/generated artifact retained for provenance but excluded from training text
CWTV-FVER-001005,682635524c4615e3b900212d649c83a11ec7f337,59,M,docs/progress/activity/engineering-events.jsonl,58b7c1467fb7c7ea77c6811c0f3a94b5aa56c11d,4030b329b18a568d80e34b169a9dedc0bef644863685a0fedb7c92622271e55e,172276,203,TRAINING_ELIGIBLE,"CineWatch-owned source, test, governance, or engineering documentation"
CWTV-FVER-001006,682635524c4615e3b900212d649c83a11ec7f337,59,M,docs/progress/dashboard/progress-data.json,9396eaae7112a74d5319df496ecdc8ed9b67e6c5,026df20d0991de8226d2337539ca255a9d879fff7d0acd33b4ba735db7a82c11,318620,7637,REFERENCE_ONLY,canonical/reference/generated artifact retained for provenance but excluded from training text
CWTV-FVER-001007,682635524c4615e3b900212d649c83a11ec7f337,59,M,scripts/build_nexvox_engineering_corpus.py,58f621d4c2cdf89c27a126f755640ba37911502d,a126d424a5ef9a69d27840d2ea40ac714ce75539baa15bfc2a48fea6f91e29e4,52328,898,TRAINING_ELIGIBLE,"CineWatch-owned source, test, governance, or engineering documentation"
CWTV-FVER-001008,682635524c4615e3b900212d649c83a11ec7f337,59,M,tests/repository/test_nexvox_engineering_corpus.py,c83ba6cc31bbe0edb94f169abfc53cbdb4a7cc02,804dae9f35c821970223c605b47bcb691dd49d34196643eff9f072582e9bd322,2553,63,TRAINING_ELIGIBLE,"CineWatch-owned source, test, governance, or engineering documentation"
CWTV-FVER-001009,f8e9c935602a62e6215baaf568ba4e08834168c9,60,M,nexvox/engineering/DATASET_CARD.md,7316e767b214d32cef663e0e0357d794258f9e13,9a0efc0330a564fdf90fef8746dfdab715ca97833cbda014bec9a4c87dad9ab0,1508,37,REFERENCE_ONLY,NexVox generated projection excluded to prevent recursive training duplication
CWTV-FVER-001010,f8e9c935602a62e6215baaf568ba4e08834168c9,60,M,nexvox/engineering/checksums.sha256,37897cda3f978f6615113c441ec3e2749db2c5f1,0215c44f46e77f99bf4cb140395ea87e81b195aff9a63fe8f8df1c6067bf6f7e,2696,,REFERENCE_ONLY,NexVox generated projection excluded to prevent recursive training duplication
CWTV-FVER-001011,f8e9c935602a62e6215baaf568ba4e08834168c9,60,M,nexvox/engineering/datasets/artifacts.csv,7ccfa0fdd31d34ac1acac1967458ee9eff8837e2,4ffe98363d818c8a8184a4f8dce3559fd8a4172ed3c3098bafe6680b3895818d,15608,,REFERENCE_ONLY,NexVox generated projection excluded to prevent recursive training duplication
CWTV-FVER-001012,f8e9c935602a62e6215baaf568ba4e08834168c9,60,M,nexvox/engineering/datasets/commit-changes.csv,f4510a7c9adc475dde8990653282bd67e957ab6e,8688616b8727f216b759e5c9d234478b6cdeb6166b7414fba43ecf304b3a303a,132672,,REFERENCE_ONLY,NexVox generated projection excluded to prevent recursive training duplication
CWTV-FVER-001013,f8e9c935602a62e6215baaf568ba4e08834168c9,60,M,nexvox/engineering/datasets/commits.csv,70c0e56e6992744fb2ba1b12dcc6f3569ee641a4,066be9da12023c959f893c26bab1b8193c7f65c6e81c01b82aefa9e2352e594a,13784,,REFERENCE_ONLY,NexVox generated projection excluded to prevent recursive training duplication
CWTV-FVER-001014,f8e9c935602a62e6215baaf568ba4e08834168c9,60,M,nexvox/engineering/datasets/decisions.csv,f9b561b13939c632439b2e931d2251b18ddbb80a,d2ae0292c34135d86d57d96152b6d8b04df10d5a9a04dd233dce2726ff883a22,9307,,REFERENCE_ONLY,NexVox generated projection excluded to prevent recursive training duplication
CWTV-FVER-001015,f8e9c935602a62e6215baaf568ba4e08834168c9,60,M,nexvox/engineering/datasets/dependencies.csv,749300b5929e612624a17361c2ec341c54ae5217,c14c921a6cbb21d0c5e5b482b302ba4b94c7086b81070d2b0a98c178ca1c78d2,93167,,REFERENCE_ONLY,NexVox generated projection excluded to prevent recursive training duplication
CWTV-FVER-001016,f8e9c935602a62e6215baaf568ba4e08834168c9,60,M,nexvox/engineering/datasets/failure-correction-chains.csv,e41651150082f3718b61f802ccff922cc271dcdc,b11375c5bd35b015249c2a02dd8727522567bc2e93e45dc96a737b3104a13bce,17297,,REFERENCE_ONLY,NexVox generated projection excluded to prevent recursive training duplication
CWTV-FVER-001017,f8e9c935602a62e6215baaf568ba4e08834168c9,60,M,nexvox/engineering/datasets/history-records.jsonl,0f57207a884fc45e607166b5183fb7ab68e9969a,69042100d5fbe4ef97c0dbdca8e487a9a046f2b3a7a04bcbbf3638b1ad6a8355,2389315,533,REFERENCE_ONLY,NexVox generated projection excluded to prevent recursive training duplication
CWTV-FVER-001018,f8e9c935602a62e6215baaf568ba4e08834168c9,60,M,nexvox/engineering/datasets/knowledge-records.jsonl,a3b4b8c78289574b73dd2f58b3d1ceed05df3bec,0e17941e9f61ca800e6ef9e3cca49ab2d1710452fce506d9c2f3edacafd92eb2,1971626,707,REFERENCE_ONLY,NexVox generated projection excluded to prevent recursive training duplication
CWTV-FVER-001019,f8e9c935602a62e6215baaf568ba4e08834168c9,60,M,nexvox/engineering/datasets/milestones.csv,1fcfbb9afbae8781f2bf07afba0bff4fe43ecabf,815724bfd0fa4b37f7a956052a41e6ea4af33e15f5c7b811af5f749d01bb979a,1994,,REFERENCE_ONLY,NexVox generated projection excluded to prevent recursive training duplication
CWTV-FVER-001020,f8e9c935602a62e6215baaf568ba4e08834168c9,60,M,nexvox/engineering/datasets/qualifications.csv,94240970f627a9ba0890ebea80782576acb1b474,cdaa4a05aa5b2986f8623726d8e0e9480055897ba2256c5025a6d81ae953173d,9723,,REFERENCE_ONLY,NexVox generated projection excluded to prevent recursive training duplication
CWTV-FVER-001021,f8e9c935602a62e6215baaf568ba4e08834168c9,60,M,nexvox/engineering/datasets/repository-file-versions.csv,323f7b324a805354f3eec5890e8ecc34af5f0786,2910906220e93056093a4aabd758c6b73ec98ef81ba9bd6444c8416a9c0e984e,320066,,REFERENCE_ONLY,NexVox generated projection excluded to prevent recursive training duplication
CWTV-FVER-001022,f8e9c935602a62e6215baaf568ba4e08834168c9,60,M,nexvox/engineering/datasets/repository-files.csv,4e80d3df62f61e0068af5858060c80393d471b0b,ccb7119c9c4c87c4a765dd6abd3b269365986be3998c17f0041e7acbc8fd10f4,127956,,REFERENCE_ONLY,NexVox generated projection excluded to prevent recursive training duplication
CWTV-FVER-001023,f8e9c935602a62e6215baaf568ba4e08834168c9,60,M,nexvox/engineering/datasets/source-reconciliations.csv,81ff9443c23c2cc544ce5067540d3915a077d587,f2843ae4eb675a1488724f82726df5bdf1e4a51563451c59c434ca8ae7ac02ac,3918,,REFERENCE_ONLY,NexVox generated projection excluded to prevent recursive training duplication
CWTV-FVER-001024,f8e9c935602a62e6215baaf568ba4e08834168c9,60,M,nexvox/engineering/datasets/symbols.csv,476bfb204aeb7c66dd951681a798143923d76e21,3bedd82285200c707f7627004f73e2cf416005b4f8cca685cda51ca65f991240,101483,,REFERENCE_ONLY,NexVox generated projection excluded to prevent recursive training duplication
CWTV-FVER-001025,f8e9c935602a62e6215baaf568ba4e08834168c9,60,M,nexvox/engineering/manifests/corpus-manifest.yaml,33e668f4c77bd008c19540da35ff600719a346da,8d0b6d7b8d3ae3fed0710c1ed95ca93bd9511e3ced97f7f34e6027ca97d96b62,517,18,REFERENCE_ONLY,NexVox generated projection excluded to prevent recursive training duplication
CWTV-FVER-001026,f8e9c935602a62e6215baaf568ba4e08834168c9,60,M,nexvox/engineering/manifests/sync-state.yaml,ac75758114cf840adb0fbf2708ff8e7aac2ed3e7,240445a46678b011f71690ce9db73f14b98e48c45dababa920030754f7e916d1,353,9,REFERENCE_ONLY,NexVox generated projection excluded to prevent recursive training duplication
CWTV-FVER-001027,f8e9c935602a62e6215baaf568ba4e08834168c9,60,M,nexvox/engineering/narratives/architecture-decisions.md,a12067e2c1d4ede60785618070b2e39752ecd8f8,94ab7d23819ea4ef5ff3b659f9ea27a1505d7d840e617fb726f4fc85e86b375f,8777,65,REFERENCE_ONLY,NexVox generated projection excluded to prevent recursive training duplication
CWTV-FVER-001028,f8e9c935602a62e6215baaf568ba4e08834168c9,60,M,nexvox/engineering/narratives/engineering-history.md,f52366dbe63c31978e0da0721e73cf5f745c0280,3a355f35977f1b8a8bc87a643cac9785d37fe233092258e01f6d33267b421fbd,5683,90,REFERENCE_ONLY,NexVox generated projection excluded to prevent recursive training duplication
CWTV-FVER-001029,f8e9c935602a62e6215baaf568ba4e08834168c9,60,M,nexvox/engineering/narratives/engineering-methods.md,9cf7b47dad34486a5ddf4f50963183ca1b11733b,d524cfcea96f0876d1006f892ea5a806d718b71662b0e240dcdb9c4dfdc9ad35,888,15,REFERENCE_ONLY,NexVox generated projection excluded to prevent recursive training duplication
CWTV-FVER-001030,f8e9c935602a62e6215baaf568ba4e08834168c9,60,M,nexvox/engineering/narratives/failures-corrections-lessons.md,ef8ac7025028e657fb2b88f1e833e61aadc1010c,d34ea045769ffdcd958e483cc7346e0b6d8dc58252e8ee289c8d091a479f75f3,11095,269,REFERENCE_ONLY,NexVox generated projection excluded to prevent recursive training duplication
CWTV-FVER-001031,380d8390fdac6a1b91e47b9e863cb0244e4f568d,61,A,docs/engineering/discovery-delivery/2026-10-05/production-release/android-owner-acceptance.json,cf017081417274c9a58c1c2f7fc64453dd74c96a,3e11e7a15b0f9cfe725c283a8070673010d9f6fb547c1a66354409b2978cfb07,723,25,TRAINING_REVIEW_REQUIRED,mixed human-provided evidence and Codex interpretation require human validation
CWTV-FVER-001032,380d8390fdac6a1b91e47b9e863cb0244e4f568d,61,A,docs/engineering/discovery-delivery/2026-10-05/production-release/chronicle-receipt.json,f48c91ad99e3702ea0d4f4ceac580dee16e3febd,dc2263e44d55ea00b5974b8a0fbebbcd11aa79918f1f2e2b433dfa5e6e4b63d6,543,22,TRAINING_REVIEW_REQUIRED,mixed human-provided evidence and Codex interpretation require human validation
CWTV-FVER-001033,380d8390fdac6a1b91e47b9e863cb0244e4f568d,61,A,docs/engineering/discovery-delivery/2026-10-05/production-release/deployment-receipt.json,6dd66bff79bf36ec7a9caf50aa1a4674c689b009,42b7d65126e0de70642d639b88c76b176c8d1633990580543da022bc3b89ec3e,4193,92,TRAINING_REVIEW_REQUIRED,mixed human-provided evidence and Codex interpretation require human validation
CWTV-FVER-001034,380d8390fdac6a1b91e47b9e863cb0244e4f568d,61,A,docs/engineering/discovery-delivery/2026-10-05/production-release/isolated-genre-browser-proof.json,ea2f8b7f57c04b8d90f73066100f333052700d2e,740b22caecb40aa41c3f61f1b50cf4abf62fd4ccd3370254cbf8d92e7cc16021,623,34,TRAINING_REVIEW_REQUIRED,mixed human-provided evidence and Codex interpretation require human validation
CWTV-FVER-001035,380d8390fdac6a1b91e47b9e863cb0244e4f568d,61,A,docs/engineering/discovery-delivery/2026-10-05/production-release/live-api-acceptance.json,4fc19362e1c7379ce3a551669482d3418f573a5c,b3cb3626b7b6bd78eede89e1f5bce196645a7e549d07ac83997ba02b55c9ca74,22825,842,TRAINING_REVIEW_REQUIRED,mixed human-provided evidence and Codex interpretation require human validation
CWTV-FVER-001036,380d8390fdac6a1b91e47b9e863cb0244e4f568d,61,A,docs/engineering/discovery-delivery/2026-10-05/production-release/live-browser-acceptance.json,f4a8efd8a40890d3be0f8462c5ee50d0901c3902,86c53839895d39aec2d30b983c1f8712ea1829c1d170b245f34f83b8779d85cb,4542,190,TRAINING_REVIEW_REQUIRED,mixed human-provided evidence and Codex interpretation require human validation
CWTV-FVER-001037,380d8390fdac6a1b91e47b9e863cb0244e4f568d,61,A,docs/engineering/discovery-delivery/2026-10-05/production-release/release-history.md,83306a0a99aaa21f813a9bf61a96511d178086b8,55fb8b1ffe725fdc9c2bc9ea2a1a2bea74cede8aa864f050d5647e59e0fcd33d,4010,17,TRAINING_REVIEW_REQUIRED,mixed human-provided evidence and Codex interpretation require human validation
CWTV-FVER-001038,380d8390fdac6a1b91e47b9e863cb0244e4f568d,61,A,docs/engineering/discovery-delivery/2026-10-05/production-release/ssm-activation.json,27c855b482a2a174c3e411f352beae20e8bdc8ad,86cd5ef6a311667ac9b4f31aa17da160990755318bdd3af5bee90e64f8e1b094,2330,33,TRAINING_REVIEW_REQUIRED,mixed human-provided evidence and Codex interpretation require human validation
CWTV-FVER-001039,380d8390fdac6a1b91e47b9e863cb0244e4f568d,61,A,docs/engineering/discovery-delivery/2026-10-05/production-release/ssm-build-audit-log.json,dcb1707d30f88cb5aa7aadda43f61782219e4913,3f6d35b5ad2743ef4050782ee5e99e330f115c610ae60a348c95db3c59e46764,3064,33,TRAINING_REVIEW_REQUIRED,mixed human-provided evidence and Codex interpretation require human validation
CWTV-FVER-001040,380d8390fdac6a1b91e47b9e863cb0244e4f568d,61,A,docs/engineering/discovery-delivery/2026-10-05/production-release/ssm-build.json,c96b41d1ae4e0b75332b1547c913112affdd80ef,484a2507358af236f2e970a38f847347bdb37215ddd3cd8f1d3c5040ef4ca4f1,2030,33,TRAINING_REVIEW_REQUIRED,mixed human-provided evidence and Codex interpretation require human validation
CWTV-FVER-001041,380d8390fdac6a1b91e47b9e863cb0244e4f568d,61,A,docs/engineering/discovery-delivery/2026-10-05/production-release/ssm-post-deployment-proof.json,dac620e6fd90671c21caa4b465dc05e270ca15c8,da91344fe81ac6f1c32bd6723b0978be501b78f81b2aac0057ff2e4b6ab6a7fb,1613,33,TRAINING_REVIEW_REQUIRED,mixed human-provided evidence and Codex interpretation require human validation
CWTV-FVER-001042,380d8390fdac6a1b91e47b9e863cb0244e4f568d,61,A,docs/engineering/discovery-delivery/2026-10-05/production-release/ssm-preflight.json,364bb8ca7a7d6aea0a73b41d791315ec9e3c14a4,b4a7af4236ef29e72ab211b4a5fd9d4c3916b9fa59cf888a1c6323f0e6df9068,1667,35,TRAINING_REVIEW_REQUIRED,mixed human-provided evidence and Codex interpretation require human validation
CWTV-FVER-001043,380d8390fdac6a1b91e47b9e863cb0244e4f568d,61,A,docs/engineering/discovery-delivery/2026-10-05/production-release/ssm-runtime-selector.json,ff8f67727729113dbddad92d7b51ba00e9696eb1,7f7e611fae119063b0e613e33a5b14b694242861a8ede8ae61e9c28cb6906967,1831,33,TRAINING_REVIEW_REQUIRED,mixed human-provided evidence and Codex interpretation require human validation
CWTV-FVER-001044,380d8390fdac6a1b91e47b9e863cb0244e4f568d,61,M,docs/progress/CineWatch_TV_Engineering_Chronicle.md,3f9b139c3f585425411162d2cdd8c4402966d1b9,86df8f145bd141afc82a624dce7dc02cebc74501dbcfcfb52f6b3740c0378e3b,82053,364,REFERENCE_ONLY,canonical/reference/generated artifact retained for provenance but excluded from training text
CWTV-FVER-001045,380d8390fdac6a1b91e47b9e863cb0244e4f568d,61,M,docs/progress/activity/engineering-events.jsonl,bfbb4e2d563078b6c2633d35505bbba9af1074e9,52a3f5bc96e9ab056f09a2e201c52de710aec6f7421dba2f8117c56b7a67a0f1,183614,213,TRAINING_ELIGIBLE,"CineWatch-owned source, test, governance, or engineering documentation"
CWTV-FVER-001046,380d8390fdac6a1b91e47b9e863cb0244e4f568d,61,M,docs/progress/dashboard/progress-data.json,0100a2e353530e6d32562a7ec28af81eaec9db89,2d394fd0e2ddffe0103267d207633035dae0ede71ab490c3ee4c565b35b28099,334964,7967,REFERENCE_ONLY,canonical/reference/generated artifact retained for provenance but excluded from training text
CWTV-FVER-001047,fdc8fecb3e3f206b1567ad1d50063fc77ebe5a8d,62,M,nexvox/engineering/DATASET_CARD.md,f2d4f7c94053e1448d68da947dc7a8ea98797fc6,5d8354ac7d8c14590aca573eec9f51a3ef85360880fc3aeaf70a72a48bcc9eca,1508,37,REFERENCE_ONLY,NexVox generated projection excluded to prevent recursive training duplication
CWTV-FVER-001048,fdc8fecb3e3f206b1567ad1d50063fc77ebe5a8d,62,M,nexvox/engineering/checksums.sha256,195be49aaf9be3ff11943fc0dc3ab1fd36a85c88,191748d1f1b75ee156ded9107f3d9628679f8e882cee0445ba849a38f190ed17,2696,,REFERENCE_ONLY,NexVox generated projection excluded to prevent recursive training duplication
CWTV-FVER-001049,fdc8fecb3e3f206b1567ad1d50063fc77ebe5a8d,62,M,nexvox/engineering/datasets/commit-changes.csv,eba2ba2b9d59c7ae6ae415b6d40ed551f0ae87fa,a62d6692a74b21d1ba12a8b3b0a4a4181d8a54943a4dad7291a3415b29dda57d,138342,,REFERENCE_ONLY,NexVox generated projection excluded to prevent recursive training duplication
CWTV-FVER-001050,fdc8fecb3e3f206b1567ad1d50063fc77ebe5a8d,62,M,nexvox/engineering/datasets/commits.csv,8813ed72879075966178fc0a0454b94e90231232,c9ec9eade2fa9a80e5fd8c21b763afbd7c31bb8b7ea26486d36f4bf5263d84c5,14281,,REFERENCE_ONLY,NexVox generated projection excluded to prevent recursive training duplication
CWTV-FVER-001051,fdc8fecb3e3f206b1567ad1d50063fc77ebe5a8d,62,M,nexvox/engineering/datasets/decisions.csv,e7c0b644bf9c4730ceb56df59d62fc9c2cc42d92,fd80ed4d160a9e30a91711b4cd6a981f6ecbf6ab331eb21642790511e56aa07d,9307,,REFERENCE_ONLY,NexVox generated projection excluded to prevent recursive training duplication
CWTV-FVER-001052,fdc8fecb3e3f206b1567ad1d50063fc77ebe5a8d,62,M,nexvox/engineering/datasets/failure-correction-chains.csv,346f50699dc2fe183f23fd3d987dfb9e74447f73,dd4d7a264369ecc20ed33e577afacce9ff57f0bbb6842e41ec594b56907a9e4f,18793,,REFERENCE_ONLY,NexVox generated projection excluded to prevent recursive training duplication
CWTV-FVER-001053,fdc8fecb3e3f206b1567ad1d50063fc77ebe5a8d,62,M,nexvox/engineering/datasets/history-records.jsonl,a40114b6bdf4e6ca38fba6a32e6e544c3de02113,7bb3fdec011647f3c2f29a0a8c756b9d6473e53f369d570c1feddef5210d79f8,2475658,547,REFERENCE_ONLY,NexVox generated projection excluded to prevent recursive training duplication
CWTV-FVER-001054,fdc8fecb3e3f206b1567ad1d50063fc77ebe5a8d,62,M,nexvox/engineering/datasets/knowledge-records.jsonl,bc4a9adaec2dd9f60e7fed7e68b1304299818080,9142c68380126c0907e6b27909eb7fed98fcd144be223dc01182de8cdf1a34dd,2052843,735,REFERENCE_ONLY,NexVox generated projection excluded to prevent recursive training duplication
CWTV-FVER-001055,fdc8fecb3e3f206b1567ad1d50063fc77ebe5a8d,62,M,nexvox/engineering/datasets/milestones.csv,24136d5305fcdcef67261c801fd0f4596442b28d,607086617e2b916a937b4b0fc02b44924cf3d8662aad026a68dbb8af6ae212d1,1991,,REFERENCE_ONLY,NexVox generated projection excluded to prevent recursive training duplication
CWTV-FVER-001056,fdc8fecb3e3f206b1567ad1d50063fc77ebe5a8d,62,M,nexvox/engineering/datasets/qualifications.csv,6b559029a11d598acb6ccaa9e40f40d5fa033f96,577dacb6c16bffa2b59b9606623a240507add87fccddc0f0a3669675095153b5,10467,,REFERENCE_ONLY,NexVox generated projection excluded to prevent recursive training duplication
CWTV-FVER-001057,fdc8fecb3e3f206b1567ad1d50063fc77ebe5a8d,62,M,nexvox/engineering/datasets/repository-file-versions.csv,f41ac31e776dd2ec054d381f9b8c91a37539b4a7,4dfead7d3dc410e73c26149a5132b7a12c20c1cd10a4e26d063cb8c628ca50f8,332915,,REFERENCE_ONLY,NexVox generated projection excluded to prevent recursive training duplication
CWTV-FVER-001058,fdc8fecb3e3f206b1567ad1d50063fc77ebe5a8d,62,M,nexvox/engineering/datasets/repository-files.csv,54504c0683583ad13a6855f1185d01e024ab9bbf,f85b813c094a9770a34c2a7ab1ded87b3c50c8cd98df0be4b502ad1fd2bd9185,132740,,REFERENCE_ONLY,NexVox generated projection excluded to prevent recursive training duplication
CWTV-FVER-001059,fdc8fecb3e3f206b1567ad1d50063fc77ebe5a8d,62,M,nexvox/engineering/datasets/source-reconciliations.csv,4c677e88f0e27664542a8c1a4e258ab41d5f0198,87e9340e86b83f1e17e452701f51d00d6c1d54d0a1dc70bcca0e9360cf8c62c1,3918,,REFERENCE_ONLY,NexVox generated projection excluded to prevent recursive training duplication
CWTV-FVER-001060,fdc8fecb3e3f206b1567ad1d50063fc77ebe5a8d,62,M,nexvox/engineering/manifests/corpus-manifest.yaml,f813adfe7110ede083697499d5c248f0ef7a8af5,3951cc61e2b2a6968d92f0c952dc71c6962e560aabf0f4a6d0cc7b82c3b75997,517,18,REFERENCE_ONLY,NexVox generated projection excluded to prevent recursive training duplication
CWTV-FVER-001061,fdc8fecb3e3f206b1567ad1d50063fc77ebe5a8d,62,M,nexvox/engineering/manifests/sync-state.yaml,87be7779be6a7990d0f5ab1109c2b07d70ca573c,0f329a219e589ae72cb4a7e1f19037f2657396e82e675241e670bf8f21471a2e,353,9,REFERENCE_ONLY,NexVox generated projection excluded to prevent recursive training duplication
CWTV-FVER-001062,fdc8fecb3e3f206b1567ad1d50063fc77ebe5a8d,62,M,nexvox/engineering/narratives/architecture-decisions.md,fbc9c5fd32e09bf8acf9fc7bef4d8b7720a90264,587126aeafc3592dded17e6dcf3b51932f7116ddd9afa66cd286a193244a35ac,8777,65,REFERENCE_ONLY,NexVox generated projection excluded to prevent recursive training duplication
CWTV-FVER-001063,fdc8fecb3e3f206b1567ad1d50063fc77ebe5a8d,62,M,nexvox/engineering/narratives/engineering-history.md,d29e43d14b4f31c83819c8b14be7bcc70d3a4142,17ad18b7a2565a994addcac574e1dd93c6820e78fcd4c14f51d9df94d24b53e5,5859,92,REFERENCE_ONLY,NexVox generated projection excluded to prevent recursive training duplication
CWTV-FVER-001064,fdc8fecb3e3f206b1567ad1d50063fc77ebe5a8d,62,M,nexvox/engineering/narratives/engineering-methods.md,b58140a28fed789c6d5b32de8111efbc414593c0,3b131d15739df99fe8e57acad82b2973e42d8f6c85a4db8efd73a3155b71e24b,888,15,REFERENCE_ONLY,NexVox generated projection excluded to prevent recursive training duplication
CWTV-FVER-001065,fdc8fecb3e3f206b1567ad1d50063fc77ebe5a8d,62,M,nexvox/engineering/narratives/failures-corrections-lessons.md,6924ca0b3d3b43d76a456f984be951692a3a652e,f31672c3f7260385dd0d4410fc648446eae34fb3b4906c0cff1c70a4acc84ef0,12037,285,REFERENCE_ONLY,NexVox generated projection excluded to prevent recursive training duplication
CWTV-FVER-001066,2fabbc96ed40ae77d5eec834defca9e8b0f24774,63,M,apps/web/package.json,cba7e8e87d83ec2a210d1a9666f48d1281d31e71,68336084e30913e0af7f86f0db5057450ea69474da75190b51389ac0b3bc05f6,757,33,TRAINING_ELIGIBLE,"CineWatch-owned source, test, governance, or engineering documentation"
CWTV-FVER-001067,2fabbc96ed40ae77d5eec834defca9e8b0f24774,63,M,apps/web/src/components/site/UnderDevelopmentPanel.tsx,1620086c207557f0314a7bc2a624ff8543766ff9,c8b66d7fe24486b3aa1a7f64b94a357952902f6f47a857fda6b9f7897ba6ae33,2052,40,TRAINING_ELIGIBLE,"CineWatch-owned source, test, governance, or engineering documentation"
CWTV-FVER-001068,2fabbc96ed40ae77d5eec834defca9e8b0f24774,63,A,docs/engineering/privacy-live-test/2026-10-08/authority-and-scope.md,8d3f08688b6fb819404a79a6af43c73b2f1dcde7,9fa2422026f924f691d98b1590af67cefb548701243493105d95eeba3039590c,4219,19,TRAINING_ELIGIBLE,"CineWatch-owned source, test, governance, or engineering documentation"
CWTV-FVER-001069,2fabbc96ed40ae77d5eec834defca9e8b0f24774,63,A,docs/engineering/privacy-live-test/2026-10-08/lock-entry-diff.json,2456de18a614799b2595aa7cbcebd4c716ab0329,117e7fefb92bd2530dab5ee034413b2edc7ae020569be080675345da56198b95,50133,1759,TRAINING_ELIGIBLE,"CineWatch-owned source, test, governance, or engineering documentation"
CWTV-FVER-001070,2fabbc96ed40ae77d5eec834defca9e8b0f24774,63,A,docs/engineering/privacy-live-test/2026-10-08/next-advisory-github.json,bb74552d9707b8dda45f4d3db7d431ff2ed994b3,367436813d92cbd3dd97cfdd84ff2974a5ab460d0ec6393fc042a491555dc849,2149,1,TRAINING_ELIGIBLE,"CineWatch-owned source, test, governance, or engineering documentation"
CWTV-FVER-001071,2fabbc96ed40ae77d5eec834defca9e8b0f24774,63,A,docs/engineering/privacy-live-test/2026-10-08/npm-production-after.json,e0d9fe27e9e74f7bd7999ee4e0b8b48ec9be028d,80e0ef4d90f9347353ae86fcef3588edefcc82e8b61fe85e2385d98e20cbdf6f,364,22,TRAINING_ELIGIBLE,"CineWatch-owned source, test, governance, or engineering documentation"
CWTV-FVER-001072,2fabbc96ed40ae77d5eec834defca9e8b0f24774,63,A,docs/engineering/privacy-live-test/2026-10-08/sharp-advisory-github.json,fc64de6f55e87ee701e8f481639d40d3f447da55,f5230a33e96a5930b84f822c83d53f1193727705724b9027def30fea58c10a5a,2607,1,TRAINING_ELIGIBLE,"CineWatch-owned source, test, governance, or engineering documentation"
CWTV-FVER-001073,2fabbc96ed40ae77d5eec834defca9e8b0f24774,63,A,docs/engineering/privacy-live-test/2026-10-08/source-map-advisory-github.json,cbd0cfe38d990cb3c8a7b7ec1a6584bec7355d1b,eb21a14220bff681c7e5054d9da233b82d9358e916ecef4d7549e01e2f0d3389,2330,1,TRAINING_ELIGIBLE,"CineWatch-owned source, test, governance, or engineering documentation"
CWTV-FVER-001074,2fabbc96ed40ae77d5eec834defca9e8b0f24774,63,A,docs/engineering/privacy-live-test/2026-10-08/source-qualification.json,43269443226cd2913f8cebfc480ddbfed19a5d96,79b634b3f92d3f2ab316e107d5ac8a18773301e77e05ce061f0a31ae4546681a,5205,142,TRAINING_ELIGIBLE,"CineWatch-owned source, test, governance, or engineering documentation"
CWTV-FVER-001075,2fabbc96ed40ae77d5eec834defca9e8b0f24774,63,M,docs/progress/CineWatch_TV_Engineering_Chronicle.md,b4c2abc40e6e3e769e2e4cbc179eecd06aabc63f,b64e735169f5fbde5fb15f6f457b571996080e9d6a63572e6500735490cb993b,94757,433,REFERENCE_ONLY,canonical/reference/generated artifact retained for provenance but excluded from training text
CWTV-FVER-001076,2fabbc96ed40ae77d5eec834defca9e8b0f24774,63,M,docs/progress/activity/engineering-events.jsonl,860d52d926528bcf4ad572440f917c612f040807,f8e30e90c35b4581dc435f4662d7315d9a44fc8f1c0d20b194189cec4fb6afef,231891,276,TRAINING_ELIGIBLE,"CineWatch-owned source, test, governance, or engineering documentation"
CWTV-FVER-001077,2fabbc96ed40ae77d5eec834defca9e8b0f24774,63,M,docs/progress/dashboard/progress-data.json,90c09f1c5bd84a913fd5cfd9cbe08f66dc821983,88deb0ee4e072476f85b25cedfbd641baa0fb67f266a3731e18049fb6e4e0dc6,401049,9640,REFERENCE_ONLY,canonical/reference/generated artifact retained for provenance but excluded from training text
CWTV-FVER-001078,2fabbc96ed40ae77d5eec834defca9e8b0f24774,63,M,package-lock.json,df060f17702b4580fff684936697fff921251711,22613b2f8f33d1a1cf54d27c00b67d14871c769abe6fa27cdb373ca8c3de6e4a,234129,6729,REFERENCE_ONLY,canonical/reference/generated artifact retained for provenance but excluded from training text
CWTV-FVER-001079,2fabbc96ed40ae77d5eec834defca9e8b0f24774,63,M,scripts/check_frontend_skeleton.py,dc76bdd6892d1daab8d15acf441336f0ab6c35be,c89ebe570b4e1191660e8542b894e121600067079e8f502dcb1d743ece80fcf0,7065,180,TRAINING_ELIGIBLE,"CineWatch-owned source, test, governance, or engineering documentation"
CWTV-FVER-001080,a3a07350ddb56c3e220a9e8698a3ef35670196eb,64,M,nexvox/engineering/DATASET_CARD.md,21102093dc005f655b64b616d546cae0b1ec9efa,b7f154fab48dc6170a80c9667360f3801a30dc25dc95ec763f27eec268de711c,1508,37,REFERENCE_ONLY,NexVox generated projection excluded to prevent recursive training duplication
CWTV-FVER-001081,a3a07350ddb56c3e220a9e8698a3ef35670196eb,64,M,nexvox/engineering/checksums.sha256,8bc2771a7e7eac02561d36d4eb3b094153da5743,a83f4b42c022bdb9296efacd8ebfd8ac8312ef58428fdbe440e82ce8898f9ae8,2696,,REFERENCE_ONLY,NexVox generated projection excluded to prevent recursive training duplication
CWTV-FVER-001082,a3a07350ddb56c3e220a9e8698a3ef35670196eb,64,M,nexvox/engineering/datasets/commit-changes.csv,4f0b997c108634a163dc43277b5da46051539a52,ad97dedbebe8b99b28ea437ec8b4896b829000bf59c623392e03a23914c2cc69,142823,,REFERENCE_ONLY,NexVox generated projection excluded to prevent recursive training duplication
CWTV-FVER-001083,a3a07350ddb56c3e220a9e8698a3ef35670196eb,64,M,nexvox/engineering/datasets/commits.csv,3135c3072024867fdfd1f718ac2459665fd89dad,df989158bdec9302b07ce91771036a2112d22fdd9136f7ae6065b446bcd299f1,14771,,REFERENCE_ONLY,NexVox generated projection excluded to prevent recursive training duplication
CWTV-FVER-001084,a3a07350ddb56c3e220a9e8698a3ef35670196eb,64,M,nexvox/engineering/datasets/decisions.csv,91c8ad1425a452c08f5a04f8d6107a043e764692,9d9b464d3a807d73281020304824b4d471b8462d70a4a1b5328819a3ae871c4b,9307,,REFERENCE_ONLY,NexVox generated projection excluded to prevent recursive training duplication
CWTV-FVER-001085,a3a07350ddb56c3e220a9e8698a3ef35670196eb,64,M,nexvox/engineering/datasets/dependencies.csv,5aa7fc14589c957b7898bfba8f869d5f51735077,a01ed8951a9c6fd20db3f0d525c83b2e4781ce152c30b84802edf266691e5ac1,93167,,REFERENCE_ONLY,NexVox generated projection excluded to prevent recursive training duplication
CWTV-FVER-001086,a3a07350ddb56c3e220a9e8698a3ef35670196eb,64,M,nexvox/engineering/datasets/failure-correction-chains.csv,31894b42532272887bad4d866d02f941db5654d2,0fa3318bf3d738c182ed3cb3ec81f149e48551df723ffc701d15cd46152d6655,22984,,REFERENCE_ONLY,NexVox generated projection excluded to prevent recursive training duplication
CWTV-FVER-001087,a3a07350ddb56c3e220a9e8698a3ef35670196eb,64,M,nexvox/engineering/datasets/history-records.jsonl,4ed12b4e9a5b9236b9d8c2d0ebf116f3411f20df,a9fb88cdd908c7d387de76a6dd9b5f8ae9fddf39c6880e0369a9ae1b91488981,2618506,558,REFERENCE_ONLY,NexVox generated projection excluded to prevent recursive training duplication
CWTV-FVER-001088,a3a07350ddb56c3e220a9e8698a3ef35670196eb,64,M,nexvox/engineering/datasets/knowledge-records.jsonl,65cfd21c3cc2c957e67d82bea7793e2de06315f4,a237fe708dc3e8764baee459e06d84a26280226d3303a8d13bd29d924a9e005c,2196651,772,REFERENCE_ONLY,NexVox generated projection excluded to prevent recursive training duplication
CWTV-FVER-001089,a3a07350ddb56c3e220a9e8698a3ef35670196eb,64,M,nexvox/engineering/datasets/milestones.csv,eb62b18905c4687988a16405463d3413fd282b03,e2edc0f19c7f7500189e08b9d9d156b8c8aad4ca52a3062f37c683ff440f5718,2106,,REFERENCE_ONLY,NexVox generated projection excluded to prevent recursive training duplication
CWTV-FVER-001090,a3a07350ddb56c3e220a9e8698a3ef35670196eb,64,M,nexvox/engineering/datasets/qualifications.csv,012c32aba8864d9c22d7f627fdbb4f0c884595a0,48542e3cc520ad90e68b06680b9fa3f67efe124021887fb88c08f9cf30c9f594,16795,,REFERENCE_ONLY,NexVox generated projection excluded to prevent recursive training duplication
CWTV-FVER-001091,a3a07350ddb56c3e220a9e8698a3ef35670196eb,64,M,nexvox/engineering/datasets/repository-file-versions.csv,60e9c7ddf7eda0c060fc9fdf8b23bded9cd69c4f,bbd4e50fd13cfabf52e45d476e0ee29b07e617092354f42debf40aaaa00d6418,343587,,REFERENCE_ONLY,NexVox generated projection excluded to prevent recursive training duplication
CWTV-FVER-001092,a3a07350ddb56c3e220a9e8698a3ef35670196eb,64,M,nexvox/engineering/datasets/repository-files.csv,245e163afa126f9f20a52292caf8a053991d3041,6f8915a69534902049beb0e96411eb85710be1ac29df8af3dbf7d845f7a2424d,135089,,REFERENCE_ONLY,NexVox generated projection excluded to prevent recursive training duplication
CWTV-FVER-001093,a3a07350ddb56c3e220a9e8698a3ef35670196eb,64,M,nexvox/engineering/datasets/source-reconciliations.csv,1386ced1f5fd17950d453062e0c7d57ceb21343d,889c996240f7caf01f541e1665baaa1c871ff9adf03bac6a3a3c9e8d3fad2c21,3918,,REFERENCE_ONLY,NexVox generated projection excluded to prevent recursive training duplication
CWTV-FVER-001094,a3a07350ddb56c3e220a9e8698a3ef35670196eb,64,M,nexvox/engineering/manifests/corpus-manifest.yaml,0578ee2a4fd66a1e9b7c0f8f42c9f970c5bf7bf5,ea90b6a9238de998eb25310e834c6eb017d444a804095270e88a1750b8844634,517,18,REFERENCE_ONLY,NexVox generated projection excluded to prevent recursive training duplication
CWTV-FVER-001095,a3a07350ddb56c3e220a9e8698a3ef35670196eb,64,M,nexvox/engineering/manifests/sync-state.yaml,ad3a2714306cd36f83221d71f1e092010553fdf8,b35ea798bb0e790bc53086c3fd7fa02d7673f82443d228c36ec204984128488d,353,9,REFERENCE_ONLY,NexVox generated projection excluded to prevent recursive training duplication
CWTV-FVER-001096,a3a07350ddb56c3e220a9e8698a3ef35670196eb,64,M,nexvox/engineering/narratives/architecture-decisions.md,59feebb362b1872cb0455c2c9e2d0465935e486f,9df3f7811b713547402b7274d25d7ddaddeb0c69ef6d4339a617f5571c127b11,8777,65,REFERENCE_ONLY,NexVox generated projection excluded to prevent recursive training duplication
CWTV-FVER-001097,a3a07350ddb56c3e220a9e8698a3ef35670196eb,64,M,nexvox/engineering/narratives/engineering-history.md,160ba3741aa5f75aa84ecd6175acbc94c78e4c97,79283596f2dd8c78130cd653f5e4985f4a092cb2b4d576c3bd9a79083bb8cf6c,6096,95,REFERENCE_ONLY,NexVox generated projection excluded to prevent recursive training duplication
CWTV-FVER-001098,a3a07350ddb56c3e220a9e8698a3ef35670196eb,64,M,nexvox/engineering/narratives/engineering-methods.md,c3ee546fb26d5289ec2043c91ff9e11f95a5f917,9b6c3068f11a947d23a9921f90ba114ebfd5f7cf299ea0645ac084cb14357a99,888,15,REFERENCE_ONLY,NexVox generated projection excluded to prevent recursive training duplication
CWTV-FVER-001099,a3a07350ddb56c3e220a9e8698a3ef35670196eb,64,M,nexvox/engineering/narratives/failures-corrections-lessons.md,3ff957390ded7f55d751bdfc1fab4187e4bd754e,62765b63c98acb1cef131939d028b57c359a9f064774c64fa9c1c352722f7700,14471,333,REFERENCE_ONLY,NexVox generated projection excluded to prevent recursive training duplication
CWTV-FVER-001100,100ba8ed7a1109bc416285748d7cd046728346bb,65,A,docs/engineering/privacy-live-test/2026-10-08/first-main-ci.json,f4cf4a3f9ebcba2a07c9ab4bf3837329e2711e64,0fc9797450a0b860934fe8ddf191790b5e01297efd1fab85f514791a039749ea,6572,247,TRAINING_ELIGIBLE,"CineWatch-owned source, test, governance, or engineering documentation"
CWTV-FVER-001101,100ba8ed7a1109bc416285748d7cd046728346bb,65,M,docs/progress/CineWatch_TV_Engineering_Chronicle.md,fc67aa6ee1c2af11448d65edac73dfd6fb02e45d,24fcd18a982d95b29173377791ae620e71b6a8b78628c3c60e15de58021cfd4e,97791,442,REFERENCE_ONLY,canonical/reference/generated artifact retained for provenance but excluded from training text
CWTV-FVER-001102,100ba8ed7a1109bc416285748d7cd046728346bb,65,M,docs/progress/activity/engineering-events.jsonl,2191c831aa86683641fbce2726ca79eeb7139726,93ad0a2dcdfd4264fdbf8ba07dba9749d5ab63ab89c0713c261bdd38911835a3,237361,282,TRAINING_ELIGIBLE,"CineWatch-owned source, test, governance, or engineering documentation"
CWTV-FVER-001103,100ba8ed7a1109bc416285748d7cd046728346bb,65,M,docs/progress/dashboard/progress-data.json,a6186e79d5c5a72b98cec841f0834e510439103e,2f4c3bdb0cbef1e07f5cb0c12baf09b860b40c40dee7ac66d58be6c51e11c02c,410941,9846,REFERENCE_ONLY,canonical/reference/generated artifact retained for provenance but excluded from training text
CWTV-FVER-001104,80c919789c711cb3b45d5be089a65e8490d1dbe4,66,M,nexvox/engineering/DATASET_CARD.md,83deb42580a0d259de03700728662d2a84d9ce7b,fd93dce40bb0340bd0752097ff7df0c5e8a661c867d4b7397bd976aff809e96c,1508,37,REFERENCE_ONLY,NexVox generated projection excluded to prevent recursive training duplication
CWTV-FVER-001105,80c919789c711cb3b45d5be089a65e8490d1dbe4,66,M,nexvox/engineering/checksums.sha256,b1052430ae0258e26249ae38bdbeac3042d2e6ee,e6d8c9b6217d3f038f4f2ce671ea3f8539451777f5258345e6cfcf0448903603,2696,,REFERENCE_ONLY,NexVox generated projection excluded to prevent recursive training duplication
CWTV-FVER-001106,80c919789c711cb3b45d5be089a65e8490d1dbe4,66,M,nexvox/engineering/datasets/commit-changes.csv,d6f62381f1d8d58dadbf6dd62ec80b4267be108f,c151955ba7fec44b0c1aa4e845bdfe904fd0d62c0a5582c286b3f33017805b21,146006,,REFERENCE_ONLY,NexVox generated projection excluded to prevent recursive training duplication
CWTV-FVER-001107,80c919789c711cb3b45d5be089a65e8490d1dbe4,66,M,nexvox/engineering/datasets/commits.csv,e311b710db5dd0d2bde86ad1520d1435797eded6,4a239f381b88ec992ed6dfb6a471f2b8ba4e9e8e36f86016542d1cf788b993c1,15256,,REFERENCE_ONLY,NexVox generated projection excluded to prevent recursive training duplication
CWTV-FVER-001108,80c919789c711cb3b45d5be089a65e8490d1dbe4,66,M,nexvox/engineering/datasets/decisions.csv,c75284092d830efa44d1e7e212a90b6084a12fed,2da779372b6537fb60ec98acd73f8c100e1b1e70fa162d1cb1d46e28044839c7,9307,,REFERENCE_ONLY,NexVox generated projection excluded to prevent recursive training duplication
CWTV-FVER-001109,80c919789c711cb3b45d5be089a65e8490d1dbe4,66,M,nexvox/engineering/datasets/failure-correction-chains.csv,7358a28ce57cd0da2124951d23c3fb0fc2adb77c,4e37b4199889308ea7890ad30ee3bd447f3cfd5abbae77feb137bf9627450873,24508,,REFERENCE_ONLY,NexVox generated projection excluded to prevent recursive training duplication
CWTV-FVER-001110,80c919789c711cb3b45d5be089a65e8490d1dbe4,66,M,nexvox/engineering/datasets/history-records.jsonl,50219090ab723a7994019d1d3d733ed3106f96f6,c9aa7e693eead2abca3e94d3fd39e11929d74f7117a7ed17879cdc44d7cad333,2636309,560,REFERENCE_ONLY,NexVox generated projection excluded to prevent recursive training duplication
CWTV-FVER-001111,80c919789c711cb3b45d5be089a65e8490d1dbe4,66,M,nexvox/engineering/datasets/knowledge-records.jsonl,00d01489c54557dcb9193b03eb1b92dbe80f7687,d3d43ac7b8c8d5373830c8be97879bf3298bf211f72d0bd8590458c7698849a9,2212274,777,REFERENCE_ONLY,NexVox generated projection excluded to prevent recursive training duplication
CWTV-FVER-001112,80c919789c711cb3b45d5be089a65e8490d1dbe4,66,M,nexvox/engineering/datasets/milestones.csv,dc2cd7a2ab77b9f2d6230690f2ca37e8efd54814,e582acfb1229c3b3b9828a5b07a663224de2a97034bceac72f1fb5fb6fd199ee,2097,,REFERENCE_ONLY,NexVox generated projection excluded to prevent recursive training duplication
CWTV-FVER-001113,80c919789c711cb3b45d5be089a65e8490d1dbe4,66,M,nexvox/engineering/datasets/repository-file-versions.csv,31a66a46dcc1d87605563cf653c2440df4b44096,734198341d5397a8beaf019ec16b69c1294b4b0df8fb72b8f7c7132c83942702,351304,,REFERENCE_ONLY,NexVox generated projection excluded to prevent recursive training duplication
CWTV-FVER-001114,80c919789c711cb3b45d5be089a65e8490d1dbe4,66,M,nexvox/engineering/datasets/repository-files.csv,d9574add6d240ee8954574a725e73ffedae65215,d309a16a7330825188ef142cf36eb6a7176679a121cd7135dd90a6bc91476046,135418,,REFERENCE_ONLY,NexVox generated projection excluded to prevent recursive training duplication
CWTV-FVER-001115,80c919789c711cb3b45d5be089a65e8490d1dbe4,66,M,nexvox/engineering/datasets/source-reconciliations.csv,7b1b58769ed7e91fb4b8d12f5d441b9cc8b1d44c,4d4245ab3d8624802b2d6f437e8924c08f62a40d39ce9bd908020dcf24599d8a,3918,,REFERENCE_ONLY,NexVox generated projection excluded to prevent recursive training duplication
CWTV-FVER-001116,80c919789c711cb3b45d5be089a65e8490d1dbe4,66,M,nexvox/engineering/manifests/corpus-manifest.yaml,0d40bd15a04c2a544841c0290ce94b5d5572d9b2,fa9b54da354ce232f06c134ef8480735555aa9b252abdb99bd7177da60c6e59c,517,18,REFERENCE_ONLY,NexVox generated projection excluded to prevent recursive training duplication
CWTV-FVER-001117,80c919789c711cb3b45d5be089a65e8490d1dbe4,66,M,nexvox/engineering/manifests/sync-state.yaml,c34e36312ef4cefe14afaa08839b91e759f79388,21f5deff8e2e99328e5d1f5b448ea6a1f151ed1c28ae1b12fedb6a2dbf321e6a,353,9,REFERENCE_ONLY,NexVox generated projection excluded to prevent recursive training duplication
CWTV-FVER-001118,80c919789c711cb3b45d5be089a65e8490d1dbe4,66,M,nexvox/engineering/narratives/architecture-decisions.md,251b1cf072a404084e03246949406820a424bb5b,745d0b9ff53477dee832c0138a89bafdd29229238fc7e1ff4610970ed0547367,8777,65,REFERENCE_ONLY,NexVox generated projection excluded to prevent recursive training duplication
CWTV-FVER-001119,80c919789c711cb3b45d5be089a65e8490d1dbe4,66,M,nexvox/engineering/narratives/engineering-history.md,848607e29d32189a580f84afd1fd9502310349b7,c8c214d5be035c41088702065e17582f6c87f71b2d4082e5ddcbf5e357ba2566,6255,97,REFERENCE_ONLY,NexVox generated projection excluded to prevent recursive training duplication
CWTV-FVER-001120,80c919789c711cb3b45d5be089a65e8490d1dbe4,66,M,nexvox/engineering/narratives/engineering-methods.md,bc9cc5ec7bc5df28de67b93e341e818e48d4df36,f67120e5fe08700797c9a8802e4ebf023736781bd789c1036b000e4f1ed10fa2,888,15,REFERENCE_ONLY,NexVox generated projection excluded to prevent recursive training duplication
CWTV-FVER-001121,80c919789c711cb3b45d5be089a65e8490d1dbe4,66,M,nexvox/engineering/narratives/failures-corrections-lessons.md,bec208a5e1cfb792971b476a37768a03a97e86af,86b193cba3c3d3f55905b10c3bf3bce9473c9623256a624314555cd9f9418d72,15430,349,REFERENCE_ONLY,NexVox generated projection excluded to prevent recursive training duplication
CWTV-FVER-001122,d86b10d1e5d24858dcdc627eaebe055538b3cc2c,67,A,docs/engineering/privacy-live-test/2026-10-08/postrelease-receipt.json,998625663ca97db5550d3874b52d57240e12dafc,83e9d5946cf12d554e1b9a9f5d618edeb7c05a474ea9137324f55e0365364afb,3078,72,TRAINING_ELIGIBLE,"CineWatch-owned source, test, governance, or engineering documentation"
CWTV-FVER-001123,d86b10d1e5d24858dcdc627eaebe055538b3cc2c,67,M,docs/progress/CineWatch_TV_Engineering_Chronicle.md,3ea4b50d2ae70ebbb73b5ffd47f7fc64305f9c91,b6c9e97062eb46b2085d9d86198d796620c5295ea7e82aa07502107a08d5e0fd,102539,456,REFERENCE_ONLY,canonical/reference/generated artifact retained for provenance but excluded from training text
CWTV-FVER-001124,d86b10d1e5d24858dcdc627eaebe055538b3cc2c,67,M,docs/progress/activity/engineering-events.jsonl,44065250aea33667c30a2ce37e00ab807051a654,579f2555cf5a420b4f9e3b86a6726a793d6d010d2fd1d8c18efffaf9e4b4945f,249002,294,TRAINING_ELIGIBLE,"CineWatch-owned source, test, governance, or engineering documentation"
CWTV-FVER-001125,d86b10d1e5d24858dcdc627eaebe055538b3cc2c,67,M,docs/progress/dashboard/progress-data.json,43f211e2347337d501902529d7c3431a4d586c6a,eac01a1afdcbbb49af2278487049cd63134759b4bdfe698156c927b8e83d3430,427393,10221,REFERENCE_ONLY,canonical/reference/generated artifact retained for provenance but excluded from training text
CWTV-FVER-001126,cd909b3fd7efdbc4bdeb8cb38ff3c436d52a085b,68,M,nexvox/engineering/DATASET_CARD.md,d66a7f1efbb2216f5eea13cd959bdb1b9055fa12,8ab8150a9bb47775959affd38b6abda1d8e94976cc3fd4de1d1f8ef8c88e2bc2,1508,37,REFERENCE_ONLY,NexVox generated projection excluded to prevent recursive training duplication
CWTV-FVER-001127,cd909b3fd7efdbc4bdeb8cb38ff3c436d52a085b,68,M,nexvox/engineering/checksums.sha256,c5c2c36d0f90fde56b2e02d5141ff4419f662516,7a4aa8789d364f9f80e9e678f1fffface4ebaf1a418a153707444cbb3b646155,2696,,REFERENCE_ONLY,NexVox generated projection excluded to prevent recursive training duplication
CWTV-FVER-001128,cd909b3fd7efdbc4bdeb8cb38ff3c436d52a085b,68,M,nexvox/engineering/datasets/commit-changes.csv,dcf407fd99cc8e063fcf701e8817974b722a025c,c03c54ee69b17af736d2e2ca6de2031f3be32c04b9eea3bdd590ce53e9382c7e,148938,,REFERENCE_ONLY,NexVox generated projection excluded to prevent recursive training duplication
CWTV-FVER-001129,cd909b3fd7efdbc4bdeb8cb38ff3c436d52a085b,68,M,nexvox/engineering/datasets/commits.csv,41ab101c91ea904dfd45d070f3d7673311832989,7af760dbd4023e506a53a89080ccae839bcdf0e413151dc2b3570c245a50122b,15739,,REFERENCE_ONLY,NexVox generated projection excluded to prevent recursive training duplication
CWTV-FVER-001130,cd909b3fd7efdbc4bdeb8cb38ff3c436d52a085b,68,M,nexvox/engineering/datasets/decisions.csv,206c4d74092e0b31e60dab8c110189b0cac785e1,a7c67ac887aebfde813525d23b379327670c47749a4a427b70d07486e4489feb,9307,,REFERENCE_ONLY,NexVox generated projection excluded to prevent recursive training duplication
CWTV-FVER-001131,cd909b3fd7efdbc4bdeb8cb38ff3c436d52a085b,68,M,nexvox/engineering/datasets/failure-correction-chains.csv,8a76978070f8edddf95aa88604a28be0e06f2667,260480037a68579cc0ecea30514ec5b65d6e9506f296bae83e84aa898b9e6e03,25896,,REFERENCE_ONLY,NexVox generated projection excluded to prevent recursive training duplication
CWTV-FVER-001132,cd909b3fd7efdbc4bdeb8cb38ff3c436d52a085b,68,M,nexvox/engineering/datasets/history-records.jsonl,d5f834060760dc104e3ee541970952503e5dcb77,6412a30d34a1d40a3b73197378e866e8c83b52af9a8c4aa057c386c00a51c3e4,2657073,562,REFERENCE_ONLY,NexVox generated projection excluded to prevent recursive training duplication
CWTV-FVER-001133,cd909b3fd7efdbc4bdeb8cb38ff3c436d52a085b,68,M,nexvox/engineering/datasets/knowledge-records.jsonl,a485be65ea7d30829d11b0720ff8ea1b57e9e2b1,9e4f9daf8fefd95d5f694296191d21a504e4205be6cea4f684b3878a0d44766c,2229992,781,REFERENCE_ONLY,NexVox generated projection excluded to prevent recursive training duplication
CWTV-FVER-001134,cd909b3fd7efdbc4bdeb8cb38ff3c436d52a085b,68,M,nexvox/engineering/datasets/milestones.csv,08701f16db5fe14599f338917fe3f24b1b5490aa,19e5aeda74ef5c2016763d399104109a43c96d01dffa21763b1bcdecbd64939b,2112,,REFERENCE_ONLY,NexVox generated projection excluded to prevent recursive training duplication
CWTV-FVER-001135,cd909b3fd7efdbc4bdeb8cb38ff3c436d52a085b,68,M,nexvox/engineering/datasets/qualifications.csv,347a71d18196f4173553000637cb7e2c1385f0c4,cde24cb1f57dfab23ec2484b1e230d19470eeb5b3a662fd62dc50a44b69d7b9a,17377,,REFERENCE_ONLY,NexVox generated projection excluded to prevent recursive training duplication
CWTV-FVER-001136,cd909b3fd7efdbc4bdeb8cb38ff3c436d52a085b,68,M,nexvox/engineering/datasets/repository-file-versions.csv,eebb4229e6ae8f77b1627e4009aa381fa6a7e5f9,178a3fae18fed6b9ccf17c7e59593f58342673048c4629d4f1d2ff89f1d0cad0,358396,,REFERENCE_ONLY,NexVox generated projection excluded to prevent recursive training duplication
CWTV-FVER-001137,cd909b3fd7efdbc4bdeb8cb38ff3c436d52a085b,68,M,nexvox/engineering/datasets/repository-files.csv,7819e023f614cc0c442c5ab31ffe1f6545243a72,0e06ca7bf4aff5b8a6b4868d933c99b21a9b03172e568fc53c352897b2adfeb5,135754,,REFERENCE_ONLY,NexVox generated projection excluded to prevent recursive training duplication
CWTV-FVER-001138,cd909b3fd7efdbc4bdeb8cb38ff3c436d52a085b,68,M,nexvox/engineering/datasets/source-reconciliations.csv,ac6696788bb6c2381918721a51a13fd8c048fa7a,ea0dc4e9f4ae62bc509e5d4fcf76c880fc4cd59dd72667a0fb6362573f7e6057,3918,,REFERENCE_ONLY,NexVox generated projection excluded to prevent recursive training duplication
CWTV-FVER-001139,cd909b3fd7efdbc4bdeb8cb38ff3c436d52a085b,68,M,nexvox/engineering/manifests/corpus-manifest.yaml,25ad92a1aa0fa4ee4ce836d1404805f132ecfe32,fc58aeacfb63912bcd830dc327f5956b07b559b6f87c42d386ae274e57b8a949,517,18,REFERENCE_ONLY,NexVox generated projection excluded to prevent recursive training duplication
CWTV-FVER-001140,cd909b3fd7efdbc4bdeb8cb38ff3c436d52a085b,68,M,nexvox/engineering/manifests/sync-state.yaml,c3ad461b96c395a212a288883c608c8048dc550f,6a8291c4b0ceda8ab12c5a37544ec84fca0fa7bf13e4503d8aea2c75818c6964,353,9,REFERENCE_ONLY,NexVox generated projection excluded to prevent recursive training duplication
CWTV-FVER-001141,cd909b3fd7efdbc4bdeb8cb38ff3c436d52a085b,68,M,nexvox/engineering/narratives/architecture-decisions.md,6c3a1cd0ac641a70f11e7d9ee37a9a5dd916acda,ddb8ed77ecbc2d823e4f36ef45f568fd5689f03b2b6ff667019d2575348e1e8f,8777,65,REFERENCE_ONLY,NexVox generated projection excluded to prevent recursive training duplication
CWTV-FVER-001142,cd909b3fd7efdbc4bdeb8cb38ff3c436d52a085b,68,M,nexvox/engineering/narratives/engineering-history.md,4c546b25ea338175af3520d8cb4d3f8c7ae9281a,98cae8ddcc5c1a9bbe98042b570b2093d4bc643f97716d254cb8edcceb623aa7,6412,99,REFERENCE_ONLY,NexVox generated projection excluded to prevent recursive training duplication
CWTV-FVER-001143,cd909b3fd7efdbc4bdeb8cb38ff3c436d52a085b,68,M,nexvox/engineering/narratives/engineering-methods.md,1f7b94a4474976decbca7c341c219bf58c005d5f,58a3669a2b97cca857ba309c79a7c59e1e3993a1559ad37cdebd2ace2f173950,888,15,REFERENCE_ONLY,NexVox generated projection excluded to prevent recursive training duplication
CWTV-FVER-001144,cd909b3fd7efdbc4bdeb8cb38ff3c436d52a085b,68,M,nexvox/engineering/narratives/failures-corrections-lessons.md,9293375305b353e0088493a7e75c682ccbae5303,e46f92a178f7dd48d047028901e40526e453b34cb3ffe06a26d1963785b26f96,16289,365,REFERENCE_ONLY,NexVox generated projection excluded to prevent recursive training duplication
CWTV-FVER-001145,7769eb87ff110503f96ad88c77a97566ff45b6ad,69,M,apps/web/src/app/globals.css,8f7662b5c4b19f1fbe46722902f20f831a402936,615489d999cd723aa712bd38278e14a5fdd2fcd5240be2f13625585ddba40bf9,1745,60,TRAINING_ELIGIBLE,"CineWatch-owned source, test, governance, or engineering documentation"
CWTV-FVER-001146,7769eb87ff110503f96ad88c77a97566ff45b6ad,69,A,apps/web/src/components/catalog/LogoArtwork.module.css,4686c6542863bacd24e7733af2f40a4e5b1c4cd2,1fc3f911b7f11bb57bd3e1c7274c22b9e86941b467fa85373143ce8ddd18c86b,512,5,TRAINING_ELIGIBLE,"CineWatch-owned source, test, governance, or engineering documentation"
CWTV-FVER-001147,7769eb87ff110503f96ad88c77a97566ff45b6ad,69,A,apps/web/src/components/catalog/LogoArtwork.tsx,24fc704523d13de3b051a3caf408760251104d63,cad2e88e8bb8854478dab061b3a5bccf72a16517ef809c204e49d42d6ea9f7dd,725,14,TRAINING_ELIGIBLE,"CineWatch-owned source, test, governance, or engineering documentation"
CWTV-FVER-001148,7769eb87ff110503f96ad88c77a97566ff45b6ad,69,M,apps/web/src/components/catalog/MediaIdentity.module.css,dd99f603c1e4515a57979272beeca42d705ef368,91874c077e69ccd986c793e3fc02238c35a9ef41b166895c1f5a558212444f2e,587,4,TRAINING_ELIGIBLE,"CineWatch-owned source, test, governance, or engineering documentation"
CWTV-FVER-001149,7769eb87ff110503f96ad88c77a97566ff45b6ad,69,M,apps/web/src/components/catalog/OrganizationDirectory.module.css,83b9ace0d9e9d3e1317f835f33ce76acb4f83699,efbb8a3fc9ca1aa49c23c1d97c4abe2c531e2e4bb20d37d08220bac8a65d05dc,4317,24,TRAINING_ELIGIBLE,"CineWatch-owned source, test, governance, or engineering documentation"
CWTV-FVER-001150,7769eb87ff110503f96ad88c77a97566ff45b6ad,69,M,apps/web/src/components/catalog/OrganizationDirectory.tsx,c01b5d769f77141974882e430e37e4f7867d8e84,d7f633f09db9107f52eb620862758e0432769e361cf5da458eadc34e1e7fb4e9,4723,58,TRAINING_ELIGIBLE,"CineWatch-owned source, test, governance, or engineering documentation"
CWTV-FVER-001151,7769eb87ff110503f96ad88c77a97566ff45b6ad,69,M,apps/web/src/components/catalog/TitleDetails.module.css,84e3810177bb674aeda8d4b26c809721212eabb1,526bc39f1db2d06a2c7048be71e3d4d6b599e72646fb23e46cdb4bae2e6f8705,10955,68,TRAINING_ELIGIBLE,"CineWatch-owned source, test, governance, or engineering documentation"
CWTV-FVER-001152,7769eb87ff110503f96ad88c77a97566ff45b6ad,69,M,apps/web/src/components/home/HomepageExperience.module.css,ff8c802ededb235e4d71428d1d2ac6c6e5121e3a,2aab6449a3c8cf51f2965eebbb62ed08248c4c83f6c48b7add6679215c0c757a,14931,287,TRAINING_ELIGIBLE,"CineWatch-owned source, test, governance, or engineering documentation"
CWTV-FVER-001153,7769eb87ff110503f96ad88c77a97566ff45b6ad,69,M,apps/web/src/components/home/HomepageExperience.tsx,4f1698f59af15b6dc357190ebdff31192ed0c30c,1086a8ff39c35d45cb39dd8dc422dfb30d867b9ef3128ef8b74456c4a1511886,13800,277,TRAINING_ELIGIBLE,"CineWatch-owned source, test, governance, or engineering documentation"
CWTV-FVER-001154,7769eb87ff110503f96ad88c77a97566ff45b6ad,69,M,apps/web/src/components/site/SiteFrame.module.css,4ea516bcd7cd9f251afcff69da8a36f3da4d6ba5,f4a7f1819e47b92e5a56052d662dc871bb742debac81b583c3458a462f803565,10621,45,TRAINING_ELIGIBLE,"CineWatch-owned source, test, governance, or engineering documentation"
CWTV-FVER-001155,7769eb87ff110503f96ad88c77a97566ff45b6ad,69,A,apps/web/src/lib/presentation/logo-matte.ts,5f5bdf55fccb273e0ae14efdd4cf14398336bb7c,140fd2029de284e4df374681186017ab54ef217d814586632472394cb05a5287,1137,26,TRAINING_ELIGIBLE,"CineWatch-owned source, test, governance, or engineering documentation"
CWTV-FVER-001156,7769eb87ff110503f96ad88c77a97566ff45b6ad,69,M,docs/progress/CineWatch_TV_Engineering_Chronicle.md,01dea768a3fa94e38558592979a1db65ab603d73,c043e641ec941d88fb14ec7ad728b9f6f8646413984647c38a6c5e696f85f5b2,119480,526,REFERENCE_ONLY,canonical/reference/generated artifact retained for provenance but excluded from training text
CWTV-FVER-001157,7769eb87ff110503f96ad88c77a97566ff45b6ad,69,M,docs/progress/activity/engineering-events.jsonl,3050a88d21edb6f619085e48371a574a673c89ab,30e57bfb62716f7925e479b34c2809505da9ec9f0c94c49b794a16d642aa7418,299630,358,TRAINING_ELIGIBLE,"CineWatch-owned source, test, governance, or engineering documentation"
CWTV-FVER-001158,7769eb87ff110503f96ad88c77a97566ff45b6ad,69,M,docs/progress/dashboard/progress-data.json,a3474d8648fb56d5c28cf8d0163009fdd181fa4d,16c21af63da9d486df6ae316382f564a1aa4eacac125440476460d511445968d,496809,11916,REFERENCE_ONLY,canonical/reference/generated artifact retained for provenance but excluded from training text
CWTV-FVER-001159,7769eb87ff110503f96ad88c77a97566ff45b6ad,69,A,tests/repository/test_theme_visibility.py,3e103f9779441f2be3994b353cada45f2b53442b,51fa6bbb53d210215cfedae3e975a8c404e1d2d5b79f90bc323e881bba381280,4345,94,TRAINING_ELIGIBLE,"CineWatch-owned source, test, governance, or engineering documentation"
CWTV-FVER-001160,8ef1fd0e4184745ff122d54b93b0eb900aa204ea,70,M,nexvox/engineering/DATASET_CARD.md,41c113389e6182602eabff5225f0ac3e870b1114,3ce6c0e88fdafe65670d3ef0568e9cddc44a69c9311369aaae20c7f6fe737989,1508,37,REFERENCE_ONLY,NexVox generated projection excluded to prevent recursive training duplication
CWTV-FVER-001161,8ef1fd0e4184745ff122d54b93b0eb900aa204ea,70,M,nexvox/engineering/checksums.sha256,cc9ca40117c7e704853a7ae6171542b0a03a5d5e,240bab4cf751278c5bf34722cffc1bfc7ff36409413536dd8122bcde8e074a01,2696,,REFERENCE_ONLY,NexVox generated projection excluded to prevent recursive training duplication
CWTV-FVER-001162,8ef1fd0e4184745ff122d54b93b0eb900aa204ea,70,M,nexvox/engineering/datasets/commit-changes.csv,55162dc797bd52a45504e42ef7b38c448ebd322e,9240a62c21c237b3f93ae5eb813ac89028cb43176dd7bf517f98fd39c34be93a,153486,,REFERENCE_ONLY,NexVox generated projection excluded to prevent recursive training duplication
CWTV-FVER-001163,8ef1fd0e4184745ff122d54b93b0eb900aa204ea,70,M,nexvox/engineering/datasets/commits.csv,cd0bb3d6b7d2c6be9430f2000fcff772996a032c,6c218a74ff00c2df53ec76e157470242ca829b20b32c014f0e4f77ab1092b12b,16223,,REFERENCE_ONLY,NexVox generated projection excluded to prevent recursive training duplication
CWTV-FVER-001164,8ef1fd0e4184745ff122d54b93b0eb900aa204ea,70,M,nexvox/engineering/datasets/decisions.csv,1802e89c90e7b225a2119be815f6ec019f652039,553b00056008df21e441ed45a07bd1539ede13ee97f7fff9d63274720fd4450a,9307,,REFERENCE_ONLY,NexVox generated projection excluded to prevent recursive training duplication
CWTV-FVER-001165,8ef1fd0e4184745ff122d54b93b0eb900aa204ea,70,M,nexvox/engineering/datasets/dependencies.csv,8a2de35c3deb75a94d4287ce91300e3e8981deca,a015baa9dcf7beabceb18beb0c0f623ac1c643310fdb806f94b45f964c50d7de,94067,,REFERENCE_ONLY,NexVox generated projection excluded to prevent recursive training duplication
CWTV-FVER-001166,8ef1fd0e4184745ff122d54b93b0eb900aa204ea,70,M,nexvox/engineering/datasets/failure-correction-chains.csv,4e4f01899949d77c677555102001c25e047d7984,f6ce4a1a37d6d4b332f7b26918503729fa28ff5ecb8c947b7bd02cf8adc88a88,32193,,REFERENCE_ONLY,NexVox generated projection excluded to prevent recursive training duplication
CWTV-FVER-001167,8ef1fd0e4184745ff122d54b93b0eb900aa204ea,70,M,nexvox/engineering/datasets/history-records.jsonl,3e1ee9c300c2d6bbf065de9b7618d82541ec6896,d26db9d20ea7656b874059ac1f4976670dbe3bb2fddc95d225f5f7a9e6a1aa6b,2757152,575,REFERENCE_ONLY,NexVox generated projection excluded to prevent recursive training duplication
CWTV-FVER-001168,8ef1fd0e4184745ff122d54b93b0eb900aa204ea,70,M,nexvox/engineering/datasets/knowledge-records.jsonl,e3cdee1704cbed682bff38ba8f3eaabdc2c3e63b,b87da4b2321c0c76ef8b12672e08c03277bba321ba3cefd4ab0505c9f3374e1f,2307494,794,REFERENCE_ONLY,NexVox generated projection excluded to prevent recursive training duplication
CWTV-FVER-001169,8ef1fd0e4184745ff122d54b93b0eb900aa204ea,70,M,nexvox/engineering/datasets/milestones.csv,f786776acdd0576d22b547fd0b34203b54904c43,90ca253b98421f0914f821480ef8a916ab5a51b40dd1b9be517fedd469b5ef03,2237,,REFERENCE_ONLY,NexVox generated projection excluded to prevent recursive training duplication
CWTV-FVER-001170,8ef1fd0e4184745ff122d54b93b0eb900aa204ea,70,M,nexvox/engineering/datasets/qualifications.csv,16a1a166818a4b845eee63aca61afc4101076a8f,0023b00346ace4afa4d0c7b17537ad788d1dc768fb8aa7a3272766a3713e3767,24519,,REFERENCE_ONLY,NexVox generated projection excluded to prevent recursive training duplication
CWTV-FVER-001171,8ef1fd0e4184745ff122d54b93b0eb900aa204ea,70,M,nexvox/engineering/datasets/repository-file-versions.csv,b4f04cc5b9f5022bf1e7e0864b527761b71f23de,01970afcaf56771105883756457540e2332ee9f9702aaa6a1348540b73aefd83,369298,,REFERENCE_ONLY,NexVox generated projection excluded to prevent recursive training duplication
CWTV-FVER-001172,8ef1fd0e4184745ff122d54b93b0eb900aa204ea,70,M,nexvox/engineering/datasets/repository-files.csv,fbe3ca9f3af1fb089be51cea4e5c9a97848a5568,3d95f2a475621f7e35b7d6475af1e8daff65ad522be5961205b4ebeb1e2a27e6,136915,,REFERENCE_ONLY,NexVox generated projection excluded to prevent recursive training duplication
CWTV-FVER-001173,8ef1fd0e4184745ff122d54b93b0eb900aa204ea,70,M,nexvox/engineering/datasets/source-reconciliations.csv,a928f7b541c9ac46c8a5d8ff28f877f6b8fb1d81,d9947c2d8cfe19093711c3f2edb8710b383e6ca0510eb999a46e10f7b732a27e,3918,,REFERENCE_ONLY,NexVox generated projection excluded to prevent recursive training duplication
CWTV-FVER-001174,8ef1fd0e4184745ff122d54b93b0eb900aa204ea,70,M,nexvox/engineering/datasets/symbols.csv,e4394f7a5af59e8e4779eae2cf0b715d8db2a1c5,aa04d3110f14cd83abceecdab9117f18f354c20f9827a892c38c71d605819ce9,102984,,REFERENCE_ONLY,NexVox generated projection excluded to prevent recursive training duplication
CWTV-FVER-001175,8ef1fd0e4184745ff122d54b93b0eb900aa204ea,70,M,nexvox/engineering/manifests/corpus-manifest.yaml,f8e552ee404463ba88706fde4ae0cf92b5c97e61,b67743d57d562d405483688628dc64e6921169ed9a6d6f28adaca96b74831a17,517,18,REFERENCE_ONLY,NexVox generated projection excluded to prevent recursive training duplication
CWTV-FVER-001176,8ef1fd0e4184745ff122d54b93b0eb900aa204ea,70,M,nexvox/engineering/manifests/sync-state.yaml,5c34cf77418ba809d1fdd8a3096ea06fc1f91b4e,63ac648616c1373a08a48ce405c041c298b0cbebbc77c45fcbe766e2c6edac11,353,9,REFERENCE_ONLY,NexVox generated projection excluded to prevent recursive training duplication
CWTV-FVER-001177,8ef1fd0e4184745ff122d54b93b0eb900aa204ea,70,M,nexvox/engineering/narratives/architecture-decisions.md,cad0f42ea6b191b001708cc7acbf9dde9a335da1,66aa245837b90df43955501dccbe3472d6e1aeee5ce7428ee6de3d29d9d3bf22,8777,65,REFERENCE_ONLY,NexVox generated projection excluded to prevent recursive training duplication
CWTV-FVER-001178,8ef1fd0e4184745ff122d54b93b0eb900aa204ea,70,M,nexvox/engineering/narratives/engineering-history.md,380d2bad9a75dbedc4a13cd7ade0c2940a7b3e79,2e063c03965d014d202c47537d6317309d7e9f0f8e1423b2016429875ef3018d,6644,102,REFERENCE_ONLY,NexVox generated projection excluded to prevent recursive training duplication
CWTV-FVER-001179,8ef1fd0e4184745ff122d54b93b0eb900aa204ea,70,M,nexvox/engineering/narratives/engineering-methods.md,df83d21cb8e222c00d4814c7a0b6b6cd8ac3fb08,b4d49c214ec7a13e0a5011e8d5d8300773721403fd4c38c92e5dc9856886e632,888,15,REFERENCE_ONLY,NexVox generated projection excluded to prevent recursive training duplication
CWTV-FVER-001180,8ef1fd0e4184745ff122d54b93b0eb900aa204ea,70,M,nexvox/engineering/narratives/failures-corrections-lessons.md,b51a935db7acb80ea4a676f6ddf87e473a1387e0,582283e3a5e7dee100af2d3ef2396e876ee6b208cbade5dc17591be3cf263838,20343,413,REFERENCE_ONLY,NexVox generated projection excluded to prevent recursive training duplication
CWTV-FVER-001181,60b73b71a292792dc78a33c1469f5da2df9cf028,71,M,docs/progress/CineWatch_TV_Engineering_Chronicle.md,b0aed7657861725e3ad623e6bdf7865e5f3cd8f8,2942711f00959a7fe79a1e16d6726cda798a94ae35eabf0bea7693862bd0e303,121434,532,REFERENCE_ONLY,canonical/reference/generated artifact retained for provenance but excluded from training text
CWTV-FVER-001182,60b73b71a292792dc78a33c1469f5da2df9cf028,71,M,docs/progress/activity/engineering-events.jsonl,d6846cbcb4369b11ca92326b1d1e46cab7bc4dd9,fa7b2f9e0be3012a6e9caf9128250342610f14d92c38a4524db6296687e37916,303908,363,TRAINING_ELIGIBLE,"CineWatch-owned source, test, governance, or engineering documentation"
CWTV-FVER-001183,60b73b71a292792dc78a33c1469f5da2df9cf028,71,M,docs/progress/dashboard/progress-data.json,f863a0d0961806c85bf893f029558dc3688d23c0,fbe9f5c37fad8ca93b65265ab0e06540e1ab2bb83f515b827637f100f55f05f5,502958,12054,REFERENCE_ONLY,canonical/reference/generated artifact retained for provenance but excluded from training text
CWTV-FVER-001184,f8cbc848e65f58cf87250aa53c0169a6cab66825,72,M,nexvox/engineering/DATASET_CARD.md,35607cf0641010db28478f4ebd493fc18cf5c689,ab7d7ac49400e57ee6e64f40fe6c8a02525c9d706ae8a1f20e4d3267d19aa3f1,1508,37,REFERENCE_ONLY,NexVox generated projection excluded to prevent recursive training duplication
CWTV-FVER-001185,f8cbc848e65f58cf87250aa53c0169a6cab66825,72,M,nexvox/engineering/checksums.sha256,1b2bf22a0c866b7d64a61b6b7f0a5bfc6f38a2d3,d43d8a7a72e49c1f9e5a98f5dbef55649174e15f53b17922f98fd5ddf7b7ca7f,2696,,REFERENCE_ONLY,NexVox generated projection excluded to prevent recursive training duplication
CWTV-FVER-001186,f8cbc848e65f58cf87250aa53c0169a6cab66825,72,M,nexvox/engineering/datasets/commit-changes.csv,1fbb72c236a461c1fc3c64ca290c8a1597007ba9,803d3d2689312b0eeff242c68dfa35b0c1e8187aea509e113b788024dfb5ebb5,156646,,REFERENCE_ONLY,NexVox generated projection excluded to prevent recursive training duplication
CWTV-FVER-001187,f8cbc848e65f58cf87250aa53c0169a6cab66825,72,M,nexvox/engineering/datasets/commits.csv,9f412209d6e4a251a226c9e76640af4bc550ad12,df123427f1b22440e4b00fc7e5b8ff69640ead0380a9be9f7b5930e500ab6e8d,16710,,REFERENCE_ONLY,NexVox generated projection excluded to prevent recursive training duplication
CWTV-FVER-001188,f8cbc848e65f58cf87250aa53c0169a6cab66825,72,M,nexvox/engineering/datasets/decisions.csv,1f75f274bb62223a50c7f04b56f60081c54c646d,d6968ae27084299b770fab852482f7b13fe1a16338d1d197b72eb8b59d367fb2,9307,,REFERENCE_ONLY,NexVox generated projection excluded to prevent recursive training duplication
CWTV-FVER-001189,f8cbc848e65f58cf87250aa53c0169a6cab66825,72,M,nexvox/engineering/datasets/history-records.jsonl,06d3a0d6cde2a19d66121fcd5067774f6be45692,c07e6f7636174a5d11144b38aedbd458bd1c6cda3d8e4fee87a2715413c7abfc,2765546,576,REFERENCE_ONLY,NexVox generated projection excluded to prevent recursive training duplication
CWTV-FVER-001190,f8cbc848e65f58cf87250aa53c0169a6cab66825,72,M,nexvox/engineering/datasets/knowledge-records.jsonl,7260f8e244e71f5834a357627bdd75eee57d43ea,4c6b558e9d11aa9677e79104d7221fd00874db19944a945c306ded6525ea4721,2312563,795,REFERENCE_ONLY,NexVox generated projection excluded to prevent recursive training duplication
CWTV-FVER-001191,f8cbc848e65f58cf87250aa53c0169a6cab66825,72,M,nexvox/engineering/datasets/milestones.csv,6c7d8c6fc055fb030c149fc9af23a109a4ec6495,dc950e09528f9d0c7a6a532fac8034aeb3179179e445a33370390091182fa868,2227,,REFERENCE_ONLY,NexVox generated projection excluded to prevent recursive training duplication
CWTV-FVER-001192,f8cbc848e65f58cf87250aa53c0169a6cab66825,72,M,nexvox/engineering/datasets/repository-file-versions.csv,93986e76553f95453b4ff46610cf4fdd996d7fa7,c998c8ebdc4e644dde7b966dddd1907ad9c4c6a5b9d73b1b32a10f891c022bae,376995,,REFERENCE_ONLY,NexVox generated projection excluded to prevent recursive training duplication
CWTV-FVER-001193,f8cbc848e65f58cf87250aa53c0169a6cab66825,72,M,nexvox/engineering/datasets/repository-files.csv,8b352324a45770aadc2699fd1cee14a7e57d3366,4a93a9e4ddbaa5e14e027a787176dd2024cd0e45f47b875340966dbf3fdbcef2,136916,,REFERENCE_ONLY,NexVox generated projection excluded to prevent recursive training duplication
CWTV-FVER-001194,f8cbc848e65f58cf87250aa53c0169a6cab66825,72,M,nexvox/engineering/datasets/source-reconciliations.csv,512fd4dd012b01addff552fcbf438a3965093a31,604b816661c91d28784599ba51c2d6280f305135545e688c2c713b2106010374,3918,,REFERENCE_ONLY,NexVox generated projection excluded to prevent recursive training duplication
CWTV-FVER-001195,f8cbc848e65f58cf87250aa53c0169a6cab66825,72,M,nexvox/engineering/manifests/corpus-manifest.yaml,b5b772642dc4f0b85e2de498fd91be528a591362,9fa49d0425fdf6e301c0b31624c4c4af92029338787fd79b260d6b1058fd7581,517,18,REFERENCE_ONLY,NexVox generated projection excluded to prevent recursive training duplication
CWTV-FVER-001196,f8cbc848e65f58cf87250aa53c0169a6cab66825,72,M,nexvox/engineering/manifests/sync-state.yaml,ba3c57865fca4b8c9c511219874047ca2620b3cf,a01887e702d2ed2f58e80c18dbd7ec148b881207968b965efedccdac93c3a5fc,353,9,REFERENCE_ONLY,NexVox generated projection excluded to prevent recursive training duplication
CWTV-FVER-001197,f8cbc848e65f58cf87250aa53c0169a6cab66825,72,M,nexvox/engineering/narratives/architecture-decisions.md,8eb6552d0771b8dc995c9f06a9c0ce95c209074f,70bb0419acf881ae452b33db03be54f9d658e2f4a1361413af8fa30d21727f14,8777,65,REFERENCE_ONLY,NexVox generated projection excluded to prevent recursive training duplication
CWTV-FVER-001198,f8cbc848e65f58cf87250aa53c0169a6cab66825,72,M,nexvox/engineering/narratives/engineering-history.md,909652564bc01f1b6b7344dab25214f020a31f37,ae9b894447b4fc43b1cc7aacfe975d0650927803bc75036cfffa2586c9a15123,6804,104,REFERENCE_ONLY,NexVox generated projection excluded to prevent recursive training duplication
CWTV-FVER-001199,f8cbc848e65f58cf87250aa53c0169a6cab66825,72,M,nexvox/engineering/narratives/engineering-methods.md,9581fbdf17103836e563f746ef3124a477d2cfa8,269efe57c252674308e21aeb81186dfbf098abab4be403d933feed4753a9c284,888,15,REFERENCE_ONLY,NexVox generated projection excluded to prevent recursive training duplication
CWTV-FVER-001200,f8cbc848e65f58cf87250aa53c0169a6cab66825,72,M,nexvox/engineering/narratives/failures-corrections-lessons.md,745d3b3ce2d6008bcd1d681f69431368e6f27249,81f48f93857fedf1e0bb0a9c439b9cdfac5223838b0bc47466953b11d29ed3f6,20343,413,REFERENCE_ONLY,NexVox generated projection excluded to prevent recursive training duplication
CWTV-FVER-001201,5f1b5254c1f53c935de5346df43852f068cd114e,73,M,docs/progress/CineWatch_TV_Engineering_Chronicle.md,2cc57d922600eab73e4fcf61e0a9132276b2daa8,c1578ec105d8913e18d468943cda0b34c909226c72978fe24a41ee1cf2ce9e86,130066,552,REFERENCE_ONLY,canonical/reference/generated artifact retained for provenance but excluded from training text
CWTV-FVER-001202,5f1b5254c1f53c935de5346df43852f068cd114e,73,M,docs/progress/activity/engineering-events.jsonl,a99ebff9ce1539e6ec9ce12991281e7285c85bb7,03da3b8fc5c83c85022b11a5ca271b8f787ced116073c918e0e20fb34f53e89f,322535,381,TRAINING_ELIGIBLE,"CineWatch-owned source, test, governance, or engineering documentation"
CWTV-FVER-001203,5f1b5254c1f53c935de5346df43852f068cd114e,73,M,docs/progress/dashboard/progress-data.json,9f1f8dd52a43312763d0f3600113200225a89570,cb9ae86c8f7ed975d1cf943a05e37b8db0fcbc1b67fb9e4725ee8ef212158508,527580,12559,REFERENCE_ONLY,canonical/reference/generated artifact retained for provenance but excluded from training text
